# t/t_ref = 32.9998 (step 391314), Re = 1000, Ma = 0.1, 32^2 Q2 elements
# x y u/U0 v/U0 psi/(U0 L) rho-rho0
0 0 0 0 0 0.000453352 
0.00730325 0 0 0 0 0.000453932 
0.0146065 0 0 0 0 0.000453927 
0.0228517 0 0 0 0 0.00045511 
0.031097 0 0 0 0 0.000454896 
0.0403673 0 0 0 0 0.000455843 
0.0496377 0 0 0 0 0.000455252 
0.0600123 0 0 0 0 0.00045523 
0.0703869 0 0 0 0 0.000454572 
0.0819372 0 0 0 0 0.000453133 
0.0934875 0 0 0 0 0.00045286 
0.106272 0 0 0 0 0.000449751 
0.119057 0 0 0 0 0.000450257 
0.133119 0 0 0 0 0.000445353 
0.14718 0 0 0 0 0.000446834 
0.162537 0 0 0 0 0.000439959 
0.177894 0 0 0 0 0.000442421 
0.194538 0 0 0 0 0.000433117 
0.211181 0 0 0 0 0.00043656 
0.22907 0 0 0 0 0.00042406 
0.246958 0 0 0 0 0.00042863 
0.266013 0 0 0 0 0.00041225 
0.285068 0 0 0 0 0.000418192 
0.305174 0 0 0 0 0.000398035 
0.32528 0 0 0 0 0.000405559 
0.346282 0 0 0 0 0.000383315 
0.367284 0 0 0 0 0.000392575 
0.388994 0 0 0 0 0.000372037 
0.410703 0 0 0 0 0.000383145 
0.432902 0 0 0 0 0.000369669 
0.455101 0 0 0 0 0.000382335 
0.477551 0 0 0 0 0.000380822 
0.5 0 0 0 0 0.000393367 
0.522449 0 0 0 0 0.000405549 
0.544899 0 0 0 0 0.000413987 
0.567098 0 0 0 0 0.00043676 
0.589297 0 0 0 0 0.000435606 
0.611006 0 0 0 0 0.000461983 
0.632716 0 0 0 0 0.000447524 
0.653718 0 0 0 0 0.00047009 
0.67472 0 0 0 0 0.000443857 
0.694826 0 0 0 0 0.000458359 
0.714932 0 0 0 0 0.000427064 
0.733987 0 0 0 0 0.000433512 
0.753042 0 0 0 0 0.000404948 
0.77093 0 0 0 0 0.000405957 
0.788819 0 0 0 0 0.00038479 
0.805462 0 0 0 0 0.000383235 
0.822106 0 0 0 0 0.00037006 
0.837463 0 0 0 0 0.000367838 
0.85282 0 0 0 0 0.000360876 
0.866881 0 0 0 0 0.000358839 
0.880943 0 0 0 0 0.00035588 
0.893728 0 0 0 0 0.000354235 
0.906513 0 0 0 0 0.00035363 
0.918063 0 0 0 0 0.000352354 
0.929613 0 0 0 0 0.000353136 
0.939988 0 0 0 0 0.000352252 
0.950362 0 0 0 0 0.000353858 
0.959633 0 0 0 0 0.000353506 
0.968903 0 0 0 0 0.000355393 
0.977148 0 0 0 0 0.000355645 
0.985394 0 0 0 0 0.000356944 
0.992697 0 0 0 0 0.000357365 
1 0 0 0 0 0.000357368 

0 0.00730325 0 0 0 0.000452931 
0.00730325 0.00730325 2.22506e-05 -2.28855e-05 -7.64228e-08 0.00045336 
0.0146065 0.00730325 8.57302e-05 -4.43126e-05 -3.14235e-07 0.000452812 
0.0228517 0.00730325 0.000219279 -7.51949e-05 -8.07733e-07 0.000453292 
0.031097 0.00730325 0.000400332 -8.97324e-05 -1.48929e-06 0.000452528 
0.0403673 0.00730325 0.000637932 -0.000106245 -2.40166e-06 0.000452836 
0.0496377 0.00730325 0.000900917 -0.000104746 -3.38002e-06 0.000452163 
0.0600123 0.00730325 0.00117514 -0.000103423 -4.46237e-06 0.00045182 
0.0703869 0.00730325 0.00144709 -8.89123e-05 -5.45316e-06 0.000451521 
0.0819372 0.00730325 0.00167378 -7.32274e-05 -6.38954e-06 0.000450035 
0.0934875 0.00730325 0.00187639 -5.20049e-05 -7.09658e-06 0.000450351 
0.106272 0.00730325 0.00198022 -2.77104e-05 -7.60549e-06 0.000447324 
0.119057 0.00730325 0.00204978 -5.88533e-06 -7.79604e-06 0.000448443 
0.133119 0.00730325 0.00197934 2.16176e-05 -7.68946e-06 0.000443595 
0.14718 0.00730325 0.00187507 4.13305e-05 -7.21922e-06 0.000445639 
0.162537 0.00730325 0.00159541 7.0352e-05 -6.37954e-06 0.000438725 
0.177894 0.00730325 0.00128263 9.0242e-05 -5.12051e-06 0.000441793 
0.194538 0.00730325 0.00074068 0.000124795 -3.37247e-06 0.000432472 
0.211181 0.00730325 0.000151622 0.00014952 -1.06691e-06 0.000436706 
0.22907 0.00730325 -0.000757597 0.000196952 1.96304e-06 0.000424513 
0.246958 0.00730325 -0.0017511 0.000228191 5.78761e-06 0.000430094 
0.266013 0.00730325 -0.00317505 0.000293199 1.0667e-05 0.000414698 
0.285068 0.00730325 -0.00473778 0.000326484 1.65915e-05 0.000421734 
0.305174 0.00730325 -0.00680104 0.000405456 2.38674e-05 0.000403441 
0.32528 0.00730325 -0.00905204 0.000429892 3.22746e-05 0.000411849 
0.346282 0.00730325 -0.0117476 0.00050661 4.20754e-05 0.000392178 
0.367284 0.00730325 -0.01463 0.000505346 5.26859e-05 0.000401673 
0.388994 0.00730325 -0.0176922 0.000550422 6.42105e-05 0.000383677 
0.410703 0.00730325 -0.0208357 0.000503365 7.55954e-05 0.000393816 
0.432902 0.00730325 -0.0236657 0.000483636 8.67444e-05 0.000381651 
0.455101 0.00730325 -0.0263484 0.000375991 9.61916e-05 0.000391704 
0.477551 0.00730325 -0.0280995 0.000272625 0.000103782 0.000389169 
0.5 0.00730325 -0.0294196 0.000108955 0.000107931 0.000397578 
0.522449 0.00730325 -0.029294 -6.63485e-05 0.000108764 0.000406119 
0.544899 0.00730325 -0.0285446 -0.000250486 0.000105032 0.000410003 
0.567098 0.00730325 -0.0262127 -0.000451821 9.75269e-05 0.000427487 
0.589297 0.00730325 -0.0232955 -0.000594155 8.5706e-05 0.000423286 
0.611006 0.00730325 -0.0191967 -0.000756459 7.11864e-05 0.000444719 
0.632716 0.00730325 -0.014803 -0.000796832 5.41214e-05 0.000430384 
0.653718 0.00730325 -0.0100562 -0.00086715 3.66325e-05 0.000450349 
0.67472 0.00730325 -0.0054134 -0.000787351 1.91337e-05 0.000427492 
0.694826 0.00730325 -0.00129301 -0.000754127 3.53273e-06 0.000442543 
0.714932 0.00730325 0.00242635 -0.000592871 -1.00085e-05 0.000416163 
0.733987 0.00730325 0.00510424 -0.000489799 -2.04371e-05 0.000425521 
0.753042 0.00730325 0.00730216 -0.000314526 -2.80023e-05 0.000401209 
0.77093 0.00730325 0.00842985 -0.000194534 -3.2636e-05 0.000405867 
0.788819 0.00730325 0.00917873 -5.77623e-05 -3.47674e-05 0.000387076 
0.805462 0.00730325 0.00915017 3.95967e-05 -3.49668e-05 0.000388573 
0.822106 0.00730325 0.00890631 0.000120708 -3.35375e-05 0.000375989 
0.837463 0.00730325 0.00824428 0.000181908 -3.1246e-05 0.000375689 
0.85282 0.00730325 0.00750154 0.000216744 -2.81369e-05 0.000368266 
0.866881 0.00730325 0.00661123 0.000246908 -2.49049e-05 0.000367119 
0.880943 0.00730325 0.00571804 0.000253076 -2.13785e-05 0.000363334 
0.893728 0.00730325 0.00482919 0.000263346 -1.81027e-05 0.000361891 
0.906513 0.00730325 0.00397192 0.000254243 -1.48011e-05 0.000360447 
0.918063 0.00730325 0.00318835 0.00025283 -1.18922e-05 0.000358976 
0.929613 0.00730325 0.00245161 0.000233597 -9.09327e-06 0.000358944 
0.939988 0.00730325 0.00182091 0.000222322 -6.73864e-06 0.000357571 
0.950362 0.00730325 0.00125064 0.000191746 -4.59685e-06 0.000358254 
0.959633 0.00730325 0.000807382 0.000167945 -2.93227e-06 0.000357087 
0.968903 0.00730325 0.000439981 0.000124236 -1.58105e-06 0.000357876 
0.977148 0.00730325 0.000209082 8.80481e-05 -7.10322e-07 0.00035711 
0.985394 0.00730325 5.69946e-05 4.07428e-05 -1.87731e-07 0.000357514 
0.992697 0.00730325 1.09185e-05 1.10942e-05 -2.03083e-08 0.000357389 
1 0.00730325 0 0 0 0.00035727 

0 0.0146065 0 0 0 0.000453 
0.00730325 0.0146065 4.3496e-05 -8.61418e-05 -3.11793e-07 0.000454033 
0.0146065 0.0146065 0.000171403 -0.000172412 -1.255e-06 0.000453494 
0.0228517 0.0146065 0.000414431 -0.000275664 -3.12931e-06 0.00045491 
0.031097 0.0146065 0.000737513 -0.000335185 -5.66757e-06 0.000454279 
0.0403673 0.0146065 0.00115556 -0.000384506 -9.02756e-06 0.000455411 
0.0496377 0.0146065 0.00160619 -0.000383796 -1.26116e-05 0.000454651 
0.0600123 0.0146065 0.00208348 -0.000370842 -1.65419e-05 0.000454768 
0.0703869 0.0146065 0.00253415 -0.000318378 -2.01366e-05 0.000454158 
0.0819372 0.0146065 0.00292247 -0.00025709 -2.34639e-05 0.000452786 
0.0934875 0.0146065 0.00323157 -0.000173934 -2.59622e-05 0.000452708 
0.106272 0.0146065 0.00338968 -8.52633e-05 -2.76049e-05 0.00044959 
0.119057 0.0146065 0.00343496 6.4931e-06 -2.80981e-05 0.000450373 
0.133119 0.0146065 0.00325599 0.0001039 -2.72871e-05 0.000445378 
0.14718 0.0146065 0.00294905 0.00019316 -2.51643e-05 0.000447198 
0.162537 0.0146065 0.00235071 0.000294642 -2.13649e-05 0.000440134 
0.177894 0.0146065 0.00160798 0.000388474 -1.60608e-05 0.000443032 
0.194538 0.0146065 0.000475738 0.000509222 -8.50937e-06 0.000433435 
0.211181 0.0146065 -0.000846829 0.000624592 1.02238e-06 0.000437444 
0.22907 0.0146065 -0.00271672 0.000789646 1.38138e-05 0.000424589 
0.246958 0.0146065 -0.00486183 0.00093363 2.94004e-05 0.000429819 
0.266013 0.0146065 -0.0077408 0.00115594 4.95668e-05 0.000413121 
0.285068 0.0146065 -0.0109908 0.00131205 7.33809e-05 0.000419692 
0.305174 0.0146065 -0.0150871 0.00157305 0.000102803 0.000399393 
0.32528 0.0146065 -0.0195956 0.00169826 0.000136135 0.000407327 
0.346282 0.0146065 -0.0248396 0.00193465 0.000174854 0.000385243 
0.367284 0.0146065 -0.0303875 0.00196118 0.000216306 0.000394513 
0.388994 0.0146065 -0.036203 0.00206708 0.000260653 0.000374437 
0.410703 0.0146065 -0.041982 0.00191523 0.000304387 0.000385059 
0.432902 0.0146065 -0.0471964 0.00177983 0.000345901 0.000372125 
0.455101 0.0146065 -0.0518228 0.00139293 0.000381443 0.00038387 
0.477551 0.0146065 -0.0548974 0.000964956 0.000408128 0.000382583 
0.5 0.0146065 -0.0568033 0.000360583 0.000423061 0.000393999 
0.522449 0.0146065 -0.0564034 -0.000300109 0.000423606 0.000405742 
0.544899 0.0146065 -0.0545077 -0.000992516 0.000408871 0.000413214 
0.567098 0.0146065 -0.0501839 -0.00171091 0.000378414 0.000434857 
0.589297 0.0146065 -0.0445152 -0.00226846 0.000333772 0.0004333 
0.611006 0.0146065 -0.0371075 -0.00281384 0.000277952 0.000458284 
0.632716 0.0146065 -0.0289833 -0.00301943 0.000213972 0.000444154 
0.653718 0.0146065 -0.0204073 -0.00321498 0.000147812 0.000465747 
0.67472 0.0146065 -0.0119478 -0.00299321 8.18971e-05 0.00044031 
0.694826 0.0146065 -0.0043597 -0.00281259 2.29604e-05 0.000454769 
0.714932 0.0146065 0.0024567 -0.00228518 -2.88942e-05 0.000424185 
0.733987 0.0146065 0.00761602 -0.00185984 -6.87452e-05 0.000431512 
0.753042 0.0146065 0.0117598 -0.00125632 -9.88066e-05 0.000403177 
0.77093 0.0146065 0.0141975 -0.000781606 -0.000117185 0.000405533 
0.788819 0.0146065 0.0157526 -0.000291384 -0.00012692 0.000384134 
0.805462 0.0146065 0.0160537 8.88866e-05 -0.000128614 0.000383848 
0.822106 0.0146065 0.0157781 0.000393678 -0.000124586 0.000370275 
0.837463 0.0146065 0.0148209 0.000631814 -0.000116653 0.000368912 
0.85282 0.0146065 0.0135761 0.000774142 -0.000105781 0.000361651 
0.866881 0.0146065 0.0120942 0.000890999 -9.39972e-05 0.000360005 
0.880943 0.0146065 0.0105164 0.000928369 -8.11209e-05 0.000356955 
0.893728 0.0146065 0.00895964 0.000966339 -6.89359e-05 0.000355337 
0.906513 0.0146065 0.00740927 0.000945817 -5.66383e-05 0.000354829 
0.918063 0.0146065 0.00600125 0.000935904 -4.57059e-05 0.000353345 
0.929613 0.0146065 0.00465392 0.000877094 -3.51727e-05 0.000354339 
0.939988 0.0146065 0.00350339 0.000827215 -2.62733e-05 0.000353085 
0.950362 0.0146065 0.00245356 0.000726892 -1.8154e-05 0.000354935 
0.959633 0.0146065 0.0016288 0.000629953 -1.18114e-05 0.00035406 
0.968903 0.0146065 0.000940215 0.000480887 -6.60335e-06 0.000356154 
0.977148 0.0146065 0.000482276 0.000340343 -3.17773e-06 0.000355754 
0.985394 0.0146065 0.000174054 0.000171072 -1.01881e-06 0.00035726 
0.992697 0.0146065 4.15861e-05 5.73435e-05 -1.91869e-07 0.000357114 
1 0.0146065 0 0 0 0.000357659 

0 0.0228517 0 0 0 0.000451753 
0.00730325 0.0228517 7.48317e-05 -0.000220579 -8.03796e-07 0.000453403 
0.0146065 0.0228517 0.000275851 -0.000416494 -3.12801e-06 0.000451948 
0.0228517 0.0228517 0.000620545 -0.000621056 -7.44203e-06 0.000453328 
0.031097 0.0228517 0.00106023 -0.000750609 -1.31346e-05 0.000451786 
0.0403673 0.0228517 0.00161161 -0.000838348 -2.05522e-05 0.000452796 
0.0496377 0.0228517 0.00219849 -0.0008424 -2.83944e-05 0.000451509 
0.0600123 0.0228517 0.0028111 -0.000796876 -3.69429e-05 0.000451717 
0.0703869 0.0228517 0.00337905 -0.000685734 -4.46757e-05 0.000451049 
0.0819372 0.0228517 0.0038524 -0.000534078 -5.17431e-05 0.000449949 
0.0934875 0.0228517 0.00420246 -0.000346721 -5.68491e-05 0.000450175 
0.106272 0.0228517 0.00433146 -0.000133387 -5.99149e-05 0.000447365 
0.119057 0.0228517 0.00427836 8.46801e-05 -6.02205e-05 0.000448646 
0.133119 0.0228517 0.00389126 0.000320511 -5.73585e-05 0.000443866 
0.14718 0.0228517 0.00328437 0.000543673 -5.12692e-05 0.000446278 
0.162537 0.0228517 0.00223287 0.000794425 -4.10045e-05 0.000439312 
0.177894 0.0228517 0.000919741 0.00103536 -2.69654e-05 0.000442943 
0.194538 0.0228517 -0.000991107 0.00133515 -7.29124e-06 0.000433445 
0.211181 0.0228517 -0.00324649 0.00163086 1.7339e-05 0.000438496 
0.22907 0.0228517 -0.00632531 0.00202861 5.00029e-05 0.000425943 
0.246958 0.0228517 -0.00987925 0.00239695 8.95232e-05 0.000432661 
0.266013 0.0228517 -0.014502 0.00290533 0.000140037 0.000416644 
0.285068 0.0228517 -0.0197225 0.00330835 0.00019924 0.000425087 
0.305174 0.0228517 -0.0261238 0.00386225 0.000271484 0.00040587 
0.32528 0.0228517 -0.0331223 0.00419319 0.000352625 0.000415712 
0.346282 0.0228517 -0.0410727 0.0046297 0.000445678 0.000394842 
0.367284 0.0228517 -0.0493554 0.00471904 0.000544244 0.000405418 
0.388994 0.0228517 -0.057864 0.00480138 0.000648237 0.000386038 
0.410703 0.0228517 -0.0660982 0.00445904 0.000749387 0.000396599 
0.432902 0.0228517 -0.0733885 0.0039759 0.000843789 0.000383008 
0.455101 0.0228517 -0.0795603 0.00308399 0.000922901 0.000392794 
0.477551 0.0228517 -0.0835158 0.00198439 0.000980463 0.000388988 
0.5 0.0228517 -0.0855742 0.000605215 0.00101017 0.000396673 
0.522449 0.0228517 -0.0845538 -0.000920569 0.00100692 0.000404361 
0.544899 0.0228517 -0.0812871 -0.00248992 0.000968881 0.000407313 
0.567098 0.0228517 -0.0749238 -0.00403832 0.000896116 0.00042462 
0.589297 0.0228517 -0.0666205 -0.00532535 0.000791821 0.000419337 
0.611006 0.0228517 -0.0561721 -0.00642199 0.000663449 0.0004414 
0.632716 0.0228517 -0.0446867 -0.00697523 0.000517097 0.000425755 
0.653718 0.0228517 -0.0326733 -0.00728896 0.000366235 0.000447085 
0.67472 0.0228517 -0.0207672 -0.00693304 0.000215761 0.000422738 
0.694826 0.0228517 -0.00997238 -0.00644532 8.04358e-05 0.000439641 
0.714932 0.0228517 -0.000203827 -0.00539529 -3.94469e-05 0.000411887 
0.733987 0.0228517 0.00744019 -0.00439876 -0.000133108 0.000423223 
0.753042 0.0228517 0.0136639 -0.00310931 -0.000204972 0.000398017 
0.77093 0.0228517 0.0176337 -0.00202034 -0.000250789 0.000404375 
0.788819 0.0228517 0.0203029 -0.000904242 -0.000276857 0.000385326 
0.805462 0.0228517 0.0212398 -3.14918e-05 -0.000284405 0.000387943 
0.822106 0.0228517 0.0212694 0.000716892 -0.000278443 0.000375641 
0.837463 0.0228517 0.020295 0.00126837 -0.000262971 0.000375786 
0.85282 0.0228517 0.0188231 0.00166038 -0.000240245 0.000368973 
0.866881 0.0228517 0.0169531 0.00193455 -0.000214821 0.000367702 
0.880943 0.0228517 0.0148806 0.00207589 -0.000186473 0.000364669 
0.893728 0.0228517 0.0127879 0.00216482 -0.000159282 0.000362709 
0.906513 0.0228517 0.010665 0.00215603 -0.000131579 0.000362055 
0.918063 0.0228517 0.00871559 0.00212822 -0.000106784 0.000359813 
0.929613 0.0228517 0.0068333 0.00201873 -8.27803e-05 0.000360576 
0.939988 0.0228517 0.0052156 0.00189572 -6.24246e-05 0.000358266 
0.950362 0.0228517 0.00373052 0.00168829 -4.37816e-05 0.000359758 
0.959633 0.0228517 0.00255069 0.00146411 -2.9122e-05 0.000357571 
0.968903 0.0228517 0.0015502 0.00115283 -1.69452e-05 0.000359233 
0.977148 0.0228517 0.000853129 0.00084339 -8.702e-06 0.000357435 
0.985394 0.0228517 0.000349342 0.000483058 -3.22128e-06 0.000358911 
0.992697 0.0228517 9.07828e-05 0.000214509 -7.31631e-07 0.000357685 
1 0.0228517 0 0 0 0.000359059 

0 0.031097 0 0 0 0.000452097 
0.00730325 0.031097 8.97778e-05 -0.00040197 -1.48822e-06 0.000454342 
0.0146065 0.031097 0.000337801 -0.000740406 -5.67852e-06 0.00045279 
0.0228517 0.031097 0.000754581 -0.00106076 -1.31594e-05 0.00045511 
0.031097 0.031097 0.00127232 -0.0012653 -2.27993e-05 0.00045361 
0.0403673 0.031097 0.00190754 -0.0013923 -3.51799e-05 0.000455414 
0.0496377 0.031097 0.00257067 -0.0013927 -4.81462e-05 0.000454034 
0.0600123 0.031097 0.00324788 -0.00129886 -6.21481e-05 0.000454693 
0.0703869 0.031097 0.00385614 -0.00110521 -7.46559e-05 0.000453736 
0.0819372 0.031097 0.00433191 -0.000830999 -8.58371e-05 0.00045273 
0.0934875 0.031097 0.00463951 -0.000501757 -9.35295e-05 0.000452576 
0.106272 0.031097 0.0046545 -0.000118743 -9.74434e-05 0.000449598 
0.119057 0.031097 0.00441949 0.00027388 -9.63894e-05 0.000450551 
0.133119 0.031097 0.00373937 0.000702087 -8.94273e-05 0.000445448 
0.14718 0.031097 0.00274672 0.00111584 -7.65247e-05 0.00044766 
0.162537 0.031097 0.00115099 0.00157822 -5.5704e-05 0.000440223 
0.177894 0.031097 -0.000827983 0.00203258 -2.78063e-05 0.000443761 
0.194538 0.031097 -0.00362217 0.00258575 1.08125e-05 0.000433483 
0.211181 0.031097 -0.00691713 0.00314042 5.87091e-05 0.000438451 
0.22907 0.031097 -0.0113177 0.00385888 0.00012164 0.000424558 
0.246958 0.031097 -0.0163803 0.00454007 0.000197162 0.000431117 
0.266013 0.031097 -0.0228335 0.00542624 0.000292719 0.00041304 
0.285068 0.031097 -0.0300677 0.00615988 0.000403765 0.000421236 
0.305174 0.031097 -0.0387644 0.00707489 0.000537776 0.000399392 
0.32528 0.031097 -0.0481593 0.00766138 0.000686863 0.000409016 
0.346282 0.031097 -0.0586206 0.00830394 0.000855779 0.000385533 
0.367284 0.031097 -0.0693307 0.00843621 0.00103269 0.000396234 
0.388994 0.031097 -0.0801038 0.00840841 0.00121683 0.000375152 
0.410703 0.031097 -0.0902753 0.00776287 0.00139342 0.000386671 
0.432902 0.031097 -0.0990589 0.00675371 0.00155551 0.00037309 
0.455101 0.031097 -0.1062 0.00515921 0.00168847 0.000385052 
0.477551 0.031097 -0.110526 0.00315349 0.00178216 0.000383219 
0.5 0.031097 -0.112368 0.000755676 0.00182631 0.00039417 
0.522449 0.031097 -0.110548 -0.0018743 0.00181346 0.000405315 
0.544899 0.031097 -0.105966 -0.0045592 0.001741 0.000411781 
0.567098 0.031097 -0.097842 -0.00713481 0.00161031 0.000432983 
0.589297 0.031097 -0.0874046 -0.009338 0.00142666 0.000430118 
0.611006 0.031097 -0.074555 -0.0111092 0.00120335 0.0004553 
0.632716 0.031097 -0.0604584 -0.0121111 0.000949944 0.000439772 
0.653718 0.031097 -0.0457553 -0.0125754 0.000689178 0.000462587 
0.67472 0.031097 -0.0311133 -0.0120843 0.000428604 0.000435751 
0.694826 0.031097 -0.0177009 -0.0112298 0.000192923 0.000452379 
0.714932 0.031097 -0.00542504 -0.00956132 -1.75154e-05 0.000420424 
0.733987 0.031097 0.00442679 -0.00786065 -0.000184326 0.000430313 
0.753042 0.031097 0.0126229 -0.00572703 -0.000314673 0.000400727 
0.77093 0.031097 0.0181567 -0.00385602 -0.000400731 0.000405332 
0.788819 0.031097 0.0220956 -0.00193974 -0.000452903 0.000382994 
0.805462 0.031097 0.0238961 -0.000415204 -0.000472545 0.000384171 
0.822106 0.031097 0.0245144 0.000926509 -0.000468275 0.000370145 
0.837463 0.031097 0.0238159 0.00191351 -0.000446386 0.000369355 
0.85282 0.031097 0.0224154 0.00266039 -0.000411117 0.000362175 
0.866881 0.031097 0.0204305 0.00316935 -0.000370021 0.000360378 
0.880943 0.031097 0.0181188 0.00347531 -0.000323147 0.000357852 
0.893728 0.031097 0.0157108 0.00365407 -0.000277467 0.000355613 
0.906513 0.031097 0.0132135 0.00368228 -0.000230438 0.00035592 
0.918063 0.031097 0.0108875 0.00364632 -0.000188009 0.000353544 
0.929613 0.031097 0.00861377 0.00348497 -0.000146709 0.000355499 
0.939988 0.031097 0.0066423 0.00327725 -0.000111518 0.000353182 
0.950362 0.031097 0.00481494 0.00294125 -7.91416e-05 0.000356028 
0.959633 0.031097 0.00334579 0.00256327 -5.35131e-05 0.000353946 
0.968903 0.031097 0.00208142 0.00205464 -3.19851e-05 0.000357079 
0.977148 0.031097 0.00117446 0.00154105 -1.70831e-05 0.00035532 
0.985394 0.031097 0.000496741 0.000947182 -6.74109e-06 0.000358235 
0.992697 0.031097 0.000128529 0.000451747 -1.63557e-06 0.000356655 
1 0.031097 0 0 0 0.000359124 

0 0.0403673 0 0 0 0.000450968 
0.00730325 0.0403673 0.000108147 -0.000645091 -2.41437e-06 0.000453817 
0.0146065 0.0403673 0.000392381 -0.00116559 -9.08784e-06 0.000451411 
0.0228517 0.0403673 0.00085167 -0.00161973 -2.06723e-05 0.000453778 
0.031097 0.0403673 0.00141305 -0.00190537 -3.5308e-05 0.000451454 
0.0403673 0.0403673 0.00208099 -0.00206153 -5.38208e-05 0.000453202 
0.0496377 0.0403673 0.00276088 -0.00204166 -7.2966e-05 0.000451321 
0.0600123 0.0403673 0.0034265 -0.0018671 -9.33552e-05 0.000452072 
0.0703869 0.0403673 0.00399355 -0.00155334 -0.000111211 0.000451022 
0.0819372 0.0403673 0.00437618 -0.00110144 -0.000126615 0.000450294 
0.0934875 0.0403673 0.00454306 -0.000572097 -0.000136351 0.000450416 
0.106272 0.0403673 0.00433137 5.66749e-05 -0.000139668 0.000447796 
0.119057 0.0403673 0.00379854 0.00070096 -0.000134848 0.000449306 
0.133119 0.0403673 0.00268918 0.00141628 -0.000119967 0.000444512 
0.14718 0.0403673 0.00116668 0.00211598 -9.51402e-05 0.000447533 
0.162537 0.0403673 -0.00114814 0.00290437 -5.66446e-05 0.000440298 
0.177894 0.0403673 -0.00398243 0.0036883 -6.07869e-06 0.000444986 
0.194538 0.0403673 -0.00788895 0.00463231 6.30339e-05 0.000434855 
0.211181 0.0403673 -0.0124696 0.00558464 0.000147927 0.000441493 
0.22907 0.0403673 -0.0184731 0.00677963 0.000258393 0.000427799 
0.246958 0.0403673 -0.0253316 0.00792467 0.000389793 0.000436631 
0.266013 0.0403673 -0.0339079 0.00933473 0.000554307 0.000418856 
0.285068 0.0403673 -0.0434217 0.0105284 0.000743636 0.00042969 
0.305174 0.0403673 -0.0546277 0.0118841 0.000969436 0.00040813 
0.32528 0.0403673 -0.0665551 0.0127769 0.00121784 0.000420101 
0.346282 0.0403673 -0.079548 0.0135736 0.00149558 0.00039653 
0.367284 0.0403673 -0.0925891 0.0136649 0.00178264 0.000408395 
0.388994 0.0403673 -0.105396 0.0133154 0.00207698 0.000386346 
0.410703 0.0403673 -0.117177 0.012135 0.0023547 0.000397169 
0.432902 0.0403673 -0.127057 0.0102694 0.00260493 0.00038138 
0.455101 0.0403673 -0.134762 0.00764128 0.00280526 0.000390745 
0.477551 0.0403673 -0.139107 0.00436672 0.00294119 0.000385557 
0.5 0.0403673 -0.140478 0.000598881 0.00299806 0.000392669 
0.522449 0.0403673 -0.137756 -0.00345384 0.0029663 0.000399951 
0.544899 0.0403673 -0.131903 -0.007564 0.0028429 0.000402404 
0.567098 0.0403673 -0.122218 -0.0114049 0.00263155 0.000420268 
0.589297 0.0403673 -0.109958 -0.014762 0.00234025 0.000414304 
0.611006 0.0403673 -0.0950949 -0.0173561 0.00198985 0.000437778 
0.632716 0.0403673 -0.0787987 -0.0189546 0.00159385 0.000420777 
0.653718 0.0403673 -0.0617827 -0.0196216 0.0011866 0.00044423 
0.67472 0.0403673 -0.0447215 -0.0190329 0.000778459 0.000417615 
0.694826 0.0403673 -0.0288913 -0.0177583 0.000406867 0.000437162 
0.714932 0.0403673 -0.0142014 -0.0153871 7.19036e-05 0.00040661 
0.733987 0.0403673 -0.00209847 -0.0128266 -0.000197707 0.000420802 
0.753042 0.0403673 0.00821996 -0.00965899 -0.00041272 0.000393066 
0.77093 0.0403673 0.0155643 -0.0067811 -0.00055971 0.000402068 
0.788819 0.0403673 0.0210894 -0.00381792 -0.00065442 0.000381417 
0.805462 0.0403673 0.0240994 -0.00140429 -0.000697394 0.000386041 
0.822106 0.0403673 0.0256753 0.000772356 -0.000702144 0.000373232 
0.837463 0.0403673 0.0255945 0.00239405 -0.000677304 0.000374499 
0.85282 0.0403673 0.0245966 0.00368625 -0.00063008 0.000368053 
0.866881 0.0403673 0.0227744 0.00456694 -0.000571661 0.000367019 
0.880943 0.0403673 0.020478 0.00516045 -0.000502878 0.000364878 
0.893728 0.0403673 0.0179551 0.00550423 -0.000434451 0.000362461 
0.906513 0.0403673 0.0152615 0.00563067 -0.000363021 0.00036293 
0.918063 0.0403673 0.0126943 0.00561248 -0.000297913 0.000359784 
0.929613 0.0403673 0.0101463 0.00541336 -0.000234062 0.000361733 
0.939988 0.0403673 0.00790674 0.00511229 -0.00017931 0.000358284 
0.950362 0.0403673 0.00580673 0.00463004 -0.000128623 0.000361005 
0.959633 0.0403673 0.0040929 0.00406684 -8.81814e-05 0.000357556 
0.968903 0.0403673 0.00259519 0.00332201 -5.38042e-05 0.00036062 
0.977148 0.0403673 0.00149203 0.00255062 -2.95214e-05 0.00035738 
0.985394 0.0403673 0.000651774 0.00165227 -1.21233e-05 0.000360633 
0.992697 0.0403673 0.000174765 0.000835009 -3.04617e-06 0.0003577 
1 0.0403673 0 0 0 0.000361279 

0 0.0496377 0 0 0 0.000451784 
0.00730325 0.0496377 0.000107485 -0.00091396 -3.42081e-06 0.000454782 
0.0146065 0.0496377 0.000396357 -0.00162498 -1.27654e-05 0.000452502 
0.0228517 0.0496377 0.000864287 -0.00221458 -2.86948e-05 0.000455479 
0.031097 0.0496377 0.00142599 -0.00257174 -4.85222e-05 0.000453349 
0.0403673 0.0496377 0.00207576 -0.00273966 -7.32438e-05 0.000455617 
0.0496377 0.0496377 0.0027143 -0.00267636 -9.8444e-05 0.000453784 
0.0600123 0.0496377 0.0032992 -0.00239332 -0.000124803 0.00045474 
0.0703869 0.0496377 0.00375034 -0.00192709 -0.000147267 0.000453536 
0.0819372 0.0496377 0.00395434 -0.00125924 -0.000165646 0.000452681 
0.0934875 0.0496377 0.00389297 -0.000487382 -0.0001757 0.000452521 
0.106272 0.0496377 0.00335846 0.000437476 -0.000175891 0.000449501 
0.119057 0.0496377 0.00243292 0.0013876 -0.000164078 0.000450733 
0.133119 0.0496377 0.000791766 0.002454 -0.000136853 0.000445298 
0.14718 0.0496377 -0.00136068 0.00350764 -9.4687e-05 0.000448144 
0.162537 0.0496377 -0.00450373 0.00470096 -3.13872e-05 0.000439942 
0.177894 0.0496377 -0.00829925 0.00589741 5.03224e-05 0.000444572 
0.194538 0.0496377 -0.0134323 0.00732461 0.00016071 0.000432938 
0.211181 0.0496377 -0.0194033 0.00876824 0.000295071 0.000439563 
0.22907 0.0496377 -0.0271095 0.0105344 0.000468326 0.000423637 
0.246958 0.0496377 -0.0358343 0.0122318 0.000672636 0.000432415 
0.266013 0.0496377 -0.0465638 0.0142354 0.000925882 0.000411758 
0.285068 0.0496377 -0.0583235 0.015942 0.00121448 0.000422493 
0.305174 0.0496377 -0.0719136 0.017744 0.00155476 0.000397932 
0.32528 0.0496377 -0.0861527 0.0189241 0.00192487 0.000409926 
0.346282 0.0496377 -0.101336 0.0197882 0.00233341 0.000384114 
0.367284 0.0496377 -0.116281 0.0197298 0.00275013 0.000396486 
0.388994 0.0496377 -0.13062 0.0188931 0.00317132 0.000373742 
0.410703 0.0496377 -0.143503 0.0170015 0.00356261 0.000385939 
0.432902 0.0496377 -0.154019 0.0140873 0.00390911 0.00037122 
0.455101 0.0496377 -0.161939 0.0102338 0.00418037 0.000382955 
0.477551 0.0496377 -0.166117 0.00552187 0.0043579 0.000380208 
0.5 0.0496377 -0.167013 0.000218671 0.00442309 0.00039043 
0.522449 0.0496377 -0.163574 -0.00538642 0.00436492 0.000400818 
0.544899 0.0496377 -0.156799 -0.0110523 0.00418041 0.000406503 
0.567098 0.0496377 -0.14602 -0.016263 0.00387611 0.000427415 
0.589297 0.0496377 -0.132492 -0.0208816 0.00346281 0.000423883 
0.611006 0.0496377 -0.116185 -0.0243905 0.00296934 0.000449736 
0.632716 0.0496377 -0.0982616 -0.0266746 0.00241291 0.000433371 
0.653718 0.0496377 -0.0794412 -0.0276152 0.0018402 0.000458152 
0.67472 0.0496377 -0.0604136 -0.0269838 0.00126405 0.000429849 
0.694826 0.0496377 -0.0425167 -0.0253171 0.000735865 0.000449633 
0.714932 0.0496377 -0.0256756 -0.0222425 0.000255142 0.000415478 
0.733987 0.0496377 -0.0114768 -0.0187885 -0.000137367 0.000429105 
0.753042 0.0496377 0.000908057 -0.0145236 -0.000456457 0.000397015 
0.77093 0.0496377 0.0100982 -0.0105442 -0.000681353 0.000405113 
0.788819 0.0496377 0.0173318 -0.0064217 -0.000833804 0.000380584 
0.805462 0.0496377 0.02173 -0.0029893 -0.000912229 0.000384364 
0.822106 0.0496377 0.0244979 0.000154792 -0.000935871 0.000368898 
0.837463 0.0496377 0.025284 0.00254116 -0.000915051 0.000369565 
0.85282 0.0496377 0.02496 0.00450049 -0.000860781 0.000361828 
0.866881 0.0496377 0.0235545 0.00585793 -0.000787799 0.000360436 
0.880943 0.0496377 0.0215256 0.00683074 -0.000698363 0.000358119 
0.893728 0.0496377 0.0191074 0.00741014 -0.00060719 0.000355517 
0.906513 0.0496377 0.0164239 0.00769175 -0.000510465 0.000356545 
0.918063 0.0496377 0.013787 0.00773018 -0.000421261 0.000353339 
0.929613 0.0496377 0.0111192 0.0075205 -0.00033302 0.000356267 
0.939988 0.0496377 0.00873506 0.00714133 -0.000256804 0.000352862 
0.950362 0.0496377 0.00646978 0.00651904 -0.000185769 0.000356792 
0.959633 0.0496377 0.00459562 0.00576959 -0.000128645 0.000353447 
0.968903 0.0496377 0.00293645 0.00477911 -7.9577e-05 0.000357848 
0.977148 0.0496377 0.00169615 0.00372844 -4.43804e-05 0.000354667 
0.985394 0.0496377 0.000739882 0.00248809 -1.86244e-05 0.000359213 
0.992697 0.0496377 0.000195325 0.00129098 -4.76906e-06 0.000356121 
1 0.0496377 0 0 0 0.000360418 

0 0.0600123 0 0 0 0.000451438 
0.00730325 0.0600123 0.000109125 -0.0012038 -4.55578e-06 0.000454814 
0.0146065 0.0600123 0.000390678 -0.0021222 -1.68682e-05 0.000451948 
0.0228517 0.0600123 0.000827843 -0.00284499 -3.75517e-05 0.000454766 
0.031097 0.0600123 0.00134038 -0.00325988 -6.2928e-05 0.00045206 
0.0403673 0.0600123 0.0019027 -0.00340785 -9.40617e-05 0.000454115 
0.0496377 0.0600123 0.00242333 -0.00326119 -0.000125204 0.000452013 
0.0600123 0.0600123 0.00283223 -0.00281377 -0.000156926 0.000452917 
0.0703869 0.0600123 0.00306513 -0.00213373 -0.000182804 0.000451835 
0.0819372 0.0600123 0.00296957 -0.00117257 -0.000202049 0.000451129 
0.0934875 0.0600123 0.00255322 -7.62619e-05 -0.000209417 0.000451458 
0.106272 0.0600123 0.00154945 0.00124485 -0.000202028 0.000448716 
0.119057 0.0600123 7.8864e-05 0.00260579 -0.0001775 0.000450784 
0.133119 0.0600123 -0.00227112 0.00415001 -0.000130068 0.000445642 
0.14718 0.0600123 -0.0052389 0.00569022 -6.09558e-05 0.000449728 
0.162537 0.0600123 -0.00942808 0.00744579 3.97632e-05 0.000441746 
0.177894 0.0600123 -0.0144135 0.00921753 0.000167562 0.000448168 
0.194538 0.0600123 -0.0210361 0.0113118 0.000338163 0.000436655 
0.211181 0.0600123 -0.0286651 0.0134289 0.00054381 0.000445736 
0.22907 0.0600123 -0.0383559 0.015949 0.000806433 0.000429831 
0.246958 0.0600123 -0.0492082 0.0183627 0.00111319 0.000441546 
0.266013 0.0600123 -0.062315 0.0210804 0.00148931 0.000420723 
0.285068 0.0600123 -0.0764782 0.0233803 0.00191324 0.000434202 
0.305174 0.0600123 -0.0925068 0.02561 0.00240684 0.000409035 
0.32528 0.0600123 -0.109007 0.0270081 0.00293692 0.00042256 
0.346282 0.0600123 -0.126201 0.027746 0.00351385 0.000395369 
0.367284 0.0600123 -0.142783 0.0273065 0.0040939 0.000407281 
0.388994 0.0600123 -0.15832 0.0256645 0.00467131 0.000382235 
0.410703 0.0600123 -0.171972 0.0227375 0.0051991 0.000392035 
0.432902 0.0600123 -0.182846 0.0184382 0.00565833 0.00037428 
0.455101 0.0600123 -0.190805 0.0130385 0.00600992 0.000382528 
0.477551 0.0600123 -0.194783 0.00660544 0.0062318 0.000376385 
0.5 0.0600123 -0.195311 -0.000503806 0.00630169 0.00038307 
0.522449 0.0600123 -0.191401 -0.00789419 0.00620755 0.000390105 
0.544899 0.0600123 -0.18404 -0.0153523 0.00594677 0.000392978 
0.567098 0.0600123 -0.172574 -0.0221471 0.0055292 0.000411109 
0.589297 0.0600123 -0.158191 -0.0282564 0.00496838 0.000405884 
0.611006 0.0600123 -0.140831 -0.0328815 0.00430205 0.000430257 
0.632716 0.0600123 -0.121611 -0.0360603 0.00355097 0.000413326 
0.653718 0.0600123 -0.101227 -0.0374282 0.00277596 0.000438587 
0.67472 0.0600123 -0.0803856 -0.0368882 0.00199219 0.000410527 
0.694826 0.0600123 -0.0604577 -0.0348878 0.00126786 0.000432897 
0.714932 0.0600123 -0.0414211 -0.0311184 0.000601483 0.00039938 
0.733987 0.0600123 -0.0249787 -0.0267069 4.91279e-05 0.000417139 
0.753042 0.0600123 -0.0103144 -0.0212225 -0.000408945 0.000385822 
0.77093 0.0600123 0.000999413 -0.0159653 -0.000741615 0.000398566 
0.788819 0.0600123 0.0102672 -0.0104661 -0.000978054 0.000374846 
0.805462 0.0600123 0.0163999 -0.00577474 -0.00111249 0.000382767 
0.822106 0.0600123 0.0207307 -0.00140808 -0.00117152 0.000368055 
0.837463 0.0600123 0.0227362 0.00198596 -0.00116619 0.000371719 
0.85282 0.0600123 0.0234391 0.00484864 -0.00111281 0.000364588 
0.866881 0.0600123 0.0227597 0.00688245 -0.00102961 0.000364877 
0.880943 0.0600123 0.0212929 0.00841524 -0.000921325 0.000362966 
0.893728 0.0600123 0.019223 0.00936707 -0.000807135 0.0003609 
0.906513 0.0600123 0.0167728 0.00991864 -0.000683341 0.000362128 
0.918063 0.0600123 0.0142431 0.0100906 -0.000567409 0.000358637 
0.929613 0.0600123 0.0116133 0.00992796 -0.000451429 0.000361582 
0.939988 0.0600123 0.00920564 0.00950073 -0.000350336 0.000357374 
0.950362 0.0600123 0.00688093 0.00875329 -0.000255342 0.000361208 
0.959633 0.0600123 0.00492609 0.00781122 -0.000178299 0.000356754 
0.968903 0.0600123 0.00317593 0.00655331 -0.000111457 0.000361072 
0.977148 0.0600123 0.00184989 0.0051795 -6.28881e-05 0.000356632 
0.985394 0.0600123 0.000820071 0.00353097 -2.67821e-05 0.000361312 
0.992697 0.0600123 0.000221753 0.001867 -6.94215e-06 0.000357091 
1 0.0600123 0 0 0 0.000362245 

0 0.0703869 0 0 0 0.000452548 
0.00730325 0.0703869 9.29752e-05 -0.00149012 -5.60892e-06 0.000455553 
0.0146065 0.0703869 0.00033486 -0.00258991 -2.06534e-05 0.000453092 
0.0228517 0.0703869 0.000707782 -0.00342163 -4.55961e-05 0.000456059 
0.031097 0.0703869 0.00112689 -0.00386269 -7.57773e-05 0.000453788 
0.0403673 0.0703869 0.00154886 -0.00395421 -0.000112147 0.000455951 
0.0496377 0.0703869 0.00189057 -0.00368508 -0.000147683 0.00045409 
0.0600123 0.0703869 0.00205125 -0.00302977 -0.000182578 0.000454801 
0.0703869 0.0703869 0.00198834 -0.00209133 -0.00020919 0.000453723 
0.0819372 0.0703869 0.00150416 -0.000787748 -0.000225745 0.000452499 
0.0934875 0.0703869 0.000641205 0.000684502 -0.00022625 0.000452672 
0.106272 0.0703869 -0.0009337 0.00246086 -0.000205907 0.000449122 
0.119057 0.0703869 -0.0030508 0.00429619 -0.000162448 0.00045099 
0.133119 0.0703869 -0.00621967 0.00639307 -8.69248e-05 0.000444702 
0.14718 0.0703869 -0.0101095 0.00850047 1.82055e-05 0.00044864 
0.162537 0.0703869 -0.0154569 0.0109113 0.000167712 0.000438997 
0.177894 0.0703869 -0.0217355 0.0133544 0.000354563 0.000445336 
0.194538 0.0703869 -0.029945 0.0162167 0.000601251 0.000431432 
0.211181 0.0703869 -0.039306 0.0191024 0.000895849 0.000440433 
0.22907 0.0703869 -0.0510195 0.0224548 0.00126855 0.000421411 
0.246958 0.0703869 -0.0639855 0.0256438 0.00169979 0.000432979 
0.266013 0.0703869 -0.079371 0.0290858 0.00222293 0.000408798 
0.285068 0.0703869 -0.0957568 0.0319594 0.00280611 0.000422102 
0.305174 0.0703869 -0.113926 0.0345267 0.0034769 0.00039425 
0.32528 0.0703869 -0.132311 0.0360257 0.00418828 0.000407792 
0.346282 0.0703869 -0.151063 0.036466 0.0049523 0.000379423 
0.367284 0.0703869 -0.168826 0.0354666 0.00571013 0.000391824 
0.388994 0.0703869 -0.18515 0.0328405 0.00645419 0.000367267 
0.410703 0.0703869 -0.199264 0.0287115 0.00712478 0.000378193 
0.432902 0.0703869 -0.210347 0.022906 0.00769975 0.00036207 
0.455101 0.0703869 -0.218355 0.0158566 0.00813213 0.000372132 
0.477551 0.0703869 -0.222314 0.00764271 0.00839719 0.000368109 
0.5 0.0703869 -0.222779 -0.0013249 0.00846962 0.000377355 
0.522449 0.0703869 -0.218806 -0.0105453 0.00833667 0.000386612 
0.544899 0.0703869 -0.21132 -0.0198476 0.00799599 0.000392718 
0.567098 0.0703869 -0.199642 -0.028303 0.00746043 0.000413014 
0.589297 0.0703869 -0.184869 -0.0359978 0.00674562 0.000411133 
0.611006 0.0703869 -0.166873 -0.0418598 0.00589775 0.000437457 
0.632716 0.0703869 -0.146726 -0.0460723 0.00494031 0.000422831 
0.653718 0.0703869 -0.125067 -0.048005 0.00394846 0.000449616 
0.67472 0.0703869 -0.102641 -0.0476962 0.00293923 0.000421654 
0.694826 0.0703869 -0.0808309 -0.0454722 0.00199866 0.000444987 
0.714932 0.0703869 -0.0596943 -0.0410944 0.00112417 0.000409087 
0.733987 0.0703869 -0.0410407 -0.0357727 0.00038901 0.000427261 
0.753042 0.0703869 -0.0240856 -0.0290769 -0.000231814 0.000391949 
0.77093 0.0703869 -0.0105923 -0.0225117 -0.000694555 0.000404692 
0.788819 0.0703869 0.000806527 -0.0155728 -0.00103654 0.00037668 
0.805462 0.0703869 0.00880181 -0.00952817 -0.00124571 0.000384401 
0.822106 0.0703869 0.0148589 -0.00382816 -0.00135708 0.000366126 
0.837463 0.0703869 0.0182634 0.000699426 -0.00138094 0.00036958 
0.85282 0.0703869 0.0201955 0.00459312 -0.00134006 0.000360093 
0.866881 0.0703869 0.0204418 0.00742779 -0.00125529 0.000360259 
0.880943 0.0703869 0.0197442 0.00963703 -0.00113499 0.000357216 
0.893728 0.0703869 0.0182112 0.0110629 -0.00100245 0.000355143 
0.906513 0.0703869 0.0161791 0.0119738 -0.000854912 0.000356208 
0.918063 0.0703869 0.0139162 0.012351 -0.000714236 0.00035282 
0.929613 0.0703869 0.0114749 0.0122954 -0.000571665 0.000356233 
0.939988 0.0703869 0.00916993 0.0118652 -0.000446128 0.000352223 
0.950362 0.0703869 0.00690179 0.0110276 -0.000327146 0.000356868 
0.959633 0.0703869 0.00496323 0.00991488 -0.000229861 0.000352687 
0.968903 0.0703869 0.00320748 0.00840072 -0.000144739 0.000357943 
0.977148 0.0703869 0.00186703 0.006703 -8.22803e-05 0.00035383 
0.985394 0.0703869 0.000819404 0.00463111 -3.53536e-05 0.000359284 
0.992697 0.0703869 0.00021815 0.00248012 -9.22912e-06 0.000355299 
1 0.0703869 0 0 0 0.000360481 

0 0.0819372 0 0 0 0.000453519 
0.00730325 0.0819372 7.73989e-05 -0.00173291 -6.61086e-06 0.000456691 
0.0146065 0.0819372 0.000267582 -0.00298993 -2.41529e-05 0.000453949 
0.0228517 0.0819372 0.000528375 -0.0038843 -5.28314e-05 0.00045651 
0.031097 0.0819372 0.000792357 -0.00430094 -8.69187e-05 0.000454019 
0.0403673 0.0819372 0.000985586 -0.00426892 -0.000126997 0.000455727 
0.0496377 0.0819372 0.00105048 -0.00380545 -0.000164784 0.000453971 
0.0600123 0.0819372 0.000843173 -0.00285463 -0.000199663 0.000454432 
0.0703869 0.0819372 0.000358304 -0.00156685 -0.000222937 0.000453857 
0.0819372 0.0819372 -0.000661617 0.000186302 -0.000231172 0.00045262 
0.0934875 0.0819372 -0.00212375 0.00214592 -0.000217974 0.000453674 
0.106272 0.0819372 -0.00444532 0.00450864 -0.000175622 0.000450276 
0.119057 0.0819372 -0.00739024 0.00695674 -0.000102525 0.00045343 
0.133119 0.0819372 -0.0115861 0.00976973 1.48908e-05 0.000447353 
0.14718 0.0819372 -0.016612 0.0126169 0.000172092 0.000453104 
0.162537 0.0819372 -0.0233598 0.0158813 0.000390635 0.000443629 
0.177894 0.0819372 -0.0311743 0.0191978 0.0006597 0.000452438 
0.194538 0.0819372 -0.0412267 0.0230392 0.00101087 0.00043856 
0.211181 0.0819372 -0.0525562 0.0268882 0.00142604 0.00045056 
0.22907 0.0819372 -0.0664975 0.0312329 0.00194592 0.00043128 
0.246958 0.0819372 -0.0817233 0.035311 0.00254114 0.000445697 
0.266013 0.0819372 -0.0994389 0.0394968 0.0032548 0.000420716 
0.285068 0.0819372 -0.118003 0.0428976 0.00404074 0.000435556 
0.305174 0.0819372 -0.138141 0.045632 0.00493284 0.000406059 
0.32528 0.0819372 -0.158161 0.0470084 0.00586624 0.000418852 
0.346282 0.0819372 -0.178151 0.0468486 0.00685488 0.000387953 
0.367284 0.0819372 -0.196782 0.0449761 0.00782215 0.000397394 
0.388994 0.0819372 -0.213629 0.0410613 0.00875927 0.000369804 
0.410703 0.0819372 -0.228047 0.0354508 0.00959298 0.000376694 
0.432902 0.0819372 -0.239314 0.0279119 0.0102989 0.000357476 
0.455101 0.0819372 -0.24747 0.0190119 0.0108223 0.000363731 
0.477551 0.0819372 -0.251645 0.00884063 0.0111364 0.000356632 
0.5 0.0819372 -0.252359 -0.00215632 0.0112129 0.000363071 
0.522449 0.0819372 -0.248719 -0.013404 0.0110383 0.000369174 
0.544899 0.0819372 -0.241527 -0.0247671 0.0106099 0.000373743 
0.567098 0.0819372 -0.230079 -0.0351477 0.00994307 0.000391026 
0.589297 0.0819372 -0.215332 -0.0447289 0.00905478 0.000388847 
0.611006 0.0819372 -0.197077 -0.0521474 0.00799971 0.000413046 
0.632716 0.0819372 -0.176302 -0.0577449 0.00680338 0.000399034 
0.653718 0.0819372 -0.153567 -0.060543 0.00555674 0.000425521 
0.67472 0.0819372 -0.12965 -0.0607603 0.00427841 0.000398485 
0.694826 0.0819372 -0.105922 -0.0584998 0.00307546 0.000423839 
0.714932 0.0819372 -0.0825608 -0.0536407 0.00194403 0.000388629 
0.733987 0.0819372 -0.0614677 -0.0474301 0.000978752 0.000410801 
0.753042 0.0819372 -0.0419463 -0.0394552 0.00014859 0.000375815 
0.77093 0.0819372 -0.0259507 -0.0314446 -0.000485908 0.00039353 
0.788819 0.0819372 -0.012077 -0.0228577 -0.000971963 0.000365725 
0.805462 0.0819372 -0.00187462 -0.0152176 -0.00128793 0.000378279 
0.822106 0.0819372 0.0062628 -0.00790961 -0.0014795 0.000360295 
0.837463 0.0819372 0.0113974 -0.0019725 -0.00155411 0.000367672 
0.85282 0.0819372 0.0148915 0.00322969 -0.00154319 0.000358535 
0.866881 0.0819372 0.0163609 0.00711804 -0.00146931 0.000361373 
0.880943 0.0819372 0.0167225 0.0102396 -0.00134614 0.000358612 
0.893728 0.0819372 0.0159747 0.0123364 -0.00120096 0.000357966 
0.906513 0.0819372 0.0145957 0.013779 -0.00103316 0.000359146 
0.918063 0.0819372 0.0127932 0.0144936 -0.000869233 0.000356181 
0.929613 0.0819372 0.0107195 0.0146528 -0.000700265 0.000359517 
0.939988 0.0819372 0.00866187 0.0142929 -0.000549583 0.00035525 
0.950362 0.0819372 0.00658306 0.013417 -0.000405319 0.000359656 
0.959633 0.0819372 0.00476669 0.0121582 -0.000286318 0.000354827 
0.968903 0.0819372 0.00310114 0.0103925 -0.000181341 0.000359746 
0.977148 0.0819372 0.00181653 0.0083553 -0.000103667 0.000354841 
0.985394 0.0819372 0.000807236 0.00582758 -4.48172e-05 0.000360046 
0.992697 0.0819372 0.00021884 0.00313987 -1.17626e-05 0.000355413 
1 0.0819372 0 0 0 0.000360997 

0 0.0934875 0 0 0 0.000454624 
0.00730325 0.0934875 4.5204e-05 -0.00193694 -7.32236e-06 0.000456861 
0.0146065 0.0934875 0.000148132 -0.00327822 -2.65777e-05 0.000454816 
0.0228517 0.0934875 0.000262694 -0.00417077 -5.74939e-05 0.00045697 
0.031097 0.0934875 0.000325866 -0.00449895 -9.34286e-05 0.000455164 
0.0403673 0.0934875 0.000236296 -0.00427919 -0.000134265 0.00045643 
0.0496377 0.0934875 -3.82874e-05 -0.00356151 -0.000170738 0.000455117 
0.0600123 0.0934875 -0.000687071 -0.00225417 -0.000200934 0.000454848 
0.0703869 0.0934875 -0.00167239 -0.000559208 -0.000215532 0.000454427 
0.0819372 0.0934875 -0.00331661 0.00170458 -0.00020876 0.000452148 
0.0934875 0.0934875 -0.00546779 0.00421307 -0.000174399 0.000453151 
0.106272 0.0934875 -0.00863406 0.007231 -0.000100872 0.000448389 
0.119057 0.0934875 -0.0125026 0.0103651 1.20205e-05 0.000451396 
0.133119 0.0934875 -0.0178255 0.0139785 0.000183717 0.000443507 
0.14718 0.0934875 -0.0240797 0.0176547 0.00040672 0.000449071 
0.162537 0.0934875 -0.032313 0.02187 0.000710882 0.000437111 
0.177894 0.0934875 -0.0417283 0.0261538 0.00108037 0.000445673 
0.194538 0.0934875 -0.0536542 0.0310577 0.0015574 0.000428546 
0.211181 0.0934875 -0.0669377 0.0359329 0.00211584 0.000440167 
0.22907 0.0934875 -0.0830131 0.041288 0.00280806 0.000417247 
0.246958 0.0934875 -0.100331 0.0462363 0.00359233 0.000431114 
0.266013 0.0934875 -0.120095 0.0510745 0.00452191 0.000403011 
0.285068 0.0934875 -0.140482 0.0548753 0.00553352 0.000417218 
0.305174 0.0934875 -0.162153 0.0575931 0.00666736 0.00038604 
0.32528 0.0934875 -0.18336 0.0586523 0.00783885 0.000398283 
0.346282 0.0934875 -0.20417 0.0577053 0.00906422 0.000367342 
0.367284 0.0934875 -0.223338 0.0547934 0.0102489 0.000376414 
0.388994 0.0934875 -0.24051 0.0494866 0.0113841 0.000349795 
0.410703 0.0934875 -0.255156 0.0423241 0.012384 0.000356604 
0.432902 0.0934875 -0.266666 0.0330398 0.0132232 0.000338628 
0.455101 0.0934875 -0.275117 0.0223017 0.0138404 0.000345463 
0.477551 0.0934875 -0.27973 0.0101976 0.0142071 0.000339588 
0.5 0.0934875 -0.280959 -0.00279567 0.0142924 0.000347883 
0.522449 0.0934875 -0.277959 -0.0160719 0.0140814 0.000355312 
0.544899 0.0934875 -0.271395 -0.0295081 0.0135708 0.000363486 
0.567098 0.0934875 -0.260546 -0.0418877 0.0127774 0.000382437 
0.589297 0.0934875 -0.246208 -0.0534619 0.0117182 0.000385383 
0.611006 0.0934875 -0.228082 -0.062602 0.0104552 0.000411659 
0.632716 0.0934875 -0.207049 -0.0697947 0.00901467 0.000402926 
0.653718 0.0934875 -0.183555 -0.0736815 0.0075029 0.000431649 
0.67472 0.0934875 -0.158401 -0.0746798 0.00593936 0.000407915 
0.694826 0.0934875 -0.132912 -0.072589 0.00445316 0.00043527 
0.714932 0.0934875 -0.107413 -0.0674439 0.00303923 0.000399933 
0.733987 0.0934875 -0.0838813 -0.0604695 0.00181598 0.000423606 
0.753042 0.0934875 -0.0617516 -0.0512884 0.000746408 0.00038544 
0.77093 0.0934875 -0.0431708 -0.0418531 -8.90988e-05 0.000404045 
0.788819 0.0934875 -0.026722 -0.031583 -0.000748384 0.000371655 
0.805462 0.0934875 -0.014205 -0.0222783 -0.00119731 0.000384572 
0.822106 0.0934875 -0.00387019 -0.0132604 -0.00149367 0.000362166 
0.837463 0.0934875 0.00311128 -0.00579339 -0.00163981 0.000369619 
0.85282 0.0934875 0.00829386 0.000849255 -0.0016775 0.00035708 
0.866881 0.0934875 0.0111114 0.00592669 -0.00162947 0.000359938 
0.880943 0.0934875 0.0126654 0.0100944 -0.00151634 0.000355042 
0.893728 0.0934875 0.0128295 0.0129868 -0.00136841 0.000354501 
0.906513 0.0934875 0.0122335 0.0150769 -0.00118858 0.000354683 
0.918063 0.0934875 0.0110098 0.0162289 -0.00100746 0.000351959 
0.929613 0.0934875 0.00942049 0.0166917 -0.000816973 0.000355115 
0.939988 0.0934875 0.00771316 0.016474 -0.00064463 0.000351222 
0.950362 0.0934875 0.00592125 0.0156209 -0.000477818 0.000355901 
0.959633 0.0934875 0.00431092 0.0142628 -0.000339005 0.000351571 
0.968903 0.0934875 0.00280999 0.0122832 -0.000215648 0.000356876 
0.977148 0.0934875 0.00164374 0.00993646 -0.000123757 0.000352567 
0.985394 0.0934875 0.000721898 0.00697778 -5.37253e-05 0.000357909 
0.992697 0.0934875 0.000193657 0.00378852 -1.41388e-05 0.000353832 
1 0.0934875 0 0 0 0.000358837 

0 0.106272 0 0 0 0.000457569 
0.00730325 0.106272 9.41881e-06 -0.00199788 -7.70424e-06 0.000459707 
0.0146065 0.106272 9.10425e-06 -0.00333346 -2.76025e-05 0.00045777 
0.0228517 0.106272 -8.28749e-05 -0.00410921 -5.8764e-05 0.000459237 
0.031097 0.106272 -0.000296775 -0.00424246 -9.36791e-05 0.000457704 
0.0403673 0.106272 -0.000776766 -0.00371635 -0.00013106 0.000458252 
0.0496377 0.106272 -0.00150817 -0.00263048 -0.000160977 0.000457569 
0.0600123 0.106272 -0.00273865 -0.000841056 -0.000179449 0.000456845 
0.0703869 0.106272 -0.00436907 0.00138475 -0.000177103 0.000457439 
0.0819372 0.106272 -0.00680224 0.00429785 -0.000144683 0.000454991 
0.0934875 0.106272 -0.00980978 0.00749689 -7.6976e-05 0.000457374 
0.106272 0.106272 -0.0140096 0.0113327 4.30602e-05 0.000452634 
0.119057 0.106272 -0.0189928 0.0153232 0.000213114 0.000457445 
0.133119 0.106272 -0.0256554 0.0199326 0.000460647 0.000449648 
0.14718 0.106272 -0.0333485 0.0246395 0.00077367 0.000457558 
0.162537 0.106272 -0.0432868 0.0300229 0.001193 0.000445632 
0.177894 0.106272 -0.054503 0.0354798 0.00169556 0.000457024 
0.194538 0.106272 -0.0684727 0.0416291 0.00233704 0.000439683 
0.211181 0.106272 -0.0838264 0.0476674 0.00307995 0.00045402 
0.22907 0.106272 -0.102062 0.0540846 0.00399064 0.000430325 
0.246958 0.106272 -0.121409 0.0598792 0.00501057 0.000445566 
0.266013 0.106272 -0.143031 0.0652239 0.00620448 0.000415753 
0.285068 0.106272 -0.16497 0.0692104 0.00748731 0.000428779 
0.305174 0.106272 -0.187822 0.0716188 0.0089064 0.00039487 
0.32528 0.106272 -0.20986 0.0720499 0.010354 0.000403256 
0.346282 0.106272 -0.231161 0.0700237 0.0118499 0.000369044 
0.367284 0.106272 -0.250612 0.06581 0.0132803 0.000372829 
0.388994 0.106272 -0.26795 0.0589158 0.0146379 0.000343068 
0.410703 0.106272 -0.282749 0.0500458 0.0158244 0.000344761 
0.432902 0.106272 -0.294512 0.0388944 0.0168144 0.000323964 
0.455101 0.106272 -0.303317 0.0262239 0.01754 0.000326832 
0.477551 0.106272 -0.308496 0.0120728 0.0179715 0.000318109 
0.5 0.106272 -0.31041 -0.00302201 0.0180747 0.000323965 
0.522449 0.106272 -0.308306 -0.0184903 0.0178333 0.000328128 
0.544899 0.106272 -0.302691 -0.0341832 0.0172422 0.00033554 
0.567098 0.106272 -0.292863 -0.0488321 0.0163189 0.000350852 
0.589297 0.106272 -0.279419 -0.0627271 0.0150788 0.00035469 
0.611006 0.106272 -0.261966 -0.0739988 0.0135906 0.000377678 
0.632716 0.106272 -0.241212 -0.0832723 0.0118794 0.000371082 
0.653718 0.106272 -0.217442 -0.0887349 0.0100674 0.000398128 
0.67472 0.106272 -0.191423 -0.0910422 0.00817391 0.000376884 
0.694826 0.106272 -0.164377 -0.0895198 0.00635306 0.000405292 
0.714932 0.106272 -0.13678 -0.0844425 0.00459856 0.000371823 
0.733987 0.106272 -0.110662 -0.0768705 0.00305789 0.000399401 
0.753042 0.106272 -0.0856664 -0.0665258 0.00168789 0.000362089 
0.77093 0.106272 -0.0641367 -0.0555793 0.000594727 0.000386369 
0.788819 0.106272 -0.0447195 -0.0434143 -0.000291763 0.000354174 
0.805462 0.106272 -0.0294921 -0.0321826 -0.000919947 0.00037297 
0.822106 0.106272 -0.0165736 -0.0211278 -0.0013627 0.000350646 
0.837463 0.106272 -0.00740432 -0.0118052 -0.00161393 0.000363051 
0.85282 0.106272 -0.000208434 -0.00338445 -0.00172894 0.000350673 
0.866881 0.106272 0.00423474 0.00319085 -0.00172871 0.000357118 
0.880943 0.106272 0.00724611 0.00869884 -0.00164355 0.000352362 
0.893728 0.106272 0.0085472 0.0126394 -0.00150587 0.000354039 
0.906513 0.106272 0.00894813 0.0156045 -0.00132405 0.000354203 
0.918063 0.106272 0.00848244 0.017377 -0.00113259 0.000352555 
0.929613 0.106272 0.00754605 0.0182991 -0.000925571 0.00035547 
0.939988 0.106272 0.00632748 0.0183405 -0.000734703 0.000351858 
0.950362 0.106272 0.00495063 0.0176022 -0.000547456 0.000356083 
0.959633 0.106272 0.00364791 0.0162085 -0.000390048 0.000351602 
0.968903 0.106272 0.00240166 0.0140597 -0.000249068 0.000356306 
0.977148 0.106272 0.00141613 0.0114327 -0.000143381 0.000351733 
0.985394 0.106272 0.000628978 0.00806485 -6.24158e-05 0.000356527 
0.992697 0.106272 0.000170854 0.00438287 -1.64738e-05 0.000352317 
1 0.106272 0 0 0 0.000357249 

0 0.119057 0 0 0 0.000458214 
0.00730325 0.119057 -4.15672e-05 -0.00197228 -7.50177e-06 0.000458759 
0.0146065 0.119057 -0.000185045 -0.00316527 -2.65033e-05 0.000457864 
0.0228517 0.119057 -0.000518834 -0.00370563 -5.50336e-05 0.000458238 
0.031097 0.119057 -0.00105683 -0.00353868 -8.50837e-05 0.000457655 
0.0403673 0.119057 -0.00198011 -0.00260835 -0.00011368 0.00045707 
0.0496377 0.119057 -0.00322845 -0.00107198 -0.000130817 0.000457021 
0.0600123 0.119057 -0.00510809 0.00127702 -0.000129697 0.000454916 
0.0703869 0.119057 -0.00745368 0.0041022 -0.000101707 0.000455785 
0.0819372 0.119057 -0.010751 0.00773382 -3.30786e-05 0.00045168 
0.0934875 0.119057 -0.0146879 0.0116911 7.94095e-05 0.000454065 
0.106272 0.119057 -0.0199952 0.0164189 0.000259613 0.000447319 
0.119057 0.119057 -0.0261594 0.0213424 0.000501552 0.000451944 
0.133119 0.119057 -0.0342195 0.0270313 0.000842362 0.000441599 
0.14718 0.119057 -0.0433908 0.0328507 0.00126412 0.000449136 
0.162537 0.119057 -0.055042 0.0394772 0.0018204 0.00043395 
0.177894 0.119057 -0.0680279 0.0461643 0.00247891 0.000444704 
0.194538 0.119057 -0.0839383 0.0535771 0.00331028 0.000423593 
0.211181 0.119057 -0.101194 0.0607567 0.00426299 0.000436935 
0.22907 0.119057 -0.121312 0.0681435 0.0054181 0.000409742 
0.246958 0.119057 -0.142341 0.0746462 0.00669718 0.000423626 
0.266013 0.119057 -0.165383 0.0802975 0.00817665 0.000391563 
0.285068 0.119057 -0.188415 0.0842503 0.00974729 0.000402946 
0.305174 0.119057 -0.211983 0.0861335 0.0114641 0.000368381 
0.32528 0.119057 -0.234444 0.0857415 0.0131956 0.00037488 
0.346282 0.119057 -0.255901 0.0825079 0.0149664 0.000341033 
0.367284 0.119057 -0.275379 0.0769059 0.0166444 0.000342743 
0.388994 0.119057 -0.29269 0.0684049 0.0182253 0.000313584 
0.410703 0.119057 -0.307486 0.0578465 0.0195994 0.000313355 
0.432902 0.119057 -0.319369 0.0448777 0.0207424 0.000293031 
0.455101 0.119057 -0.328411 0.0303545 0.0215805 0.000294842 
0.477551 0.119057 -0.334077 0.0142397 0.0220831 0.000286482 
0.5 0.119057 -0.336652 -0.00285485 0.0222133 0.00029308 
0.522449 0.119057 -0.335522 -0.0204362 0.021953 0.000297764 
0.544899 0.119057 -0.33104 -0.0383123 0.0212951 0.00030869 
0.567098 0.119057 -0.322563 -0.0552245 0.0202566 0.000325183 
0.589297 0.119057 -0.310468 -0.0714752 0.0188503 0.000335818 
0.611006 0.119057 -0.294269 -0.0850236 0.017149 0.000361093 
0.632716 0.119057 -0.274448 -0.0965981 0.0151749 0.00036363 
0.653718 0.119057 -0.251075 -0.103946 0.0130637 0.000393932 
0.67472 0.119057 -0.224821 -0.107951 0.0108327 0.000381202 
0.694826 0.119057 -0.196728 -0.107366 0.00866108 0.000413088 
0.714932 0.119057 -0.167409 -0.102754 0.00654096 0.000384013 
0.733987 0.119057 -0.138889 -0.0948578 0.0046516 0.000414535 
0.753042 0.119057 -0.111089 -0.0835689 0.00294447 0.000376247 
0.77093 0.119057 -0.0865361 -0.0712145 0.00155584 0.000402548 
0.788819 0.119057 -0.0640219 -0.0571616 0.000403254 0.000365771 
0.805462 0.119057 -0.0459239 -0.0439518 -0.000439826 0.00038559 
0.822106 0.119057 -0.0302601 -0.0307422 -0.00106293 0.000357788 
0.837463 0.119057 -0.0187662 -0.0194281 -0.00144823 0.000370513 
0.85282 0.119057 -0.0094342 -0.00906923 -0.00166693 0.000353507 
0.866881 0.119057 -0.0032699 -0.000838701 -0.00173606 0.000359992 
0.880943 0.119057 0.00128579 0.00616902 -0.00169791 0.000352037 
0.893728 0.119057 0.00379546 0.0113053 -0.00158559 0.000353795 
0.906513 0.119057 0.00526251 0.015286 -0.0014149 0.000352124 
0.918063 0.119057 0.00561566 0.0178031 -0.00122325 0.000350742 
0.929613 0.119057 0.00539179 0.0192987 -0.00100838 0.00035284 
0.939988 0.119057 0.00471481 0.0196958 -0.000805614 0.000349693 
0.950362 0.119057 0.00380283 0.0191599 -0.00060354 0.000353672 
0.959633 0.119057 0.00285057 0.0178046 -0.000431753 0.000349802 
0.968903 0.119057 0.00189652 0.015557 -0.000276648 0.0003544 
0.977148 0.119057 0.0011238 0.012716 -0.000159673 0.000350495 
0.985394 0.119057 0.000496627 0.00901002 -6.96747e-05 0.000354958 
0.992697 0.119057 0.000135477 0.00492471 -1.84079e-05 0.000351358 
1 0.119057 0 0 0 0.000355507 

0 0.133119 0 0 0 0.00046395 
0.00730325 0.133119 -0.000103204 -0.00165295 -6.53978e-06 0.000463924 
0.0146065 0.133119 -0.000414093 -0.00251652 -2.2301e-05 0.000463714 
0.0228517 0.133119 -0.0010647 -0.00261427 -4.40363e-05 0.000463011 
0.031097 0.133119 -0.00201786 -0.00196951 -6.35244e-05 0.00046338 
0.0403673 0.133119 -0.00350587 -0.000457114 -7.53628e-05 0.000461789 
0.0496377 0.133119 -0.00539884 0.00168768 -7.02617e-05 0.000463032 
0.0600123 0.133119 -0.00807352 0.00475672 -3.74099e-05 0.000460281 
0.0703869 0.133119 -0.0112797 0.00833218 2.98953e-05 0.000462742 
0.0819372 0.133119 -0.0156007 0.0128445 0.000151658 0.00045833 
0.0934875 0.133119 -0.0206239 0.0177228 0.00032764 0.000462589 
0.106272 0.133119 -0.0272086 0.0235245 0.000590825 0.000455723 
0.119057 0.133119 -0.0347182 0.0295668 0.000929713 0.00046256 
0.133119 0.133119 -0.0443436 0.0365359 0.001394 0.000452115 
0.14718 0.133119 -0.0551425 0.0436603 0.00195736 0.000462174 
0.162537 0.133119 -0.0686275 0.0517079 0.00268932 0.000446711 
0.177894 0.133119 -0.0834562 0.0597619 0.00354492 0.000459834 
0.194538 0.133119 -0.101296 0.0685027 0.00461262 0.000437948 
0.211181 0.133119 -0.12036 0.0768098 0.00582221 0.000452368 
0.22907 0.133119 -0.142142 0.0850358 0.00727147 0.000423464 
0.246958 0.133119 -0.16455 0.0920357 0.00885695 0.000435763 
0.266013 0.133119 -0.188611 0.0976976 0.010668 0.000400809 
0.285068 0.133119 -0.21231 0.101289 0.0125673 0.000407479 
0.305174 0.133119 -0.236158 0.102327 0.0146188 0.000369214 
0.32528 0.133119 -0.258642 0.100817 0.0166655 0.000368917 
0.346282 0.133119 -0.279891 0.0961423 0.0187386 0.000331398 
0.367284 0.133119 -0.299062 0.088961 0.0206871 0.000325956 
0.388994 0.133119 -0.316024 0.0787047 0.0225112 0.000293731 
0.410703 0.133119 -0.330495 0.0663528 0.0240899 0.000287283 
0.432902 0.133119 -0.342188 0.0514842 0.0254009 0.000264467 
0.455101 0.133119 -0.351179 0.0350734 0.0263648 0.000261695 
0.477551 0.133119 -0.357115 0.0169809 0.0269509 0.000250952 
0.5 0.133119 -0.360221 -0.00209123 0.0271199 0.000255001 
0.522449 0.133119 -0.360079 -0.0217737 0.0268523 0.000256803 
0.544899 0.133119 -0.356896 -0.0418245 0.0261388 0.000267419 
0.567098 0.133119 -0.350142 -0.0610837 0.0249949 0.000280115 
0.589297 0.133119 -0.339957 -0.0798415 0.0234291 0.0002927 
0.611006 0.133119 -0.325782 -0.096 0.0215161 0.000313502 
0.632716 0.133119 -0.307821 -0.11034 0.0192722 0.000319919 
0.653718 0.133119 -0.285871 -0.120211 0.0168443 0.000346354 
0.67472 0.133119 -0.260405 -0.126687 0.014245 0.00033847 
0.694826 0.133119 -0.232155 -0.127796 0.011679 0.000369123 
0.714932 0.133119 -0.201791 -0.124439 0.00913565 0.000344368 
0.733987 0.133119 -0.17123 -0.116753 0.00683161 0.00037772 
0.753042 0.133119 -0.140709 -0.104926 0.00471353 0.0003421 
0.77093 0.133119 -0.112916 -0.0912759 0.00295611 0.000374766 
0.788819 0.133119 -0.0869385 -0.0752339 0.00146425 0.000339041 
0.805462 0.133119 -0.0654832 -0.0597947 0.000341163 0.000366531 
0.822106 0.133119 -0.0465672 -0.0440292 -0.000522295 0.000339008 
0.837463 0.133119 -0.0322854 -0.0303025 -0.00109102 0.000358491 
0.85282 0.133119 -0.0203918 -0.0175434 -0.00145644 0.000341614 
0.866881 0.133119 -0.0121679 -0.00724307 -0.00162855 0.00035298 
0.880943 0.133119 -0.00576859 0.00166324 -0.00166568 0.000345073 
0.893728 0.133119 -0.00182005 0.00833096 -0.0016 0.000349867 
0.906513 0.133119 0.000917284 0.0136312 -0.00145785 0.000348051 
0.918063 0.133119 0.00224704 0.0171385 -0.00127875 0.000348268 
0.929613 0.133119 0.0028761 0.0194212 -0.00106624 0.000349969 
0.939988 0.133119 0.0028477 0.0203416 -0.00085885 0.000347475 
0.950362 0.133119 0.00249339 0.0201497 -0.000647695 0.000350856 
0.959633 0.133119 0.00195704 0.0189442 -0.000465554 0.00034716 
0.968903 0.133119 0.00134735 0.0166929 -0.000299443 0.000351086 
0.977148 0.133119 0.000815897 0.0137178 -0.000173291 0.000347249 
0.985394 0.133119 0.000366163 0.00975203 -7.57594e-05 0.000351143 
0.992697 0.133119 0.000100629 0.00532835 -2.00641e-05 0.000347696 
1 0.133119 0 0 0 0.000351517 

0 0.14718 0 0 0 0.000463349 
0.00730325 0.14718 -0.000175576 -0.00117956 -4.58022e-06 0.000461 
0.0146065 0.14718 -0.000693226 -0.00149438 -1.45361e-05 0.000462244 
0.0228517 0.14718 -0.0016921 -0.000965696 -2.47814e-05 0.000459635 
0.031097 0.14718 -0.00310175 0.000305611 -2.75841e-05 0.000461241 
0.0403673 0.14718 -0.00519666 0.00252851 -1.44189e-05 0.000457728 
0.0496377 0.14718 -0.00778004 0.00537967 2.22934e-05 0.000459777 
0.0600123 0.14718 -0.0112954 0.00925344 9.83902e-05 0.000454956 
0.0703869 0.14718 -0.0154057 0.0136487 0.000217409 0.000457761 
0.0819372 0.14718 -0.020789 0.0191085 0.000406975 0.000451075 
0.0934875 0.14718 -0.026929 0.0249709 0.000661954 0.000455305 
0.106272 0.14718 -0.0348087 0.0319117 0.00102618 0.000445804 
0.119057 0.14718 -0.0436639 0.0391348 0.00148098 0.000452282 
0.133119 0.14718 -0.0548241 0.0474403 0.00209049 0.000438641 
0.14718 0.14718 -0.0671872 0.0559097 0.00281793 0.000447938 
0.162537 0.14718 -0.082379 0.065385 0.00375044 0.000428747 
0.177894 0.14718 -0.0988692 0.0747735 0.0048277 0.000440562 
0.194538 0.14718 -0.118359 0.0847426 0.00615699 0.000414966 
0.211181 0.14718 -0.13889 0.0940264 0.00764627 0.000427432 
0.22907 0.14718 -0.161898 0.102872 0.00941028 0.000395744 
0.246958 0.14718 -0.185215 0.11012 0.0113179 0.00040546 
0.266013 0.14718 -0.209786 0.115532 0.0134717 0.00036917 
0.285068 0.14718 -0.233663 0.118514 0.0157052 0.000372675 
0.305174 0.14718 -0.257319 0.118515 0.0180923 0.000334206 
0.32528 0.14718 -0.279384 0.115733 0.0204513 0.000330228 
0.346282 0.14718 -0.299985 0.109526 0.0228207 0.000292981 
0.367284 0.14718 -0.318407 0.100718 0.0250323 0.000283586 
0.388994 0.14718 -0.334553 0.0887007 0.0270915 0.000251692 
0.410703 0.14718 -0.348227 0.0745949 0.0288671 0.000241504 
0.432902 0.14718 -0.359266 0.0579128 0.0303399 0.000218782 
0.455101 0.14718 -0.367785 0.0397457 0.0314262 0.000213112 
0.477551 0.14718 -0.37364 0.01986 0.0320967 0.000201992 
0.5 0.14718 -0.37702 -0.000972128 0.0323106 0.000204869 
0.522449 0.14718 -0.37774 -0.0225117 0.0320482 0.000206022 
0.544899 0.14718 -0.375872 -0.0444833 0.0312981 0.000218553 
0.567098 0.14718 -0.371053 -0.0658781 0.0300739 0.00023118 
0.589297 0.14718 -0.363183 -0.0869617 0.0283789 0.000250397 
0.611006 0.14718 -0.35169 -0.105696 0.0262868 0.00027284 
0.632716 0.14718 -0.336451 -0.122857 0.0238055 0.000291243 
0.653718 0.14718 -0.316989 -0.135533 0.0210885 0.000321503 
0.67472 0.14718 -0.293482 -0.1449 0.0181397 0.000328591 
0.694826 0.14718 -0.266238 -0.148271 0.0151857 0.000364407 
0.714932 0.14718 -0.235893 -0.146854 0.0122111 0.00035205 
0.733987 0.14718 -0.204098 -0.139971 0.00947034 0.000390389 
0.753042 0.14718 -0.171425 -0.128198 0.00690614 0.000359631 
0.77093 0.14718 -0.140631 -0.113605 0.0047369 0.000396092 
0.788819 0.14718 -0.111229 -0.0957924 0.00285685 0.000357565 
0.805462 0.14718 -0.0862602 -0.0781705 0.0014058 0.000387296 
0.822106 0.14718 -0.0638618 -0.059748 0.000254661 0.000353192 
0.837463 0.14718 -0.0465429 -0.0434451 -0.000538542 0.00037354 
0.85282 0.14718 -0.0318502 -0.0280568 -0.00108814 0.000350128 
0.866881 0.14718 -0.0213868 -0.0154629 -0.0013937 0.000361612 
0.880943 0.14718 -0.012999 -0.00442583 -0.00153284 0.00034892 
0.893728 0.14718 -0.00752124 0.00397818 -0.00153488 0.000353684 
0.906513 0.14718 -0.00344933 0.0107929 -0.00143945 0.000348971 
0.918063 0.14718 -0.0011096 0.0154573 -0.00128699 0.000349333 
0.929613 0.14718 0.000391606 0.0186822 -0.00108888 0.000349565 
0.939988 0.14718 0.00101721 0.0202585 -0.000886099 0.000347442 
0.950362 0.14718 0.00121911 0.0205349 -0.000673662 0.000350182 
0.959633 0.14718 0.00109289 0.0195879 -0.000486997 0.000346977 
0.968903 0.14718 0.000819339 0.01744 -0.000314655 0.000350554 
0.977148 0.14718 0.000522319 0.0144315 -0.000182675 0.000347176 
0.985394 0.14718 0.000243478 0.0103119 -8.00688e-05 0.000350661 
0.992697 0.14718 7.06707e-05 0.00566751 -2.12276e-05 0.00034756 
1 0.14718 0 0 0 0.000350873 

0 0.162537 0 0 0 0.000472587 
0.00730325 0.162537 -0.000268057 -0.00020689 -1.25582e-06 0.000468894 
0.0146065 0.162537 -0.00102637 0.000339952 -1.31266e-06 0.00047162 
0.0228517 0.162537 -0.00245592 0.0018078 6.96471e-06 0.00046742 
0.031097 0.162537 -0.00441714 0.00395682 3.0145e-05 0.000470808 
0.0403673 0.162537 -0.00723535 0.00711838 8.08876e-05 0.000465986 
0.0496377 0.162537 -0.0106249 0.0108643 0.000163636 0.000470026 
0.0600123 0.162537 -0.0151038 0.0157191 0.000300904 0.000464385 
0.0703869 0.162537 -0.0202336 0.0210931 0.000491221 0.000469291 
0.0819372 0.162537 -0.0267971 0.0276629 0.000772158 0.00046215 
0.0934875 0.162537 -0.0341615 0.0346686 0.00113149 0.000468564 
0.106272 0.162537 -0.0434393 0.0429164 0.00162686 0.000458729 
0.119057 0.162537 -0.0537251 0.05148 0.00222971 0.000467436 
0.133119 0.162537 -0.0664771 0.0612696 0.003022 0.000453326 
0.14718 0.162537 -0.0804208 0.0711966 0.00395293 0.000464551 
0.162537 0.162537 -0.0972615 0.0821513 0.00513052 0.000444437 
0.177894 0.162537 -0.115284 0.0928528 0.00647443 0.000456931 
0.194538 0.162537 -0.136177 0.10392 0.00811328 0.000429521 
0.211181 0.162537 -0.157847 0.113964 0.00992787 0.000440063 
0.22907 0.162537 -0.181644 0.123116 0.0120515 0.000405294 
0.246958 0.162537 -0.205393 0.130251 0.014321 0.000409687 
0.266013 0.162537 -0.229951 0.135031 0.0168533 0.000369182 
0.285068 0.162537 -0.253487 0.137032 0.0194503 0.000364577 
0.305174 0.162537 -0.276415 0.135658 0.0221973 0.000321555 
0.32528 0.162537 -0.297522 0.131302 0.0248867 0.000308286 
0.346282 0.162537 -0.3169 0.123296 0.0275657 0.000267095 
0.367284 0.162537 -0.333972 0.112642 0.0300487 0.000248822 
0.388994 0.162537 -0.348685 0.0987002 0.0323473 0.000214154 
0.410703 0.162537 -0.360959 0.0827478 0.0343213 0.000196727 
0.432902 0.162537 -0.370784 0.0642575 0.0359561 0.000172389 
0.455101 0.162537 -0.378337 0.0444155 0.0371654 0.00016189 
0.477551 0.162537 -0.383705 0.022923 0.0379232 0.000149736 
0.5 0.162537 -0.387042 0.000574558 0.0381888 0.000150397 
0.522449 0.162537 -0.388418 -0.02252 0.0379431 0.000150157 
0.544899 0.162537 -0.387775 -0.0460856 0.0371737 0.000162934 
0.567098 0.162537 -0.384969 -0.0693306 0.0358918 0.000172808 
0.589297 0.162537 -0.379689 -0.0924908 0.0340947 0.000194591 
0.611006 0.162537 -0.371433 -0.113758 0.0318524 0.000212268 
0.632716 0.162537 -0.359774 -0.133839 0.0291613 0.00023551 
0.653718 0.162537 -0.344006 -0.149792 0.026176 0.000259474 
0.67472 0.162537 -0.323952 -0.162763 0.022887 0.000273339 
0.694826 0.162537 -0.299389 -0.16944 0.0195378 0.000303703 
0.714932 0.162537 -0.270754 -0.17122 0.0161038 0.000298756 
0.733987 0.162537 -0.239189 -0.166336 0.0128782 0.000335937 
0.753042 0.162537 -0.205481 -0.155809 0.00979978 0.000311131 
0.77093 0.162537 -0.172278 -0.141008 0.00713923 0.000352513 
0.788819 0.162537 -0.139633 -0.121896 0.00478217 0.00031725 
0.805462 0.162537 -0.110884 -0.102132 0.00291694 0.000356235 
0.822106 0.162537 -0.084534 -0.0807701 0.00139397 0.000323278 
0.837463 0.162537 -0.0635732 -0.0614295 0.00030424 0.000353386 
0.85282 0.162537 -0.0454587 -0.0427925 -0.000493955 0.000330263 
0.866881 0.162537 -0.0322203 -0.027301 -0.000983876 0.000349244 
0.880943 0.162537 -0.0213704 -0.013522 -0.00126811 0.000336574 
0.893728 0.162537 -0.0140154 -0.00286616 -0.00137036 0.000345982 
0.906513 0.162537 -0.00832168 0.00593372 -0.00134832 0.000341054 
0.918063 0.162537 -0.00477796 0.0121309 -0.00124205 0.000343806 
0.929613 0.162537 -0.00225303 0.0166273 -0.00107406 0.00034359 
0.939988 0.162537 -0.000880967 0.0191178 -0.000887141 0.000342436 
0.950362 0.162537 -5.8358e-05 0.0200869 -0.000682292 0.000344619 
0.959633 0.162537 0.000253292 0.0195758 -0.000497256 0.000341672 
0.968903 0.162537 0.000326013 0.0176881 -0.000323348 0.000344783 
0.977148 0.162537 0.000254047 0.0147734 -0.000188571 0.000341434 
0.985394 0.162537 0.000131941 0.01062 -8.29369e-05 0.000344678 
0.992697 0.162537 3.98908e-05 0.00584757 -2.20693e-05 0.000341595 
1 0.162537 0 0 0 0.000344777 

0 0.177894 0 0 0 0.000469376 
0.00730325 0.177894 -0.00035931 0.00100487 3.56997e-06 0.000462756 
0.0146065 0.177894 -0.00138224 0.0027235 1.71833e-05 0.000467317 
0.0228517 0.177894 -0.00325629 0.00537938 5.07352e-05 0.000460416 
0.031097 0.177894 -0.00578736 0.00858855 0.000108485 0.000465281 
0.0403673 0.177894 -0.00934105 0.0128321 0.000208036 0.000457797 
0.0496377 0.177894 -0.0135466 0.0175692 0.000349236 0.000462752 
0.0600123 0.177894 -0.0189885 0.0234788 0.000562506 0.000454452 
0.0703869 0.177894 -0.0251287 0.0298849 0.000839676 0.000459692 
0.0819372 0.177894 -0.0328446 0.0376108 0.00122992 0.000449782 
0.0934875 0.177894 -0.0413897 0.0457978 0.00171206 0.00045602 
0.106272 0.177894 -0.05199 0.0553829 0.00235947 0.000443092 
0.119057 0.177894 -0.0636031 0.0653025 0.00313153 0.000451101 
0.133119 0.177894 -0.0777879 0.0765629 0.00412984 0.00043346 
0.14718 0.177894 -0.0931106 0.0878984 0.00528691 0.000443315 
0.162537 0.177894 -0.111315 0.100221 0.00673281 0.000419521 
0.177894 0.177894 -0.130534 0.112073 0.00836411 0.000429789 
0.194538 0.177894 -0.152403 0.124 0.010331 0.000399258 
0.211181 0.177894 -0.174749 0.134527 0.0124845 0.000406648 
0.22907 0.177894 -0.198813 0.143677 0.0149764 0.000369949 
0.246958 0.177894 -0.222469 0.150393 0.0176098 0.000370339 
0.266013 0.177894 -0.246468 0.154264 0.0205167 0.00032913 
0.285068 0.177894 -0.269127 0.15504 0.0234676 0.000319844 
0.305174 0.177894 -0.29077 0.152092 0.0265592 0.000277007 
0.32528 0.177894 -0.310358 0.146007 0.0295598 0.00025867 
0.346282 0.177894 -0.327932 0.136093 0.0325253 0.000218238 
0.367284 0.177894 -0.343086 0.123539 0.0352547 0.000194895 
0.388994 0.177894 -0.355822 0.107691 0.0377663 0.000161043 
0.410703 0.177894 -0.366203 0.0899704 0.0399137 0.000138842 
0.432902 0.177894 -0.374384 0.0698445 0.0416883 0.00011459 
0.455101 0.177894 -0.380596 0.0485468 0.0430034 9.98441e-05 
0.477551 0.177894 -0.385138 0.0257479 0.0438378 8.65446e-05 
0.5 0.177894 -0.388127 0.00221512 0.0441527 8.39587e-05 
0.522449 0.177894 -0.389864 -0.0220449 0.043931 8.15655e-05 
0.544899 0.177894 -0.390194 -0.0467896 0.0431599 9.32724e-05 
0.567098 0.177894 -0.389213 -0.071448 0.0418489 0.000101001 
0.589297 0.177894 -0.386458 -0.0962376 0.0399899 0.000126125 
0.611006 0.177894 -0.381595 -0.119664 0.0376474 0.000143296 
0.632716 0.177894 -0.373937 -0.14234 0.0348056 0.000177052 
0.653718 0.177894 -0.362668 -0.161503 0.0316142 0.000203633 
0.67472 0.177894 -0.347214 -0.178176 0.028047 0.000235958 
0.694826 0.177894 -0.326822 -0.188656 0.0243551 0.00027205 
0.714932 0.177894 -0.301578 -0.194366 0.0205 0.000288908 
0.733987 0.177894 -0.271921 -0.192444 0.0168072 0.000333064 
0.753042 0.177894 -0.238714 -0.18428 0.0132089 0.000324395 
0.77093 0.177894 -0.204245 -0.170185 0.0100304 0.000371935 
0.788819 0.177894 -0.169158 -0.150613 0.00715138 0.000341047 
0.805462 0.177894 -0.136951 -0.129157 0.00481751 0.000384363 
0.822106 0.177894 -0.106703 -0.105052 0.00286202 0.00034599 
0.837463 0.177894 -0.0819011 -0.0826335 0.00141856 0.000378352 
0.85282 0.177894 -0.0600684 -0.0605104 0.000317145 0.000346403 
0.866881 0.177894 -0.0437466 -0.0418139 -0.000402402 0.000366063 
0.880943 0.177894 -0.0301439 -0.0249293 -0.000871424 0.000345857 
0.893728 0.177894 -0.0207004 -0.0116882 -0.00110468 0.000355261 
0.906513 0.177894 -0.0132208 -0.000577814 -0.00118194 0.00034549 
0.918063 0.177894 -0.00838233 0.00742628 -0.00114128 0.000348191 
0.929613 0.177894 -0.00477947 0.0134475 -0.00101942 0.000345444 
0.939988 0.177894 -0.00264746 0.0170624 -0.000860057 0.000344392 
0.950362 0.177894 -0.00120976 0.0189188 -0.000672212 0.000345508 
0.959633 0.177894 -0.00047994 0.0190074 -0.000495446 0.000342728 
0.968903 0.177894 -8.62797e-05 0.0175338 -0.00032506 0.000345468 
0.977148 0.177894 4.26376e-05 0.0148445 -0.000190787 0.000342193 
0.985394 0.177894 5.43445e-05 0.0107778 -8.43524e-05 0.000345279 
0.992697 0.177894 2.4002e-05 0.00598835 -2.25167e-05 0.000342134 
1 0.177894 0 0 0 0.000345259 

0 0.194538 0 0 0 0.000482089 
0.00730325 0.194538 -0.000480529 0.00294293 1.04602e-05 0.000473143 
0.0146065 0.194538 -0.00180701 0.00627931 4.38023e-05 0.000480061 
0.0228517 0.194538 -0.0041939 0.0105298 0.000112754 0.000471052 
0.031097 0.194538 -0.00736759 0.0151049 0.000218086 0.000478495 
0.0403673 0.194538 -0.0117338 0.0206805 0.000383545 0.000469457 
0.0496377 0.194538 -0.0168241 0.0265984 0.000602271 0.000476942 
0.0600123 0.194538 -0.0232898 0.0337216 0.00091461 0.000467669 
0.0703869 0.194538 -0.0304877 0.0412941 0.00130318 0.000475245 
0.0819372 0.194538 -0.0393895 0.0503014 0.00183151 0.000464676 
0.0934875 0.194538 -0.0491303 0.0597834 0.00246664 0.000472982 
0.106272 0.194538 -0.0610385 0.0708051 0.00330091 0.000459347 
0.119057 0.194538 -0.0739319 0.0821513 0.00427819 0.000468904 
0.133119 0.194538 -0.0894384 0.0949017 0.00552296 0.000450135 
0.14718 0.194538 -0.105973 0.107601 0.0069467 0.000460281 
0.162537 0.194538 -0.125271 0.12115 0.00870421 0.000434499 
0.177894 0.194538 -0.145347 0.133924 0.0106639 0.000442602 
0.194538 0.194538 -0.167746 0.146378 0.0129994 0.000408795 
0.211181 0.194538 -0.190276 0.156995 0.0155269 0.000410581 
0.22907 0.194538 -0.214047 0.165694 0.018418 0.000369235 
0.246958 0.194538 -0.237039 0.171533 0.0214392 0.000360711 
0.266013 0.194538 -0.259868 0.174038 0.0247379 0.000314098 
0.285068 0.194538 -0.281029 0.173157 0.0280522 0.000293888 
0.305174 0.194538 -0.300725 0.168225 0.0314906 0.000246012 
0.32528 0.194538 -0.318126 0.160054 0.0347974 0.000216544 
0.346282 0.194538 -0.333237 0.147947 0.0380374 0.000172518 
0.367284 0.194538 -0.345869 0.133298 0.0409965 0.000139664 
0.388994 0.194538 -0.356115 0.115486 0.0437011 0.000104181 
0.410703 0.194538 -0.364188 0.0960339 0.0460012 7.54167e-05 
0.432902 0.194538 -0.370405 0.0744505 0.047896 5.12178e-05 
0.455101 0.194538 -0.375024 0.0519375 0.0493014 3.30975e-05 
0.477551 0.194538 -0.378519 0.0281792 0.0502022 2.07e-05 
0.5 0.194538 -0.380941 0.00384898 0.0505632 1.73064e-05 
0.522449 0.194538 -0.382779 -0.0211066 0.0503705 1.56792e-05 
0.544899 0.194538 -0.383788 -0.0465169 0.0496124 2.84138e-05 
0.567098 0.194538 -0.384291 -0.0720136 0.048297 3.56776e-05 
0.589297 0.194538 -0.38373 -0.0978166 0.0464121 6.32963e-05 
0.611006 0.194538 -0.38201 -0.122827 0.0440156 7.73951e-05 
0.632716 0.194538 -0.378289 -0.14756 0.0410789 0.000115219 
0.653718 0.194538 -0.37183 -0.169708 0.0377423 0.000134963 
0.67472 0.194538 -0.361744 -0.190086 0.033959 0.000173488 
0.694826 0.194538 -0.346904 -0.205003 0.0299777 0.000199811 
0.714932 0.194538 -0.326955 -0.215694 0.025739 0.000225329 
0.733987 0.194538 -0.301491 -0.21833 0.0215913 0.000261032 
0.753042 0.194538 -0.271171 -0.21445 0.0174558 0.000261973 
0.77093 0.194538 -0.237527 -0.202851 0.0137126 0.000307862 
0.788819 0.194538 -0.201623 -0.184528 0.0102374 0.000284383 
0.805462 0.194538 -0.166836 -0.162392 0.00734536 0.00033472 
0.822106 0.194538 -0.133032 -0.136095 0.00485666 0.000299964 
0.837463 0.194538 -0.104125 -0.110567 0.00296342 0.000344384 
0.85282 0.194538 -0.078053 -0.0844843 0.00146653 0.000313443 
0.866881 0.194538 -0.057977 -0.0618918 0.000440814 0.000344631 
0.880943 0.194538 -0.0409285 -0.0410561 -0.000279671 0.000324512 
0.893728 0.194538 -0.0288174 -0.0244297 -0.000694784 0.000341892 
0.906513 0.194538 -0.0190493 -0.010233 -0.000912996 0.000331905 
0.918063 0.194538 -0.0125652 0.000217524 -0.000968066 0.000338937 
0.929613 0.194538 -0.00760934 0.00833451 -0.000916004 0.000335817 
0.939988 0.194538 -0.00455322 0.013519 -0.000800585 0.000336559 
0.950362 0.194538 -0.0023883 0.0166482 -0.000642091 0.000337321 
0.959633 0.194538 -0.00119317 0.0176295 -0.000481664 0.000334929 
0.968903 0.194538 -0.000459887 0.0168205 -0.000320457 0.000337561 
0.977148 0.194538 -0.000140403 0.0145399 -0.000189997 0.000334052 
0.985394 0.194538 -1.07137e-05 0.0107156 -8.4711e-05 0.000337404 
0.992697 0.194538 6.48199e-06 0.0060039 -2.27819e-05 0.000333808 
1 0.194538 0 0 0 0.000337441 

0 0.211181 0 0 0 0.000474161 
0.00730325 0.211181 -0.00057762 0.00519931 1.92905e-05 0.000462169 
0.0146065 0.211181 -0.00219299 0.0105327 7.71407e-05 0.000471052 
0.0228517 0.211181 -0.00506851 0.0166688 0.00018987 0.000458866 
0.031097 0.211181 -0.00885626 0.0228016 0.000353189 0.000467819 
0.0403673 0.211181 -0.0139931 0.0298421 0.000597789 0.00045567 
0.0496377 0.211181 -0.0199174 0.0370139 0.00090827 0.00046402 
0.0600123 0.211181 -0.0273352 0.0453916 0.00133619 0.000451781 
0.0703869 0.211181 -0.0355043 0.054148 0.00185298 0.000459548 
0.0819372 0.211181 -0.0454735 0.0644384 0.00253821 0.000445998 
0.0934875 0.211181 -0.0562695 0.0752024 0.003345 0.000453846 
0.106272 0.211181 -0.0692966 0.0876223 0.00438637 0.000437011 
0.119057 0.211181 -0.08325 0.100327 0.00558825 0.000445373 
0.133119 0.211181 -0.09979 0.114445 0.00709919 0.000423232 
0.14718 0.211181 -0.117211 0.128338 0.00880687 0.000431245 
0.162537 0.211181 -0.1372 0.142868 0.0108911 0.000402367 
0.177894 0.211181 -0.157703 0.156274 0.0131895 0.000407236 
0.194538 0.211181 -0.18014 0.168915 0.0158986 0.000371208 
0.211181 0.211181 -0.202358 0.17927 0.0187987 0.000368702 
0.22907 0.211181 -0.225314 0.187168 0.0220802 0.000326336 
0.246958 0.211181 -0.247133 0.191805 0.0254735 0.00031273 
0.266013 0.211181 -0.268276 0.192646 0.0291407 0.000266338 
0.285068 0.211181 -0.287445 0.189854 0.0327891 0.00024071 
0.305174 0.211181 -0.304726 0.182736 0.0365382 0.000194215 
0.32528 0.211181 -0.319531 0.172344 0.0401112 0.000159507 
0.346282 0.211181 -0.331864 0.158004 0.0435823 0.000117468 
0.367284 0.211181 -0.341758 0.141298 0.0467274 7.98575e-05 
0.388994 0.211181 -0.349419 0.121672 0.0495825 4.583e-05 
0.410703 0.211181 -0.355167 0.100689 0.0519971 1.27381e-05 
0.432902 0.211181 -0.359457 0.0779224 0.0539794 -1.15111e-05 
0.455101 0.211181 -0.362521 0.0544834 0.0554493 -3.37811e-05 
0.477551 0.211181 -0.364943 0.0300905 0.0563984 -4.79725e-05 
0.5 0.211181 -0.366693 0.00529151 0.0567958 -5.5478e-05 
0.522449 0.211181 -0.368369 -0.0199949 0.0566311 -6.02874e-05 
0.544899 0.211181 -0.369665 -0.045683 0.0558945 -5.12365e-05 
0.567098 0.211181 -0.371087 -0.0715599 0.0545941 -4.77937e-05 
0.589297 0.211181 -0.372059 -0.097863 0.0527152 -2.18509e-05 
0.611006 0.211181 -0.372774 -0.123857 0.05031 -1.09155e-05 
0.632716 0.211181 -0.372355 -0.149993 0.0473401 3.06762e-05 
0.653718 0.211181 -0.370326 -0.174506 0.0439339 4.98313e-05 
0.67472 0.211181 -0.365582 -0.198022 0.0400248 0.000102041 
0.694826 0.211181 -0.356853 -0.217186 0.03585 0.000131877 
0.714932 0.211181 -0.343291 -0.232936 0.0313252 0.000182162 
0.733987 0.211181 -0.323684 -0.240862 0.0268064 0.000224809 
0.753042 0.211181 -0.298248 -0.242391 0.0221969 0.000254175 
0.77093 0.211181 -0.267489 -0.234746 0.0179215 0.000307827 
0.788819 0.211181 -0.232691 -0.21933 0.0138504 0.000303474 
0.805462 0.211181 -0.196754 -0.197821 0.0103713 0.000360348 
0.822106 0.211181 -0.160419 -0.170443 0.00729718 0.000328749 
0.837463 0.211181 -0.127847 -0.14237 0.00489085 0.000377651 
0.85282 0.211181 -0.0976656 -0.112491 0.00292869 0.00033858 
0.866881 0.211181 -0.0736714 -0.0858503 0.00153308 0.000371949 
0.880943 0.211181 -0.052898 -0.0606761 0.000501844 0.000341131 
0.893728 0.211181 -0.037822 -0.0401983 -0.000142437 0.000359088 
0.906513 0.211181 -0.0254776 -0.0224008 -0.000541637 0.000340943 
0.918063 0.211181 -0.0171371 -0.00904173 -0.00072202 0.000347912 
0.929613 0.211181 -0.0106586 0.00161087 -0.000763385 0.000340116 
0.939988 0.211181 -0.00657771 0.00872822 -0.000708422 0.000340706 
0.950362 0.211181 -0.00361671 0.0134603 -0.000591793 0.000339413 
0.959633 0.211181 -0.00192326 0.015598 -0.000455884 0.000336876 
0.968903 0.211181 -0.000833307 0.0156862 -0.000309573 0.000338925 
0.977148 0.211181 -0.000316699 0.0139924 -0.000186227 0.0003352 
0.985394 0.211181 -6.97206e-05 0.0105495 -8.40305e-05 0.000338547 
0.992697 0.211181 -3.81111e-06 0.00601692 -2.27778e-05 0.000334666 
1 0.211181 0 0 0 0.000338334 

0 0.22907 0 0 0 0.000488713 
0.00730325 0.22907 -0.000711507 0.00834173 3.07298e-05 0.000473596 
0.0146065 0.22907 -0.00264829 0.0162098 0.00012061 0.000485416 
0.0228517 0.22907 -0.00603548 0.0246847 0.000289439 0.000470903 
0.031097 0.22907 -0.0104523 0.0326948 0.000526229 0.000482864 
0.0403673 0.22907 -0.0163583 0.0414327 0.000869855 0.000469125 
0.0496377 0.22907 -0.0231018 0.0500142 0.00129376 0.00048013 
0.0600123 0.22907 -0.0314354 0.0597526 0.00186284 0.000466818 
0.0703869 0.22907 -0.0405235 0.0697665 0.00253438 0.000476672 
0.0819372 0.22907 -0.0514763 0.0813852 0.00340682 0.000462181 
0.0934875 0.22907 -0.0632193 0.0934514 0.00441608 0.000471351 
0.106272 0.22907 -0.0772028 0.107245 0.00569885 0.000453258 
0.119057 0.22907 -0.0920136 0.121234 0.00715927 0.000461655 
0.133119 0.22907 -0.1093 0.136561 0.0089725 0.000437469 
0.14718 0.22907 -0.12727 0.151416 0.010998 0.00044326 
0.162537 0.22907 -0.147516 0.166588 0.0134422 0.00041109 
0.177894 0.22907 -0.167973 0.180223 0.0161077 0.000410472 
0.194538 0.22907 -0.189906 0.192569 0.0192145 0.000369687 
0.211181 0.22907 -0.211259 0.202156 0.022504 0.00035817 
0.22907 0.22907 -0.232805 0.20872 0.0261854 0.000309977 
0.246958 0.22907 -0.25286 0.211636 0.0299517 0.000284753 
0.266013 0.22907 -0.271712 0.210316 0.0339793 0.000232566 
0.285068 0.22907 -0.288321 0.205171 0.0379453 0.000194543 
0.305174 0.22907 -0.302687 0.195519 0.0419802 0.000143661 
0.32528 0.22907 -0.314505 0.182665 0.0457887 9.80901e-05 
0.346282 0.22907 -0.323835 0.16602 0.0494552 5.39833e-05 
0.367284 0.22907 -0.330917 0.1473 0.0527503 8.97839e-06 
0.388994 0.22907 -0.336083 0.126051 0.0557202 -2.48628e-05 
0.410703 0.22907 -0.339694 0.103783 0.0582177 -6.14201e-05 
0.432902 0.22907 -0.342301 0.0801437 0.0602606 -8.40363e-05 
0.455101 0.22907 -0.344055 0.0560871 0.061774 -0.000106837 
0.477551 0.22907 -0.345584 0.0313775 0.0627567 -0.000118802 
0.5 0.22907 -0.346756 0.00641589 0.0631817 -0.000125274 
0.522449 0.22907 -0.348207 -0.0188663 0.0630429 -0.000127802 
0.544899 0.22907 -0.349583 -0.0444715 0.0623329 -0.000117067 
0.567098 0.22907 -0.351492 -0.0702596 0.0610606 -0.000111767 
0.589297 0.22907 -0.353379 -0.0965011 0.0592107 -8.38343e-05 
0.611006 0.22907 -0.355679 -0.122736 0.0568317 -7.25953e-05 
0.632716 0.22907 -0.357568 -0.149398 0.0538784 -2.8692e-05 
0.653718 0.22907 -0.358928 -0.175317 0.0504673 -1.30813e-05 
0.67472 0.22907 -0.358613 -0.200998 0.0465141 4.2265e-05 
0.694826 0.22907 -0.355554 -0.223803 0.0422378 6.24339e-05 
0.714932 0.22907 -0.348569 -0.244351 0.0375254 0.000118241 
0.733987 0.22907 -0.335982 -0.258251 0.0327249 0.000146407 
0.753042 0.22907 -0.317431 -0.266546 0.0277129 0.000185319 
0.77093 0.22907 -0.292247 -0.265039 0.0229431 0.000226558 
0.788819 0.22907 -0.261481 -0.255199 0.0182752 0.00023391 
0.805462 0.22907 -0.227013 -0.236772 0.0141692 0.000288222 
0.822106 0.22907 -0.190229 -0.210573 0.0104352 0.000265475 
0.837463 0.22907 -0.155133 -0.181278 0.00742221 0.000323081 
0.85282 0.22907 -0.121363 -0.148221 0.00488839 0.000287831 
0.866881 0.22907 -0.0932553 -0.117435 0.00302284 0.000335265 
0.880943 0.22907 -0.0682588 -0.0872746 0.00158586 0.000305205 
0.893728 0.22907 -0.0495608 -0.0620435 0.000635642 0.000335654 
0.906513 0.22907 -0.0339538 -0.0395965 -9.90463e-06 0.000317379 
0.918063 0.22907 -0.023185 -0.0223524 -0.000363773 0.000332351 
0.929613 0.22907 -0.014685 -0.00823662 -0.000536673 0.000324257 
0.939988 0.22907 -0.00923394 0.00156795 -0.000568332 0.000328737 
0.950362 0.22907 -0.00520478 0.00856433 -0.000512933 0.000327238 
0.959633 0.22907 -0.00285082 0.012359 -0.000413818 0.000325914 
0.968903 0.22907 -0.00128947 0.0137627 -0.000290651 0.000328049 
0.977148 0.22907 -0.000523707 0.01295 -0.000178956 0.000324138 
0.985394 0.22907 -0.000129239 0.0101216 -8.22878e-05 0.000328048 
0.992697 0.22907 -1.77374e-05 0.00589519 -2.26495e-05 0.00032338 
1 0.22907 0 0 0 0.000328173 

0 0.246958 0 0 0 0.000473396 
0.00730325 0.246958 -0.000789019 0.0118276 4.41891e-05 0.000455991 
0.0146065 0.246958 -0.00297237 0.0226109 0.000171017 0.000469358 
0.0228517 0.246958 -0.00679176 0.0337069 0.000404429 0.000451884 
0.031097 0.246958 -0.011744 0.0437625 0.000725038 0.000464969 
0.0403673 0.246958 -0.0183083 0.0542957 0.00118053 0.000448218 
0.0496377 0.246958 -0.025746 0.0643207 0.0017313 0.000459763 
0.0600123 0.246958 -0.0348427 0.0754136 0.00245664 0.000443624 
0.0703869 0.246958 -0.0446801 0.0866513 0.00329777 0.000453352 
0.0819372 0.246958 -0.0564076 0.0995365 0.00437323 0.000436094 
0.0934875 0.246958 -0.0688682 0.112819 0.00559973 0.000444397 
0.106272 0.246958 -0.0835272 0.127856 0.00713861 0.000423491 
0.119057 0.246958 -0.0988922 0.142959 0.00887001 0.000430116 
0.133119 0.246958 -0.116565 0.159259 0.0109959 0.000403263 
0.14718 0.246958 -0.134707 0.174795 0.0133453 0.000406178 
0.162537 0.246958 -0.154791 0.19027 0.0161507 0.000371937 
0.177894 0.246958 -0.174786 0.203773 0.0191783 0.000367303 
0.194538 0.246958 -0.195783 0.21544 0.0226704 0.000325485 
0.211181 0.246958 -0.215866 0.223891 0.0263297 0.000309068 
0.22907 0.246958 -0.235618 0.228769 0.0303829 0.000261189 
0.246958 0.246958 -0.25358 0.229656 0.0344874 0.000230733 
0.266013 0.246958 -0.26988 0.225922 0.0388323 0.000180368 
0.285068 0.246958 -0.283762 0.218252 0.0430686 0.000137489 
0.305174 0.246958 -0.295187 0.206012 0.0473368 8.95078e-05 
0.32528 0.246958 -0.304127 0.190743 0.0513287 3.99682e-05 
0.346282 0.246958 -0.310734 0.171973 0.0551391 -1.44531e-06 
0.367284 0.246958 -0.315393 0.151482 0.0585377 -4.95425e-05 
0.388994 0.246958 -0.318552 0.128918 0.0615818 -8.21951e-05 
0.410703 0.246958 -0.320541 0.105677 0.0641291 -0.000121419 
0.432902 0.246958 -0.321958 0.0814627 0.0662063 -0.000144726 
0.455101 0.246958 -0.322834 0.0570542 0.0677441 -0.00017032 
0.477551 0.246958 -0.323776 0.0322522 0.0687466 -0.000184462 
0.5 0.246958 -0.324553 0.00732282 0.0691909 -0.000194307 
0.522449 0.246958 -0.325761 -0.0177791 0.0690737 -0.000199992 
0.544899 0.246958 -0.327017 -0.0431251 0.0683901 -0.000193476 
0.567098 0.246958 -0.328944 -0.0686012 0.0671501 -0.000191992 
0.589297 0.246958 -0.331048 -0.0945049 0.0653398 -0.000168858 
0.611006 0.246958 -0.333931 -0.120553 0.0630059 -0.000161709 
0.632716 0.246958 -0.336908 -0.14719 0.0601004 -0.000121358 
0.653718 0.246958 -0.340267 -0.173726 0.0567315 -0.000109055 
0.67472 0.246958 -0.342977 -0.200636 0.0528027 -5.12819e-05 
0.694826 0.246958 -0.34443 -0.226066 0.0485141 -3.16541e-05 
0.714932 0.246958 -0.343264 -0.250434 0.0437269 3.92528e-05 
0.733987 0.246958 -0.337709 -0.269827 0.0387686 7.11523e-05 
0.753042 0.246958 -0.326754 -0.284841 0.0334839 0.000139721 
0.77093 0.246958 -0.308679 -0.29039 0.0283332 0.000187763 
0.788819 0.246958 -0.283961 -0.287664 0.0231568 0.000228816 
0.805462 0.246958 -0.253156 -0.274297 0.018472 0.000290229 
0.822106 0.246958 -0.218014 -0.251504 0.014086 0.000288422 
0.837463 0.246958 -0.181964 -0.222703 0.010438 0.000352034 
0.85282 0.246958 -0.145771 -0.187819 0.00727705 0.000318454 
0.866881 0.246958 -0.114082 -0.15355 0.00487422 0.000370129 
0.880943 0.246958 -0.085086 -0.118517 0.00295782 0.000329976 
0.893728 0.246958 -0.0626889 -0.0882575 0.00163615 0.000362467 
0.906513 0.246958 -0.0436209 -0.0606267 0.000684644 0.000332662 
0.918063 0.246958 -0.0301899 -0.0388872 0.000111208 0.000348159 
0.929613 0.246958 -0.0194287 -0.020656 -0.000231026 0.000332022 
0.939988 0.246958 -0.0124198 -0.00758872 -0.000375998 0.00033643 
0.950362 0.246958 -0.00716066 0.00220866 -0.000402072 0.000330767 
0.959633 0.246958 -0.00403327 0.00809017 -0.000352887 0.00032925 
0.968903 0.246958 -0.00191142 0.011185 -0.000261943 0.000329817 
0.977148 0.246958 -0.000832196 0.0115334 -0.000167081 0.000325704 
0.985394 0.246958 -0.000244366 0.00953733 -7.89512e-05 0.000329185 
0.992697 0.246958 -4.25867e-05 0.00576914 -2.21035e-05 0.000324366 
1 0.246958 0 0 0 0.000328709 

0 0.266013 0 0 0 0.000486066 
0.00730325 0.266013 -0.000904118 0.0161657 6.02679e-05 0.000465504 
0.0146065 0.266013 -0.00334657 0.0303914 0.00023149 0.000481635 
0.0228517 0.266013 -0.0075503 0.0445305 0.000541602 0.000462271 
0.031097 0.266013 -0.0129681 0.0569146 0.000961063 0.00047809 
0.0403673 0.266013 -0.0200859 0.0694264 0.00154746 0.000460101 
0.0496377 0.266013 -0.0281001 0.0809939 0.00224547 0.00047382 
0.0600123 0.266013 -0.0378122 0.0934743 0.00315062 0.000456645 
0.0703869 0.266013 -0.0482369 0.105926 0.00418511 0.000467637 
0.0819372 0.266013 -0.0605335 0.120018 0.00548986 0.000449154 
0.0934875 0.266013 -0.0734817 0.134418 0.00695918 0.000457426 
0.106272 0.266013 -0.0885206 0.15053 0.00878116 0.000434669 
0.119057 0.266013 -0.104112 0.166524 0.0108084 0.000439267 
0.133119 0.266013 -0.121766 0.183482 0.0132711 0.00040947 
0.14718 0.266013 -0.139651 0.199322 0.0159644 0.000407474 
0.162537 0.266013 -0.159084 0.214643 0.0191469 0.000368883 
0.177894 0.266013 -0.178125 0.227523 0.0225461 0.000355965 
0.194538 0.266013 -0.197672 0.237983 0.0264261 0.000308566 
0.211181 0.266013 -0.215995 0.244776 0.0304497 0.000281005 
0.22907 0.266013 -0.233488 0.247466 0.0348601 0.000227233 
0.246958 0.266013 -0.248957 0.245881 0.0392804 0.00018441 
0.266013 0.266013 -0.262421 0.239398 0.0439115 0.000129264 
0.285068 0.266013 -0.273431 0.22899 0.0483817 7.52731e-05 
0.305174 0.266013 -0.281982 0.214136 0.0528421 2.47774e-05 
0.32528 0.266013 -0.288281 0.19657 0.0569764 -3.22412e-05 
0.346282 0.266013 -0.292601 0.175947 0.0608913 -7.37665e-05 
0.367284 0.266013 -0.295374 0.154028 0.0643593 -0.000124887 
0.388994 0.266013 -0.297136 0.130525 0.0674491 -0.000156056 
0.410703 0.266013 -0.298105 0.106663 0.0700246 -0.000194944 
0.432902 0.266013 -0.29888 0.0821602 0.0721207 -0.00021614 
0.455101 0.266013 -0.299352 0.0576241 0.0736724 -0.000239867 
0.477551 0.266013 -0.300066 0.0328664 0.0746883 -0.000251798 
0.5 0.266013 -0.300707 0.00805512 0.0751479 -0.000259583 
0.522449 0.266013 -0.301796 -0.0168276 0.0750501 -0.00026296 
0.544899 0.266013 -0.302943 -0.0418888 0.0743918 -0.00025474 
0.567098 0.266013 -0.304726 -0.0669822 0.0731846 -0.000250604 
0.589297 0.266013 -0.306718 -0.0924214 0.0714166 -0.000226179 
0.611006 0.266013 -0.309581 -0.117953 0.0691349 -0.000216144 
0.632716 0.266013 -0.312776 -0.144059 0.0662927 -0.000174899 
0.653718 0.266013 -0.316871 -0.170328 0.0629932 -0.000160999 
0.67472 0.266013 -0.321021 -0.197304 0.0591344 -0.000102799 
0.694826 0.266013 -0.325151 -0.223891 0.0549 -8.65782e-05 
0.714932 0.266013 -0.327947 -0.250493 0.0501305 -1.51155e-05 
0.733987 0.266013 -0.328055 -0.274168 0.0451256 4.56247e-06 
0.753042 0.266013 -0.324072 -0.295165 0.0396946 7.66827e-05 
0.77093 0.266013 -0.313801 -0.308329 0.0342828 0.000105641 
0.788819 0.266013 -0.296947 -0.314283 0.0286999 0.000156688 
0.805462 0.266013 -0.272621 -0.308667 0.0234982 0.000202038 
0.822106 0.266013 -0.242304 -0.292646 0.0184771 0.000214055 
0.837463 0.266013 -0.208195 -0.267396 0.0141643 0.000274335 
0.85282 0.266013 -0.171911 -0.233395 0.0103071 0.00025092 
0.866881 0.266013 -0.137918 -0.197232 0.00727634 0.000312332 
0.880943 0.266013 -0.105559 -0.157963 0.0047764 0.000276064 
0.893728 0.266013 -0.0793447 -0.122505 0.00298681 0.00032333 
0.906513 0.266013 -0.056381 -0.088911 0.00163874 0.000294053 
0.918063 0.266013 -0.0396945 -0.0616319 0.000774142 0.00032188 
0.929613 0.266013 -0.0260445 -0.0381094 0.000202839 0.000305429 
0.939988 0.266013 -0.0169507 -0.020704 -9.81453e-05 0.000317225 
0.950362 0.266013 -0.00999484 -0.00710405 -0.00023841 0.000311193 
0.959633 0.266013 -0.00576695 0.00166528 -0.000260575 0.000312917 
0.968903 0.266013 -0.00282331 0.00713669 -0.000216802 0.000313338 
0.977148 0.266013 -0.00127789 0.0091513 -0.000147428 0.000309949 
0.985394 0.266013 -0.000392372 0.00839587 -7.28937e-05 0.000313758 
0.992697 0.266013 -7.86493e-05 0.0053454 -2.10927e-05 0.000308462 
1 0.266013 0 0 0 0.00031389 

0 0.285068 0 0 0 0.000460943 
0.00730325 0.285068 -0.000930528 0.0207632 7.77764e-05 0.000439864 
0.0146065 0.285068 -0.00349319 0.0387037 0.000296905 0.000456402 
0.0228517 0.285068 -0.00794615 0.0560905 0.000689762 0.000435199 
0.031097 0.285068 -0.0136736 0.0709171 0.00121541 0.000451216 
0.0403673 0.285068 -0.0211732 0.08546 0.00194167 0.000430996 
0.0496377 0.285068 -0.0295767 0.0985646 0.00279605 0.00044461 
0.0600123 0.285068 -0.0396907 0.112381 0.00389077 0.000425255 
0.0703869 0.285068 -0.0504762 0.125963 0.00512756 0.000435649 
0.0819372 0.285068 -0.0630814 0.141133 0.00667006 0.000415081 
0.0934875 0.285068 -0.0762463 0.156491 0.00838876 0.000422037 
0.106272 0.285068 -0.0913587 0.173467 0.0104983 0.000397343 
0.119057 0.285068 -0.106866 0.190101 0.0128226 0.000399691 
0.133119 0.285068 -0.124169 0.207411 0.0156188 0.000368368 
0.14718 0.285068 -0.141476 0.223227 0.0186476 0.000363082 
0.162537 0.285068 -0.159938 0.238031 0.0221923 0.000323766 
0.177894 0.285068 -0.177743 0.249932 0.0259418 0.000306677 
0.194538 0.285068 -0.195598 0.258837 0.0301801 0.000259743 
0.211181 0.285068 -0.211983 0.263665 0.0345325 0.000227633 
0.22907 0.285068 -0.227126 0.263919 0.0392565 0.000175806 
0.246958 0.285068 -0.24011 0.259696 0.043945 0.00012883 
0.266013 0.285068 -0.250893 0.250422 0.0488098 7.68856e-05 
0.285068 0.285068 -0.259309 0.237352 0.053462 1.98336e-05 
0.305174 0.285068 -0.265433 0.220105 0.0580638 -2.73872e-05 
0.32528 0.285068 -0.269632 0.200545 0.062296 -8.62387e-05 
0.346282 0.285068 -0.272304 0.17844 0.0662772 -0.000125906 
0.367284 0.285068 -0.273845 0.155468 0.0697856 -0.000178126 
0.388994 0.285068 -0.274844 0.131362 0.0728999 -0.000209416 
0.410703 0.285068 -0.275373 0.107167 0.0754901 -0.000249334 
0.432902 0.285068 -0.275995 0.0825826 0.0775971 -0.000272098 
0.455101 0.285068 -0.276471 0.0580703 0.079159 -0.000297229 
0.477551 0.285068 -0.277264 0.0334359 0.0801869 -0.000311369 
0.5 0.285068 -0.278002 0.00878513 0.0806613 -0.000321208 
0.522449 0.285068 -0.279111 -0.0158787 0.0805821 -0.000326973 
0.544899 0.285068 -0.280209 -0.0406727 0.0799473 -0.000321789 
0.567098 0.285068 -0.281783 -0.0654061 0.0787698 -0.000320179 
0.589297 0.285068 -0.283463 -0.090393 0.0770399 -0.000300252 
0.611006 0.285068 -0.28587 -0.115351 0.0748061 -0.000293064 
0.632716 0.285068 -0.288596 -0.140791 0.0720248 -0.000257967 
0.653718 0.285068 -0.292361 -0.16643 0.0687984 -0.000247267 
0.67472 0.285068 -0.296559 -0.192903 0.0650249 -0.000195192 
0.694826 0.285068 -0.301635 -0.219663 0.0608779 -0.000181729 
0.714932 0.285068 -0.306516 -0.247232 0.0561861 -0.000110482 
0.733987 0.285068 -0.310545 -0.273678 0.0512233 -9.11841e-05 
0.753042 0.285068 -0.312138 -0.299149 0.0457683 -4.26504e-06 
0.77093 0.285068 -0.309107 -0.319045 0.0402361 2.80435e-05 
0.788819 0.285068 -0.300323 -0.333441 0.034399 0.000111566 
0.805462 0.285068 -0.283674 -0.336625 0.0288153 0.0001624 
0.822106 0.285068 -0.259953 -0.329317 0.0232656 0.000211025 
0.837463 0.285068 -0.229834 -0.310062 0.018347 0.000276665 
0.85282 0.285068 -0.195458 -0.279661 0.0138076 0.000274325 
0.866881 0.285068 -0.160665 -0.243658 0.0101226 0.000340679 
0.880943 0.285068 -0.126086 -0.201642 0.00698427 0.000304592 
0.893728 0.285068 -0.0966032 -0.161683 0.00466073 0.000355704 
0.906513 0.285068 -0.070018 -0.122166 0.00284449 0.000315593 
0.918063 0.285068 -0.0500811 -0.0889551 0.00162661 0.000345401 
0.929613 0.285068 -0.03344 -0.0594859 0.000770791 0.000317847 
0.939988 0.285068 -0.022115 -0.0370308 0.00027209 0.000330291 
0.950362 0.285068 -0.0133043 -0.0188854 -1.57233e-05 0.000317039 
0.959633 0.285068 -0.007846 -0.00658663 -0.000131925 0.000318924 
0.968903 0.285068 -0.0039677 0.00185222 -0.000151797 0.000315804 
0.977148 0.285068 -0.00186958 0.0059958 -0.000117882 0.000312509 
0.985394 0.285068 -0.000620708 0.00687613 -6.31557e-05 0.000314791 
0.992697 0.285068 -0.000131555 0.0048421 -1.90882e-05 0.000309687 
1 0.285068 0 0 0 0.000313913 

0 0.305174 0 0 0 0.000466684 
0.00730325 0.305174 -0.000989348 0.0258932 9.7079e-05 0.000443593 
0.0146065 0.305174 -0.00365839 0.0479216 0.000369156 0.00046174 
0.0228517 0.305174 -0.00824004 0.0688594 0.000853188 0.000439902 
0.031097 0.305174 -0.0141219 0.0863336 0.00149559 0.000457566 
0.0403673 0.305174 -0.0218004 0.103033 0.00237514 0.00043694 
0.0496377 0.305174 -0.0303816 0.117719 0.00340019 0.000451673 
0.0600123 0.305174 -0.0406542 0.132844 0.00470069 0.000431566 
0.0703869 0.305174 -0.0515501 0.147471 0.00615556 0.000442001 
0.0819372 0.305174 -0.0641692 0.163571 0.00795229 0.000420093 
0.0934875 0.305174 -0.077242 0.179693 0.00993515 0.000425445 
0.106272 0.305174 -0.0920639 0.197266 0.0123461 0.000398533 
0.119057 0.305174 -0.107114 0.214229 0.0149779 0.000396947 
0.133119 0.305174 -0.123647 0.231512 0.0181148 0.000362208 
0.14718 0.305174 -0.139968 0.246893 0.0214815 0.000350118 
0.162537 0.305174 -0.157046 0.260733 0.0253846 0.000306155 
0.177894 0.305174 -0.173241 0.271214 0.0294745 0.000279548 
0.194538 0.305174 -0.189077 0.278138 0.0340534 0.000227331 
0.211181 0.305174 -0.203281 0.280631 0.0387106 0.00018422 
0.22907 0.305174 -0.215959 0.278178 0.0437167 0.0001277 
0.246958 0.305174 -0.226479 0.271167 0.0486381 7.04881e-05 
0.266013 0.305174 -0.234808 0.259133 0.0536971 1.5682e-05 
0.285068 0.305174 -0.241009 0.243581 0.0584932 -4.83593e-05 
0.305174 0.305174 -0.245266 0.22428 0.0632002 -9.62048e-05 
0.32528 0.305174 -0.248002 0.203148 0.0675005 -0.000157601 
0.346282 0.305174 -0.249709 0.18001 0.071525 -0.000196281 
0.367284 0.305174 -0.250667 0.156409 0.0750586 -0.000247485 
0.388994 0.305174 -0.251471 0.132034 0.0781893 -0.000277153 
0.410703 0.305174 -0.252036 0.107758 0.0807918 -0.000314482 
0.432902 0.305174 -0.252861 0.0832222 0.0829112 -0.000335649 
0.455101 0.305174 -0.253613 0.0587964 0.0844872 -0.000358217 
0.477551 0.305174 -0.254675 0.0342578 0.0855317 -0.000370942 
0.5 0.305174 -0.255654 0.00969871 0.0860251 -0.000378909 
0.522449 0.305174 -0.256893 -0.0148714 0.0859675 -0.000383218 
0.544899 0.305174 -0.258035 -0.0395508 0.0853571 -0.00037688 
0.567098 0.305174 -0.259469 -0.0641056 0.0842075 -0.00037331 
0.589297 0.305174 -0.260881 -0.0888339 0.0825109 -0.000352784 
0.611006 0.305174 -0.262799 -0.113369 0.0803176 -0.000342599 
0.632716 0.305174 -0.264915 -0.138235 0.0775882 -0.000307408 
0.653718 0.305174 -0.267949 -0.163089 0.0744265 -0.000292624 
0.67472 0.305174 -0.271488 -0.18866 0.0707354 -0.000241239 
0.694826 0.305174 -0.276264 -0.214633 0.0666845 -0.000224475 
0.714932 0.305174 -0.281477 -0.241758 0.0620995 -0.000155217 
0.733987 0.305174 -0.287153 -0.269001 0.0572344 -0.000138502 
0.753042 0.305174 -0.291838 -0.296713 0.0518451 -5.41803e-05 
0.77093 0.305174 -0.29397 -0.321454 0.0463098 -3.56445e-05 
0.788819 0.305174 -0.291957 -0.343023 0.0403597 4.9188e-05 
0.805462 0.305174 -0.283224 -0.355354 0.0345319 7.78714e-05 
0.822106 0.305174 -0.267613 -0.358478 0.0285754 0.000136937 
0.837463 0.305174 -0.244194 -0.348272 0.0231292 0.000184612 
0.85282 0.305174 -0.214844 -0.325366 0.0179377 0.00019776 
0.866881 0.305174 -0.182091 -0.292991 0.0135777 0.000260871 
0.880943 0.305174 -0.14759 -0.25116 0.00974021 0.000235413 
0.893728 0.305174 -0.116061 -0.208409 0.0068006 0.00029667 
0.906513 0.305174 -0.0864706 -0.163553 0.00442143 0.000259944 
0.918063 0.305174 -0.0632076 -0.12415 0.00276402 0.000303909 
0.929613 0.305174 -0.0432089 -0.0878729 0.00154376 0.000276328 
0.939988 0.305174 -0.0291458 -0.059265 0.000785585 0.000299901 
0.950362 0.305174 -0.0179467 -0.0353624 0.000299726 0.000285798 
0.959633 0.305174 -0.0108193 -0.0184407 5.4534e-05 0.000293974 
0.968903 0.305174 -0.00562743 -0.00603041 -5.47789e-05 0.000290025 
0.977148 0.305174 -0.00273014 0.00104438 -7.21932e-05 0.000289344 
0.985394 0.305174 -0.000940417 0.00424672 -4.72831e-05 0.000291157 
0.992697 0.305174 -0.000213977 0.00373235 -1.58524e-05 0.000286689 
1 0.305174 0 0 0 0.000291071 

0 0.32528 0 0 0 0.000431062 
0.00730325 0.32528 -0.000941127 0.0310689 0.000116461 0.00040986 
0.0146065 0.32528 -0.00353785 0.0572332 0.00044187 0.000426718 
0.0228517 0.32528 -0.00808097 0.0817803 0.00101793 0.000404913 
0.031097 0.32528 -0.013928 0.101941 0.0017783 0.000421426 
0.0403673 0.32528 -0.0215872 0.120809 0.00281274 0.000399914 
0.0496377 0.32528 -0.0301358 0.13705 0.00400988 0.000413667 
0.0600123 0.32528 -0.0403398 0.153407 0.00551711 0.000392421 
0.0703869 0.32528 -0.0511143 0.168966 0.00718984 0.000401737 
0.0819372 0.32528 -0.0634981 0.185828 0.0092387 0.000378762 
0.0934875 0.32528 -0.0762335 0.202515 0.0114812 0.000382471 
0.106272 0.32528 -0.0905113 0.220437 0.0141854 0.000354784 
0.119057 0.32528 -0.104867 0.237464 0.0171129 0.000350813 
0.133119 0.32528 -0.120407 0.254421 0.0205731 0.000315865 
0.14718 0.32528 -0.135555 0.269074 0.0242555 0.000300685 
0.162537 0.32528 -0.151106 0.281658 0.0284882 0.000257398 
0.177894 0.32528 -0.165608 0.290462 0.032885 0.00022735 
0.194538 0.32528 -0.179426 0.295202 0.0377642 0.000176975 
0.211181 0.32528 -0.19153 0.29523 0.0426831 0.000130737 
0.22907 0.32528 -0.201946 0.290053 0.0479238 7.71661e-05 
0.246958 0.32528 -0.210298 0.280346 0.0530317 1.78664e-05 
0.266013 0.32528 -0.216597 0.265783 0.0582396 -3.37393e-05 
0.285068 0.32528 -0.221071 0.248072 0.0631405 -9.855e-05 
0.305174 0.32528 -0.224014 0.227108 0.0679201 -0.000144353 
0.32528 0.32528 -0.225833 0.204812 0.0722653 -0.000205652 
0.346282 0.32528 -0.227081 0.181005 0.0763181 -0.000244234 
0.367284 0.32528 -0.227893 0.157082 0.07987 -0.00029525 
0.388994 0.32528 -0.228836 0.132652 0.0830161 -0.000326333 
0.410703 0.32528 -0.229689 0.108444 0.0856342 -0.000363875 
0.432902 0.32528 -0.23088 0.084031 0.0877718 -0.000387008 
0.455101 0.32528 -0.232021 0.0597259 0.0893683 -0.000410288 
0.477551 0.32528 -0.233424 0.0352768 0.0904358 -0.000424864 
0.5 0.32528 -0.23471 0.0107858 0.0909536 -0.000434007 
0.522449 0.32528 -0.236155 -0.0137363 0.0909211 -0.000439839 
0.544899 0.32528 -0.237435 -0.0383611 0.0903367 -0.00043523 
0.567098 0.32528 -0.238859 -0.0628206 0.0892137 -0.00043291 
0.589297 0.32528 -0.240146 -0.0873931 0.0875461 -0.000415067 
0.611006 0.32528 -0.241706 -0.11163 0.0853852 -0.000406063 
0.632716 0.32528 -0.243284 -0.136054 0.0826956 -0.000375357 
0.653718 0.32528 -0.245493 -0.160212 0.0795836 -0.000362012 
0.67472 0.32528 -0.248049 -0.184889 0.0759583 -0.000317771 
0.694826 0.32528 -0.251786 -0.209824 0.0719899 -0.000302897 
0.714932 0.32528 -0.256197 -0.235958 0.0675081 -0.000242176 
0.733987 0.32528 -0.261904 -0.262869 0.0627561 -0.000227204 
0.753042 0.32528 -0.267784 -0.291241 0.0574786 -0.000145944 
0.77093 0.32528 -0.273153 -0.318848 0.0520215 -0.000127334 
0.788819 0.32528 -0.276216 -0.345575 0.0460808 -2.88847e-05 
0.805462 0.32528 -0.274469 -0.365818 0.0401556 2.57296e-06 
0.822106 0.32528 -0.266763 -0.37903 0.0339539 9.47281e-05 
0.837463 0.32528 -0.250853 -0.379065 0.0281227 0.000146065 
0.85282 0.32528 -0.227913 -0.365987 0.0223914 0.000195532 
0.866881 0.32528 -0.19891 -0.340028 0.0174176 0.000262086 
0.880943 0.32528 -0.166183 -0.301393 0.0128962 0.000255636 
0.893728 0.32528 -0.13388 -0.258078 0.00931542 0.000320944 
0.906513 0.32528 -0.102276 -0.209348 0.00632145 0.000282799 
0.918063 0.32528 -0.0761865 -0.164368 0.00416392 0.000330429 
0.929613 0.32528 -0.0531166 -0.121217 0.00251476 0.000292308 
0.939988 0.32528 -0.0363927 -0.085956 0.00144263 0.000318058 
0.950362 0.32528 -0.0228034 -0.0555402 0.000711231 0.000294122 
0.959633 0.32528 -0.0139644 -0.0332079 0.000302525 0.000303346 
0.968903 0.32528 -0.00740606 -0.0160123 7.72209e-05 0.000293315 
0.977148 0.32528 -0.00366376 -0.00531113 -8.44469e-06 0.000293277 
0.985394 0.32528 -0.00129698 0.000862012 -2.44224e-05 0.000291997 
0.992697 0.32528 -0.00029696 0.00238871 -1.07195e-05 0.000288154 
1 0.32528 0 0 0 0.000290575 

0 0.346282 0 0 0 0.000425672 
0.00730325 0.346282 -0.000917967 0.0362004 0.000136032 0.000404599 
0.0146065 0.346282 -0.00341035 0.0665862 0.000515251 0.000421192 
0.0228517 0.346282 -0.00775143 0.0948535 0.00118486 0.000400596 
0.031097 0.346282 -0.0133564 0.117802 0.00206562 0.000417111 
0.0403673 0.346282 -0.0207329 0.138918 0.00325857 0.000396432 
0.0496377 0.346282 -0.0289802 0.156731 0.00463198 0.000409968 
0.0600123 0.346282 -0.0388213 0.174276 0.00635056 0.000388574 
0.0703869 0.346282 -0.0491843 0.190656 0.00824514 0.000396718 
0.0819372 0.346282 -0.0610137 0.208103 0.0105491 0.000372618 
0.0934875 0.346282 -0.0730961 0.225134 0.0130522 0.000373524 
0.106272 0.346282 -0.0864883 0.243133 0.0160476 0.000343715 
0.119057 0.346282 -0.0998236 0.259929 0.0192655 0.00033481 
0.133119 0.346282 -0.114049 0.276242 0.0230393 0.000296662 
0.14718 0.346282 -0.127744 0.289854 0.0270235 0.000274341 
0.162537 0.346282 -0.141543 0.300888 0.0315658 0.000227018 
0.177894 0.346282 -0.154204 0.307765 0.0362456 0.000188353 
0.194538 0.346282 -0.165971 0.310153 0.0413955 0.000133918 
0.211181 0.346282 -0.176056 0.307643 0.0465444 7.92808e-05 
0.22907 0.346282 -0.18446 0.299816 0.0519849 2.27332e-05 
0.246958 0.346282 -0.191012 0.287618 0.0572462 -4.25555e-05 
0.266013 0.346282 -0.195794 0.270869 0.0625719 -9.53827e-05 
0.285068 0.346282 -0.199102 0.251431 0.0675527 -0.000162341 
0.305174 0.346282 -0.201317 0.229262 0.0723865 -0.000207851 
0.32528 0.346282 -0.202752 0.20624 0.0767658 -0.000267877 
0.346282 0.346282 -0.203973 0.182109 0.0808434 -0.000305433 
0.367284 0.346282 -0.204968 0.158123 0.0844156 -0.000353567 
0.388994 0.346282 -0.206246 0.133774 0.0875833 -0.00038356 
0.410703 0.346282 -0.207497 0.109696 0.0902253 -0.000418312 
0.432902 0.346282 -0.20908 0.0853889 0.0923904 -0.000440563 
0.455101 0.346282 -0.210601 0.0611559 0.0940167 -0.000461898 
0.477551 0.346282 -0.21232 0.0367189 0.0951154 -0.00047576 
0.5 0.346282 -0.213892 0.01221 0.0956648 -0.000483796 
0.522449 0.346282 -0.215549 -0.012365 0.0956635 -0.000488895 
0.544899 0.346282 -0.217007 -0.0370483 0.0951093 -0.000483768 
0.567098 0.346282 -0.21851 -0.0615594 0.0940154 -0.000480414 
0.589297 0.346282 -0.21981 -0.0861567 0.0923765 -0.00046245 
0.611006 0.346282 -0.221211 -0.110335 0.0902444 -0.000451661 
0.632716 0.346282 -0.22249 -0.134601 0.0875867 -0.000421205 
0.653718 0.346282 -0.224118 -0.15837 0.0845118 -0.000404663 
0.67472 0.346282 -0.225894 -0.18243 0.0809348 -0.000361295 
0.694826 0.346282 -0.228572 -0.206374 0.0770295 -0.000341499 
0.714932 0.346282 -0.231856 -0.23127 0.0726332 -0.000282999 
0.733987 0.346282 -0.236617 -0.256913 0.0679866 -0.000263355 
0.753042 0.346282 -0.242081 -0.284371 0.0628338 -0.000186572 
0.77093 0.346282 -0.24834 -0.312499 0.0574976 -0.000169713 
0.788819 0.346282 -0.253786 -0.341632 0.0516487 -7.68618e-05 
0.805462 0.346282 -0.256661 -0.367397 0.0457414 -5.98029e-05 
0.822106 0.346282 -0.255276 -0.389074 0.0394387 3.20093e-05 
0.837463 0.346282 -0.246886 -0.399587 0.033365 6.03835e-05 
0.85282 0.346282 -0.231622 -0.398262 0.0272204 0.000120768 
0.866881 0.346282 -0.20881 -0.381988 0.0217143 0.000170023 
0.880943 0.346282 -0.180646 -0.350704 0.016543 0.000179245 
0.893728 0.346282 -0.15005 -0.310405 0.0123057 0.000242582 
0.906513 0.346282 -0.11843 -0.260625 0.00864473 0.000213713 
0.918063 0.346282 -0.0905301 -0.211663 0.00591692 0.000271343 
0.929613 0.346282 -0.0648883 -0.162061 0.0037587 0.000235052 
0.939988 0.346282 -0.0454474 -0.119758 0.00230151 0.000273377 
0.950362 0.346282 -0.0291846 -0.0819039 0.0012602 0.000248208 
0.959633 0.346282 -0.0182462 -0.0530411 0.000639882 0.000266797 
0.968903 0.346282 -0.00992364 -0.0298592 0.000260756 0.000254855 
0.977148 0.346282 -0.00502738 -0.0144516 8.22866e-05 0.000260041 
0.985394 0.346282 -0.00184073 -0.00431183 9.09573e-06 0.000256915 
0.992697 0.346282 -0.000442509 6.54966e-05 -3.28513e-06 0.000255587 
1 0.346282 0 0 0 0.000256325 

0 0.367284 0 0 0 0.000381964 
0.00730325 0.367284 -0.000792949 0.0410806 0.000153875 0.000365026 
0.0146065 0.367284 -0.00300641 0.0754378 0.000583109 0.000378599 
0.0228517 0.367284 -0.0069839 0.107288 0.00134022 0.000360111 
0.031097 0.367284 -0.012167 0.132973 0.00233452 0.000374048 
0.0403673 0.367284 -0.0190793 0.156318 0.00367802 0.000354059 
0.0496377 0.367284 -0.0268378 0.175679 0.00521946 0.000365698 
0.0600123 0.367284 -0.0361244 0.194351 0.00713971 0.000344335 
0.0703869 0.367284 -0.0458882 0.211448 0.00924548 0.000350922 
0.0819372 0.367284 -0.0569766 0.229323 0.011791 0.000326818 
0.0934875 0.367284 -0.0682346 0.246515 0.0145389 0.000326014 
0.106272 0.367284 -0.0805855 0.264379 0.0178056 0.000296542 
0.119057 0.367284 -0.0927739 0.280735 0.0212911 0.000285574 
0.133119 0.367284 -0.105597 0.296196 0.02535 0.000248337 
0.14718 0.367284 -0.117796 0.308588 0.0296048 0.000223766 
0.162537 0.367284 -0.129866 0.317937 0.0344204 0.000178113 
0.177894 0.367284 -0.140766 0.322813 0.0393454 0.000137477 
0.194538 0.367284 -0.150655 0.322861 0.0447248 8.54763e-05 
0.211181 0.367284 -0.158952 0.317917 0.0500638 2.9748e-05 
0.22907 0.367284 -0.165666 0.307652 0.055665 -2.40891e-05 
0.246958 0.367284 -0.170774 0.293263 0.0610461 -8.92474e-05 
0.266013 0.367284 -0.174437 0.274691 0.0664614 -0.000140142 
0.285068 0.367284 -0.17696 0.253912 0.0715022 -0.000206064 
0.305174 0.367284 -0.178784 0.230892 0.0763778 -0.00025128 
0.32528 0.367284 -0.180107 0.207445 0.0807865 -0.000310165 
0.346282 0.367284 -0.181476 0.183202 0.0848897 -0.000348921 
0.367284 0.367284 -0.182753 0.159292 0.0884872 -0.000396438 
0.388994 0.367284 -0.184379 0.13509 0.0916836 -0.000428246 
0.410703 0.367284 -0.185996 0.111165 0.0943575 -0.000463032 
0.432902 0.367284 -0.1879 0.086959 0.0965577 -0.000486965 
0.455101 0.367284 -0.189722 0.0627851 0.0982206 -0.000508819 
0.477551 0.367284 -0.191683 0.0383473 0.0993568 -0.000523962 
0.5 0.367284 -0.193486 0.013811 0.099943 -0.000532826 
0.522449 0.367284 -0.195335 -0.0108234 0.0999772 -0.000538817 
0.544899 0.367284 -0.196986 -0.0355736 0.099457 -0.000534753 
0.567098 0.367284 -0.198641 -0.060156 0.0983947 -0.000531956 
0.589297 0.367284 -0.200078 -0.0848152 0.0967858 -0.000515389 
0.611006 0.367284 -0.20152 -0.10901 0.0946817 -0.000504875 
0.632716 0.367284 -0.20276 -0.133234 0.0920518 -0.000476637 
0.653718 0.367284 -0.204118 -0.156789 0.0890056 -0.000460235 
0.67472 0.367284 -0.205423 -0.180449 0.0854631 -0.000421096 
0.694826 0.367284 -0.207254 -0.203627 0.0816015 -0.000401606 
0.714932 0.367284 -0.209442 -0.227436 0.0772669 -0.000350845 
0.733987 0.367284 -0.2129 -0.251682 0.0727025 -0.000331862 
0.753042 0.367284 -0.217202 -0.277713 0.067659 -0.000265376 
0.77093 0.367284 -0.223067 -0.305115 0.0624475 -0.000249058 
0.788819 0.367284 -0.229277 -0.334798 0.0567266 -0.000161234 
0.805462 0.367284 -0.235008 -0.36376 0.0509123 -0.000143435 
0.822106 0.367284 -0.238303 -0.391575 0.0446277 -3.90253e-05 
0.837463 0.367284 -0.236418 -0.411228 0.0384553 -8.51265e-06 
0.85282 0.367284 -0.228428 -0.421463 0.0320551 8.35243e-05 
0.866881 0.367284 -0.212307 -0.416301 0.0261518 0.000134682 
0.880943 0.367284 -0.189697 -0.395054 0.0204339 0.000176371 
0.893728 0.367284 -0.1621 -0.36072 0.0155924 0.000241872 
0.906513 0.367284 -0.131759 -0.31288 0.0112747 0.000227585 
0.918063 0.367284 -0.103018 -0.262066 0.00795174 0.000288973 
0.929613 0.367284 -0.0755794 -0.207258 0.00523757 0.000249436 
0.939988 0.367284 -0.0538476 -0.158304 0.00334367 0.000291542 
0.950362 0.367284 -0.035193 -0.112767 0.00193952 0.000256747 
0.959633 0.367284 -0.0222919 -0.0767515 0.00106469 0.000277914 
0.968903 0.367284 -0.0122888 -0.046722 0.00049602 0.000257815 
0.977148 0.367284 -0.00628811 -0.0257413 0.000200591 0.000264661 
0.985394 0.367284 -0.00231832 -0.0107358 5.36143e-05 0.00025669 
0.992697 0.367284 -0.000553312 -0.00273293 7.12472e-06 0.000256671 
1 0.367284 0 0 0 0.000254649 

0 0.388994 0 0 0 0.000364436 
0.00730325 0.388994 -0.000688409 0.0452541 0.000170025 0.000349966 
0.0146065 0.388994 -0.0025938 0.0833147 0.000644352 0.000361385 
0.0228517 0.388994 -0.00605281 0.118618 0.00148213 0.000345958 
0.031097 0.388994 -0.0106114 0.147021 0.00258255 0.000358228 
0.0403673 0.388994 -0.0167946 0.172636 0.00406844 0.000340453 
0.0496377 0.388994 -0.0237937 0.19357 0.00577009 0.000350666 
0.0600123 0.388994 -0.0322371 0.213361 0.0078834 0.000330042 
0.0703869 0.388994 -0.0411291 0.231103 0.0101914 0.000334669 
0.0819372 0.388994 -0.0512 0.24928 0.0129674 0.000310021 
0.0934875 0.388994 -0.0613793 0.266471 0.0159476 0.000306021 
0.106272 0.388994 -0.0724424 0.284015 0.0194693 0.000275011 
0.119057 0.388994 -0.0832734 0.299752 0.0232038 0.000259346 
0.133119 0.388994 -0.0945245 0.314204 0.0275251 0.000219738 
0.14718 0.388994 -0.10512 0.325259 0.0320258 0.00018929 
0.162537 0.388994 -0.11544 0.332868 0.037086 0.000140801 
0.177894 0.388994 -0.124644 0.33576 0.0422268 9.41391e-05 
0.194538 0.388994 -0.132842 0.333589 0.0478045 3.95644e-05 
0.211181 0.388994 -0.139625 0.326429 0.0533044 -2.0736e-05 
0.22907 0.388994 -0.145032 0.314049 0.0590389 -7.616e-05 
0.246958 0.388994 -0.149116 0.297862 0.0645178 -0.000143054 
0.266013 0.388994 -0.152098 0.277887 0.070006 -0.000194351 
0.285068 0.388994 -0.154232 0.256176 0.0750969 -0.000259073 
0.305174 0.388994 -0.155972 0.232635 0.0800107 -0.000303903 
0.32528 0.388994 -0.157396 0.209009 0.0844503 -0.00035997 
0.346282 0.388994 -0.159003 0.184788 0.0885845 -0.000398094 
0.367284 0.388994 -0.160574 0.161006 0.0922146 -0.000442794 
0.388994 0.388994 -0.162481 0.136932 0.095448 -0.000474048 
0.410703 0.388994 -0.164367 0.113108 0.0981615 -0.000506877 
0.432902 0.388994 -0.166481 0.0889388 0.100404 -0.000530386 
0.455101 0.388994 -0.168496 0.0647621 0.10211 -0.000551173 
0.477551 0.388994 -0.170613 0.0402764 0.103289 -0.000565941 
0.5 0.388994 -0.17258 0.0156768 0.103918 -0.000574337 
0.522449 0.388994 -0.174584 -0.00904087 0.103993 -0.00057991 
0.544899 0.388994 -0.176414 -0.0338794 0.103512 -0.000575739 
0.567098 0.388994 -0.178248 -0.0585634 0.102486 -0.000572397 
0.589297 0.388994 -0.179884 -0.0833318 0.100912 -0.000555982 
0.611006 0.388994 -0.18149 -0.107639 0.0988391 -0.000544643 
0.632716 0.388994 -0.182871 -0.131967 0.0962389 -0.000516817 
0.653718 0.388994 -0.184234 -0.155553 0.0932203 -0.000498905 
0.67472 0.388994 -0.185424 -0.179142 0.0897065 -0.000460574 
0.694826 0.388994 -0.186833 -0.201965 0.085877 -0.000438071 
0.714932 0.388994 -0.188362 -0.225109 0.0815855 -0.000389 
0.733987 0.388994 -0.190781 -0.248175 0.0770801 -0.000364897 
0.753042 0.388994 -0.19389 -0.272647 0.0721219 -0.000302108 
0.77093 0.388994 -0.19863 -0.298417 0.0670202 -0.000280642 
0.788819 0.388994 -0.204188 -0.326941 0.0614326 -0.000199631 
0.805462 0.388994 -0.210554 -0.356532 0.0557476 -0.000183579 
0.822106 0.388994 -0.215963 -0.387447 0.0495586 -8.69827e-05 
0.837463 0.388994 -0.218376 -0.413695 0.0433985 -7.11301e-05 
0.85282 0.388994 -0.216227 -0.433916 0.0368809 2.01342e-05 
0.866881 0.388994 -0.206862 -0.44026 0.0307145 4.96815e-05 
0.880943 0.388994 -0.190942 -0.431294 0.0245664 0.00010242 
0.893728 0.388994 -0.168414 -0.406254 0.0191923 0.000153687 
0.906513 0.388994 -0.141636 -0.364387 0.0142464 0.000152903 
0.918063 0.388994 -0.11397 -0.315029 0.0103139 0.000214434 
0.929613 0.388994 -0.0862541 -0.25736 0.00699997 0.000180795 
0.939988 0.388994 -0.0629738 -0.202947 0.00461366 0.000232277 
0.950362 0.388994 -0.0422756 -0.149872 0.00278517 0.000196858 
0.959633 0.388994 -0.0273607 -0.106152 0.00160359 0.000228601 
0.968903 0.388994 -0.0154758 -0.0682868 0.000800226 0.000205443 
0.977148 0.388994 -0.00810084 -0.0406096 0.000356409 0.000220013 
0.985394 0.388994 -0.0030911 -0.0195565 0.000113471 0.000208278 
0.992697 0.388994 -0.000767231 -0.00684739 2.10612e-05 0.000213192 
1 0.388994 0 0 0 0.000206788 

0 0.410703 0 0 0 0.000318358 
0.00730325 0.410703 -0.00050861 0.0488997 0.000182782 0.000309316 
0.0146065 0.410703 -0.00197571 0.0901196 0.000694486 0.000316551 
0.0228517 0.410703 -0.004793 0.128525 0.00160022 0.000304849 
0.031097 0.410703 -0.00859088 0.159486 0.00279193 0.000313441 
0.0403673 0.410703 -0.0139103 0.187318 0.00440269 0.000297751 
0.0496377 0.410703 -0.0200141 0.209819 0.00624678 0.000305293 
0.0600123 0.410703 -0.0274845 0.230718 0.00853328 0.000285702 
0.0703869 0.410703 -0.0353837 0.249057 0.0110234 0.000288478 
0.0819372 0.410703 -0.0443299 0.267444 0.0140065 0.000264621 
0.0934875 0.410703 -0.0533421 0.284523 0.0171946 0.000259084 
0.106272 0.410703 -0.0630566 0.301624 0.0209428 0.000229134 
0.119057 0.410703 -0.0724983 0.316641 0.0248964 0.000212039 
0.133119 0.410703 -0.0821908 0.330013 0.0294463 0.000173924 
0.14718 0.410703 -0.0912322 0.339712 0.0341585 0.000142373 
0.162537 0.410703 -0.0999133 0.345628 0.0394266 9.57952e-05 
0.177894 0.410703 -0.107567 0.346651 0.0447481 4.87822e-05 
0.194538 0.410703 -0.114282 0.342458 0.0504894 -3.71697e-06 
0.211181 0.410703 -0.119779 0.333345 0.0561202 -6.32893e-05 
0.22907 0.410703 -0.124135 0.319167 0.061962 -0.000117097 
0.246958 0.410703 -0.127439 0.301526 0.0675196 -0.000182331 
0.266013 0.410703 -0.129953 0.280473 0.0730677 -0.000233172 
0.285068 0.410703 -0.131863 0.258113 0.0782024 -0.000295995 
0.305174 0.410703 -0.133608 0.234259 0.0831533 -0.000341651 
0.32528 0.410703 -0.135169 0.21059 0.0876263 -0.000396322 
0.346282 0.410703 -0.136977 0.186457 0.0917963 -0.000435953 
0.367284 0.410703 -0.138772 0.162821 0.0954645 -0.000480039 
0.388994 0.410703 -0.140859 0.138867 0.09874 -0.000512767 
0.410703 0.410703 -0.142909 0.115127 0.101498 -0.000545619 
0.432902 0.410703 -0.145129 0.0909833 0.103786 -0.000570243 
0.455101 0.410703 -0.147249 0.0668031 0.105538 -0.000591447 
0.477551 0.410703 -0.149448 0.0422836 0.106764 -0.000606978 
0.5 0.410703 -0.151521 0.0176447 0.107437 -0.000616025 
0.522449 0.410703 -0.153641 -0.00712271 0.107556 -0.000622088 
0.544899 0.410703 -0.155629 -0.0320123 0.107117 -0.000618716 
0.567098 0.410703 -0.157643 -0.0567596 0.106132 -0.000615617 
0.589297 0.410703 -0.159504 -0.0816042 0.104597 -0.000600107 
0.611006 0.410703 -0.161343 -0.106005 0.10256 -0.00058874 
0.632716 0.410703 -0.162983 -0.130443 0.0999939 -0.000562014 
0.653718 0.410703 -0.164547 -0.154118 0.0970056 -0.000543798 
0.67472 0.410703 -0.165884 -0.17775 0.0935202 -0.000507294 
0.694826 0.410703 -0.167216 -0.200429 0.089718 -0.000484336 
0.714932 0.410703 -0.168465 -0.223189 0.0854585 -0.000439295 
0.733987 0.410703 -0.170175 -0.2454 0.0809942 -0.00041483 
0.753042 0.410703 -0.172296 -0.268564 0.0760969 -0.000360219 
0.77093 0.410703 -0.175785 -0.292629 0.0710796 -0.000338532 
0.788819 0.410703 -0.180235 -0.319424 0.0656072 -0.000268731 
0.805462 0.410703 -0.18629 -0.348238 0.0600538 -0.000252212 
0.822106 0.410703 -0.192558 -0.380141 0.0539962 -0.000160975 
0.837463 0.410703 -0.197842 -0.410524 0.0479225 -0.000143973 
0.85282 0.410703 -0.200178 -0.438438 0.041403 -4.03355e-05 
0.866881 0.410703 -0.196704 -0.455236 0.0351077 -9.6008e-06 
0.880943 0.410703 -0.187079 -0.458857 0.0286701 7.14435e-05 
0.893728 0.410703 -0.169936 -0.444868 0.0228774 0.000123218 
0.906513 0.410703 -0.147394 -0.411859 0.0173847 0.000147879 
0.918063 0.410703 -0.121691 -0.366803 0.0128787 0.000211245 
0.929613 0.410703 -0.0945935 -0.308855 0.00896637 0.000186126 
0.939988 0.410703 -0.0704289 -0.25069 0.00606354 0.000241542 
0.950362 0.410703 -0.048234 -0.190907 0.00377176 0.000201196 
0.959633 0.410703 -0.0316473 -0.139542 0.00224397 0.000236975 
0.968903 0.410703 -0.0181384 -0.0933556 0.00116813 0.000205539 
0.977148 0.410703 -0.0095659 -0.0582108 0.000547781 0.000223211 
0.985394 0.410703 -0.00365523 -0.0301285 0.000188107 0.00020525 
0.992697 0.410703 -0.000899248 -0.0117465 3.89909e-05 0.000212556 
1 0.410703 0 0 0 0.000202529 

0 0.432902 0 0 0 0.000291575 
0.00730325 0.432902 -0.000349494 0.0513142 0.000192385 0.000286615 
0.0146065 0.432902 -0.00137464 0.0951037 0.00073214 0.000290511 
0.0228517 0.432902 -0.00345468 0.136232 0.0016918 0.000283112 
0.031097 0.432902 -0.00635217 0.16959 0.00295853 0.000288865 
0.0403673 0.432902 -0.0106014 0.199624 0.00467515 0.00027658 
0.0496377 0.432902 -0.0155903 0.223735 0.00664272 0.000281914 
0.0600123 0.432902 -0.0218514 0.245805 0.00908175 0.00026409 
0.0703869 0.432902 -0.0285425 0.264759 0.0117336 0.000264706 
0.0819372 0.432902 -0.0361662 0.283344 0.0149013 0.000241152 
0.0934875 0.432902 -0.0438481 0.300265 0.0182739 0.000232847 
0.106272 0.432902 -0.0520825 0.316881 0.0222222 0.000202258 
0.119057 0.432902 -0.060045 0.33116 0.026368 0.000181673 
0.133119 0.432902 -0.0681434 0.343489 0.0311165 0.000142328 
0.14718 0.432902 -0.0756492 0.351922 0.0360108 0.000107068 
0.162537 0.432902 -0.0827893 0.356315 0.0414559 5.89906e-05 
0.177894 0.432902 -0.0890503 0.355708 0.0469299 9.01168e-06 
0.194538 0.432902 -0.0945157 0.349809 0.0528079 -4.4802e-05 
0.211181 0.432902 -0.0989941 0.339108 0.0585476 -0.000105554 
0.22907 0.432902 -0.102593 0.323522 0.0644789 -0.000160122 
0.246958 0.432902 -0.105388 0.304804 0.0701032 -0.000224342 
0.266013 0.432902 -0.107653 0.282993 0.0757047 -0.000275353 
0.285068 0.432902 -0.109492 0.260227 0.0808814 -0.000335662 
0.305174 0.432902 -0.111298 0.236209 0.085871 -0.000381136 
0.32528 0.432902 -0.112988 0.212557 0.0903814 -0.000433093 
0.346282 0.432902 -0.114921 0.188506 0.0945918 -0.000472454 
0.367284 0.432902 -0.116838 0.164968 0.0983025 -0.000514551 
0.388994 0.432902 -0.118988 0.141073 0.101624 -0.000547046 
0.410703 0.432902 -0.12109 0.117358 0.104429 -0.000578791 
0.432902 0.432902 -0.123325 0.0932014 0.106766 -0.00060321 
0.455101 0.432902 -0.125473 0.0689937 0.108567 -0.000623924 
0.477551 0.432902 -0.1277 0.044437 0.10984 -0.000639218 
0.5 0.432902 -0.129838 0.0197672 0.110561 -0.000648124 
0.522449 0.432902 -0.132048 -0.00502935 0.110727 -0.000653883 
0.544899 0.432902 -0.134176 -0.0299435 0.110335 -0.000650592 
0.567098 0.432902 -0.136363 -0.0547244 0.109396 -0.000647123 
0.589297 0.432902 -0.138453 -0.0796162 0.107905 -0.000631899 
0.611006 0.432902 -0.140552 -0.104095 0.105912 -0.00062011 
0.632716 0.432902 -0.142499 -0.128644 0.103386 -0.000593903 
0.653718 0.432902 -0.144365 -0.152462 0.100434 -0.000575141 
0.67472 0.432902 -0.146009 -0.176256 0.0969832 -0.000539454 
0.694826 0.432902 -0.147536 -0.19903 0.0932111 -0.000515419 
0.714932 0.432902 -0.148875 -0.221759 0.0889818 -0.000471675 
0.733987 0.432902 -0.150362 -0.243587 0.0845501 -0.000444634 
0.753042 0.432902 -0.152016 -0.265937 0.0796977 -0.000392485 
0.77093 0.432902 -0.154622 -0.288574 0.0747431 -0.000365999 
0.788819 0.432902 -0.158036 -0.313489 0.0693632 -0.000301314 
0.805462 0.432902 -0.163131 -0.340537 0.0639277 -0.000280268 
0.822106 0.432902 -0.168957 -0.371524 0.0580091 -0.000197718 
0.837463 0.432902 -0.175116 -0.403374 0.0520609 -0.000183776 
0.85282 0.432902 -0.179746 -0.43596 0.0456174 -8.8689e-05 
0.866881 0.432902 -0.180457 -0.46096 0.0392993 -7.28346e-05 
0.880943 0.432902 -0.176173 -0.476148 0.0326981 8.44904e-06 
0.893728 0.432902 -0.164709 -0.474043 0.0266016 4.17042e-05 
0.906513 0.432902 -0.14746 -0.452477 0.0206563 7.65253e-05 
0.918063 0.432902 -0.12534 -0.414908 0.0156291 0.000130242 
0.929613 0.432902 -0.100545 -0.36013 0.0111356 0.000114132 
0.939988 0.432902 -0.0767862 -0.300842 0.0077017 0.000171885 
0.950362 0.432902 -0.0540845 -0.235942 0.00491234 0.00013298 
0.959633 0.432902 -0.0362815 -0.17753 0.00299893 0.0001772 
0.968903 0.432902 -0.0213464 -0.122805 0.00161008 0.000142338 
0.977148 0.432902 -0.0115071 -0.079464 0.000781545 0.000168708 
0.985394 0.432902 -0.00454635 -0.0432964 0.00028082 0.000145261 
0.992697 0.432902 -0.00115498 -0.0180886 6.13715e-05 0.000159485 
1 0.432902 0 0 0 0.000142429 

0 0.455101 0 0 0 0.000250664 
0.00730325 0.455101 -0.000151943 0.0530493 0.000197633 0.000251104 
0.0146065 0.455101 -0.000668015 0.0986557 0.000755329 0.000250588 
0.0228517 0.455101 -0.00194147 0.141963 0.0017517 0.000247605 
0.031097 0.455101 -0.00386061 0.177434 0.00307284 0.000249198 
0.0403673 0.455101 -0.0069601 0.209552 0.00487043 0.000239893 
0.0496377 0.455101 -0.0107551 0.23527 0.00693614 0.000242029 
0.0600123 0.455101 -0.0157369 0.258557 0.00949982 0.000225887 
0.0703869 0.455101 -0.0211589 0.278163 0.0122861 0.00022444 
0.0819372 0.455101 -0.0274176 0.296954 0.0156083 0.000202028 
0.0934875 0.455101 -0.0337426 0.313706 0.0191359 0.000192421 
0.106272 0.455101 -0.0404971 0.329824 0.0232514 0.000163055 
0.119057 0.455101 -0.0470013 0.343381 0.0275567 0.000141668 
0.133119 0.455101 -0.0535608 0.354727 0.0324689 0.000103754 
0.14718 0.455101 -0.0596079 0.362011 0.0375123 6.83463e-05 
0.162537 0.455101 -0.0653192 0.365063 0.0431012 2.17393e-05 
0.177894 0.455101 -0.0703137 0.363061 0.0486985 -2.74485e-05 
0.194538 0.455101 -0.0746762 0.35574 0.0546868 -8.01e-05 
0.211181 0.455101 -0.0782784 0.343761 0.0605147 -0.000139097 
0.22907 0.455101 -0.0812477 0.32707 0.0665197 -0.000193246 
0.246958 0.455101 -0.0836368 0.30755 0.0722009 -0.000255204 
0.266013 0.455101 -0.0857067 0.285198 0.0778505 -0.000306735 
0.285068 0.455101 -0.0874915 0.262178 0.0830679 -0.000365016 
0.305174 0.455101 -0.0893258 0.238078 0.0880972 -0.000411642 
0.32528 0.455101 -0.0910868 0.214475 0.0926469 -0.000462304 
0.346282 0.455101 -0.093059 0.190504 0.0968999 -0.000502893 
0.367284 0.455101 -0.0950098 0.167048 0.100655 -0.000544445 
0.388994 0.455101 -0.0971376 0.143202 0.104023 -0.000577894 
0.410703 0.455101 -0.0992176 0.119511 0.106875 -0.000609608 
0.432902 0.455101 -0.101407 0.0953549 0.109261 -0.000634666 
0.455101 0.455101 -0.103536 0.0711465 0.111109 -0.000655649 
0.477551 0.455101 -0.105756 0.0465904 0.112432 -0.000671346 
0.5 0.455101 -0.107931 0.0219344 0.113201 -0.000680712 
0.522449 0.455101 -0.11021 -0.00284077 0.113416 -0.00068669 
0.544899 0.455101 -0.112459 -0.0277259 0.113074 -0.000683999 
0.567098 0.455101 -0.114807 -0.0524831 0.112184 -0.000680567 
0.589297 0.455101 -0.117117 -0.0773633 0.110743 -0.000666038 
0.611006 0.455101 -0.119476 -0.10186 0.108798 -0.000654075 
0.632716 0.455101 -0.121746 -0.126466 0.10632 -0.000628612 
0.653718 0.455101 -0.123963 -0.150386 0.103413 -0.000609433 
0.67472 0.455101 -0.126003 -0.174326 0.100003 -0.00057461 
0.694826 0.455101 -0.127883 -0.197239 0.0962677 -0.000549939 
0.714932 0.455101 -0.129536 -0.220056 0.0920724 -0.000507801 
0.733987 0.455101 -0.131109 -0.241736 0.0876726 -0.000480061 
0.753042 0.455101 -0.132645 -0.263602 0.0828575 -0.000432014 
0.77093 0.455101 -0.134693 -0.285182 0.0779506 -0.00040492 
0.788819 0.455101 -0.137294 -0.308471 0.072642 -0.00034887 
0.805462 0.455101 -0.141392 -0.333586 0.0673033 -0.000327149 
0.822106 0.455101 -0.146479 -0.362867 0.0615119 -0.000255692 
0.837463 0.455101 -0.152828 -0.394546 0.0556994 -0.000240828 
0.85282 0.455101 -0.158832 -0.429515 0.0493761 -0.000149507 
0.866881 0.455101 -0.162681 -0.460443 0.043113 -0.000132892 
0.880943 0.455101 -0.162754 -0.485421 0.0364582 -3.88707e-05 
0.893728 0.455101 -0.15637 -0.49483 0.0301752 -5.82559e-06 
0.906513 0.455101 -0.144151 -0.485754 0.0238908 5.20726e-05 
0.918063 0.455101 -0.125841 -0.457711 0.0184257 0.000105569 
0.929613 0.455101 -0.103794 -0.408854 0.0134043 0.000105983 
0.939988 0.455101 -0.0809926 -0.35085 0.00945703 0.000166003 
0.950362 0.455101 -0.0583396 -0.282692 0.00616351 0.000129509 
0.959633 0.455101 -0.0397441 -0.218261 0.00384362 0.000177928 
0.968903 0.455101 -0.0237428 -0.155288 0.00211389 0.000137307 
0.977148 0.455101 -0.0129054 -0.103446 0.0010523 0.000167912 
0.985394 0.455101 -0.00511467 -0.0584519 0.000389835 0.000137994 
0.992697 0.455101 -0.00129159 -0.0254688 8.81885e-05 0.00015579 
1 0.455101 0 0 0 0.000134397 

0 0.477551 0 0 0 0.000219843 
0.00730325 0.477551 2.24102e-05 0.0533233 0.000199181 0.000224755 
0.0146065 0.477551 -1.77872e-05 0.0999563 0.000763459 0.00022075 
0.0228517 0.477551 -0.00047722 0.144853 0.00177855 0.000222361 
0.031097 0.477551 -0.0013787 0.182118 0.00313237 0.000220722 
0.0403673 0.477551 -0.00322383 0.216202 0.0049845 0.000215557 
0.0496377 0.477551 -0.00569424 0.243554 0.00712138 0.000215211 
0.0600123 0.477551 -0.00923784 0.268178 0.00978022 0.000201862 
0.0703869 0.477551 -0.0132446 0.288552 0.0126724 0.000198512 
0.0819372 0.477551 -0.0180163 0.307671 0.0161187 0.000177407 
0.0934875 0.477551 -0.0228988 0.324342 0.0197715 0.000165957 
0.106272 0.477551 -0.0281283 0.340065 0.0240222 0.000136978 
0.119057 0.477551 -0.0331652 0.353023 0.0284562 0.000113692 
0.133119 0.477551 -0.0382189 0.363571 0.0334997 7.57342e-05 
0.14718 0.477551 -0.0428731 0.369943 0.038662 3.88186e-05 
0.162537 0.477551 -0.0472658 0.371964 0.0443654 -8.05902e-06 
0.177894 0.477551 -0.0511271 0.368915 0.0500607 -5.77223e-05 
0.194538 0.477551 -0.0545461 0.360557 0.0561374 -0.000110725 
0.211181 0.477551 -0.0574279 0.347672 0.0620372 -0.000168768 
0.22907 0.477551 -0.0599057 0.33022 0.0681039 -0.000223213 
0.246958 0.477551 -0.0619921 0.310173 0.0738352 -0.000283029 
0.266013 0.477551 -0.0639138 0.287473 0.0795297 -0.000334737 
0.285068 0.477551 -0.0656488 0.264301 0.084787 -0.000390531 
0.305174 0.477551 -0.0674604 0.24015 0.0898568 -0.000437218 
0.32528 0.477551 -0.0692173 0.216571 0.0944469 -0.00048589 
0.346282 0.477551 -0.0711367 0.192634 0.0987428 -0.000526471 
0.367284 0.477551 -0.0730293 0.169208 0.102541 -0.000566841 
0.388994 0.477551 -0.0750558 0.145372 0.105956 -0.00060025 
0.410703 0.477551 -0.0770469 0.121683 0.108854 -0.000631421 
0.432902 0.477551 -0.0791439 0.0975258 0.111288 -0.000656402 
0.455101 0.477551 -0.0812161 0.073329 0.113184 -0.000677204 
0.477551 0.477551 -0.0834061 0.0487979 0.114555 -0.000692761 
0.5 0.477551 -0.0855995 0.0241868 0.115375 -0.000702143 
0.522449 0.477551 -0.0879344 -0.00053087 0.115641 -0.000707901 
0.544899 0.477551 -0.0902945 -0.025347 0.115351 -0.000705372 
0.567098 0.477551 -0.0927961 -0.0500371 0.114514 -0.000701653 
0.589297 0.477551 -0.0953183 -0.074858 0.113129 -0.000687448 
0.611006 0.477551 -0.0979354 -0.099322 0.111239 -0.000675187 
0.632716 0.477551 -0.100527 -0.123932 0.108816 -0.000650261 
0.653718 0.477551 -0.103108 -0.147912 0.105962 -0.000630852 
0.67472 0.477551 -0.105572 -0.171974 0.102603 -0.000596837 
0.694826 0.477551 -0.107884 -0.195055 0.0989142 -0.000571971 
0.714932 0.477551 -0.109989 -0.218064 0.0947617 -0.000530971 
0.733987 0.477551 -0.111906 -0.239835 0.0903998 -0.000502614 
0.753042 0.477551 -0.113688 -0.261592 0.0856233 -0.000456265 
0.77093 0.477551 -0.115662 -0.282598 0.0807588 -0.000427051 
0.788819 0.477551 -0.117963 -0.30474 0.0755085 -0.000374197 
0.805462 0.477551 -0.121379 -0.328104 0.070249 -0.000348356 
0.822106 0.477551 -0.125717 -0.35531 0.0645687 -0.000283301 
0.837463 0.477551 -0.131552 -0.385588 0.0588876 -0.000265685 
0.85282 0.477551 -0.137684 -0.420801 0.0527034 -0.000183968 
0.866881 0.477551 -0.143013 -0.455068 0.0465437 -0.000172902 
0.880943 0.477551 -0.145816 -0.487235 0.0399165 -8.61233e-05 
0.893728 0.477551 -0.143492 -0.506659 0.0335455 -6.77517e-05 
0.906513 0.477551 -0.135927 -0.510015 0.0270285 -7.75714e-06 
0.918063 0.477551 -0.121919 -0.49288 0.0212134 3.16632e-05 
0.929613 0.477551 -0.103542 -0.452622 0.0157297 3.97067e-05 
0.939988 0.477551 -0.0828163 -0.39864 0.0113004 9.49846e-05 
0.950362 0.477551 -0.0612971 -0.329693 0.00750896 6.1971e-05 
0.959633 0.477551 -0.0426507 -0.260902 0.0047701 0.000114255 
0.968903 0.477551 -0.0261142 -0.190442 0.00267686 7.11179e-05 
0.977148 0.477551 -0.0144754 -0.130112 0.00135963 0.000109028 
0.985394 0.477551 -0.00590747 -0.0757189 0.00051542 7.32323e-05 
0.992697 0.477551 -0.00152985 -0.0340579 0.00011945 9.82866e-05 
1 0.477551 0 0 0 6.87894e-05 

0 0.5 0 0 0 0.000191008 
0.00730325 0.5 0.000199537 0.052942 0.000196355 0.000200133 
0.0146065 0.5 0.000642173 0.0997774 0.000756858 0.000192423 
0.0228517 0.5 0.00101192 0.145592 0.00177225 0.00019811 
0.031097 0.5 0.00114904 0.184236 0.00313582 0.000192541 
0.0403673 0.5 0.000587161 0.220058 0.00501386 0.000190608 
0.0496377 0.5 -0.000527998 0.248999 0.00719213 0.000186838 
0.0600123 0.5 -0.00260666 0.275025 0.00991325 0.000175442 
0.0703869 0.5 -0.0051769 0.296275 0.0128797 0.000169804 
0.0819372 0.5 -0.00845601 0.315831 0.0164162 0.000149787 
0.0934875 0.5 -0.0119007 0.332512 0.0201622 0.000137132 
0.106272 0.5 -0.0156294 0.347924 0.024514 0.000109047 
0.119057 0.5 -0.0192333 0.360386 0.0290442 8.53281e-05 
0.133119 0.5 -0.0228333 0.370279 0.0341855 4.8267e-05 
0.14718 0.5 -0.0261534 0.37593 0.0394364 1.16775e-05 
0.162537 0.5 -0.0292972 0.377161 0.0452252 -3.45145e-05 
0.177894 0.5 -0.0320942 0.373341 0.0509943 -8.29638e-05 
0.194538 0.5 -0.034634 0.364236 0.0571386 -0.000135784 
0.211181 0.5 -0.0368485 0.350729 0.0630949 -0.000191864 
0.22907 0.5 -0.0388644 0.332764 0.0692125 -0.00024679 
0.246958 0.5 -0.0406588 0.312384 0.0749872 -0.000304407 
0.266013 0.5 -0.042411 0.289467 0.0807228 -0.000357103 
0.285068 0.5 -0.0440591 0.266212 0.0860185 -0.00041107 
0.305174 0.5 -0.0457892 0.242036 0.0911278 -0.000458852 
0.32528 0.5 -0.0474788 0.218478 0.0957571 -0.000506381 
0.346282 0.5 -0.0492788 0.194564 0.100094 -0.000547834 
0.367284 0.5 -0.0510532 0.171163 0.103935 -0.000587683 
0.388994 0.5 -0.052926 0.147345 0.107393 -0.000621668 
0.410703 0.5 -0.0547859 0.123682 0.110335 -0.000652729 
0.432902 0.5 -0.0567565 0.0995592 0.112813 -0.000678059 
0.455101 0.5 -0.0587463 0.0754193 0.114756 -0.000698992 
0.477551 0.5 -0.0608849 0.0509637 0.116175 -0.000714727 
0.5 0.5 -0.0630815 0.0264517 0.117044 -0.000724393 
0.522449 0.5 -0.0654598 0.0018478 0.117363 -0.000730163 
0.544899 0.5 -0.0679219 -0.0228413 0.117127 -0.000728031 
0.567098 0.5 -0.0705684 -0.0474038 0.116348 -0.000724146 
0.589297 0.5 -0.0732976 -0.0721023 0.115022 -0.000710424 
0.611006 0.5 -0.0761674 -0.0964666 0.113193 -0.000697807 
0.632716 0.5 -0.0790803 -0.12101 0.110833 -0.000673409 
0.653718 0.5 -0.0820307 -0.144976 0.10804 -0.000653443 
0.67472 0.5 -0.0849376 -0.169088 0.104742 -0.000619954 
0.694826 0.5 -0.0877274 -0.192282 0.10111 -0.000594346 
0.714932 0.5 -0.090363 -0.215457 0.097011 -0.000553987 
0.733987 0.5 -0.0927644 -0.237363 0.0926966 -0.000524814 
0.753042 0.5 -0.0949904 -0.259148 0.0879659 -0.000480041 
0.77093 0.5 -0.0971596 -0.279844 0.0831458 -0.000450145 
0.788819 0.5 -0.0994534 -0.301193 0.0779494 -0.000401817 
0.805462 0.5 -0.102456 -0.323136 0.0727579 -0.000375421 
0.822106 0.5 -0.106224 -0.34837 0.0671734 -0.000319354 
0.837463 0.5 -0.111515 -0.376796 0.061612 -0.000301009 
0.85282 0.5 -0.117559 -0.411087 0.0555691 -0.000228896 
0.866881 0.5 -0.123869 -0.446863 0.0495385 -0.000217251 
0.880943 0.5 -0.12875 -0.484046 0.0429959 -0.000131034 
0.893728 0.5 -0.129786 -0.511835 0.0366174 -0.000113241 
0.906513 0.5 -0.12625 -0.52685 0.0299663 -4.0616e-05 
0.918063 0.5 -0.116221 -0.521133 0.0238933 -2.76344e-06 
0.929613 0.5 -0.1014 -0.491152 0.0180268 2.14518e-05 
0.939988 0.5 -0.0829216 -0.443244 0.0131655 7.67194e-05 
0.950362 0.5 -0.0628136 -0.375686 0.00890276 5.13875e-05 
0.959633 0.5 -0.0444275 -0.304175 0.00574905 0.000106549 
0.968903 0.5 -0.0276644 -0.227247 0.00328303 6.15337e-05 
0.977148 0.5 -0.0154855 -0.158747 0.00169584 0.00010367 
0.985394 0.5 -0.00636483 -0.094715 0.000654891 6.25745e-05 
0.992697 0.5 -0.00164494 -0.0437156 0.000154554 9.17861e-05 
1 0.5 0 0 0 5.77857e-05 

0 0.522449 0 0 0 0.000161104 
0.00730325 0.522449 0.000353454 0.0511896 0.000190273 0.000173962 
0.0146065 0.522449 0.00121371 0.0974097 0.000736343 0.000163507 
0.0228517 0.522449 0.00233235 0.143436 0.00173423 0.000173155 
0.031097 0.522449 0.00343867 0.182993 0.00308494 0.000164722 
0.0403673 0.522449 0.00414229 0.220281 0.00496004 0.000167082 
0.0496377 0.522449 0.00440193 0.250751 0.0071492 0.000160998 
0.0600123 0.522449 0.00385726 0.278283 0.00989858 0.000153312 
0.0703869 0.522449 0.00280173 0.300579 0.0129064 0.00014624 
0.0819372 0.522449 0.00108459 0.320799 0.0164986 0.000128674 
0.0934875 0.522449 -0.000879984 0.337688 0.0203051 0.00011521 
0.106272 0.522449 -0.00310391 0.353004 0.0247241 8.86242e-05 
0.119057 0.522449 -0.00529764 0.365183 0.0293188 6.45057e-05 
0.133119 0.522449 -0.00749076 0.374681 0.0345258 2.85675e-05 
0.14718 0.522449 -0.00953365 0.379905 0.0398362 -7.79751e-06 
0.162537 0.522449 -0.011493 0.380696 0.0456828 -5.31109e-05 
0.177894 0.522449 -0.0132877 0.376463 0.051503 -0.000100437 
0.194538 0.522449 -0.0150021 0.366984 0.0576955 -0.000152754 
0.211181 0.522449 -0.0165881 0.353182 0.0636942 -0.000206888 
0.22907 0.522449 -0.0181553 0.334981 0.0698523 -0.000261741 
0.246958 0.522449 -0.0196495 0.314457 0.075664 -0.000317097 
0.266013 0.522449 -0.0211954 0.29144 0.0814367 -0.000370024 
0.285068 0.522449 -0.0227044 0.26814 0.0867681 -0.000422066 
0.305174 0.522449 -0.0242879 0.243932 0.0919144 -0.000470162 
0.32528 0.522449 -0.0258424 0.220357 0.0965804 -0.000516475 
0.346282 0.522449 -0.0274611 0.196429 0.100956 -0.000558177 
0.367284 0.522449 -0.0290605 0.173022 0.104834 -0.000597469 
0.388994 0.522449 -0.030736 0.149212 0.108332 -0.000631602 
0.410703 0.522449 -0.0324267 0.125582 0.111314 -0.000662515 
0.432902 0.522449 -0.0342437 0.101516 0.113835 -0.000687903 
0.455101 0.522449 -0.0361269 0.077465 0.115822 -0.00070889 
0.477551 0.522449 -0.0381973 0.0531232 0.117287 -0.000724591 
0.5 0.522449 -0.0403812 0.0287519 0.118207 -0.000734408 
0.522449 0.522449 -0.0427933 0.00430506 0.118578 -0.000740041 
0.544899 0.522449 -0.0453477 -0.0202112 0.1184 -0.000738126 
0.567098 0.522449 -0.0481347 -0.044599 0.117681 -0.000734009 
0.589297 0.522449 -0.0510657 -0.0691236 0.116419 -0.000720587 
0.611006 0.522449 -0.0541864 -0.0933337 0.114656 -0.000707697 
0.632716 0.522449 -0.0574163 -0.117749 0.112366 -0.000683741 
0.653718 0.522449 -0.0607353 -0.141635 0.109643 -0.000663573 
0.67472 0.522449 -0.0640836 -0.165725 0.106416 -0.000630746 
0.694826 0.522449 -0.0673635 -0.188972 0.102851 -0.00060513 
0.714932 0.522449 -0.0705571 -0.212271 0.0988177 -0.00056571 
0.733987 0.522449 -0.073526 -0.234335 0.094563 -0.00053668 
0.753042 0.522449 -0.0763384 -0.256258 0.0898893 -0.000493169 
0.77093 0.522449 -0.0789719 -0.276896 0.0851219 -0.000463012 
0.788819 0.522449 -0.0816272 -0.297843 0.0799828 -0.000416621 
0.805462 0.522449 -0.0846683 -0.318808 0.0748559 -0.000388472 
0.822106 0.522449 -0.0882889 -0.342407 0.0693584 -0.000336277 
0.837463 0.522449 -0.0931767 -0.368894 0.0639059 -0.000314913 
0.85282 0.522449 -0.0989167 -0.401481 0.0579998 -0.00025008 
0.866881 0.522449 -0.105418 -0.437224 0.0521093 -0.000238578 
0.880943 0.522449 -0.111257 -0.477175 0.0456865 -0.000161222 
0.893728 0.522449 -0.114473 -0.511154 0.0393596 -0.000151787 
0.906513 0.522449 -0.114005 -0.536149 0.0326554 -8.31351e-05 
0.918063 0.522449 -0.107579 -0.541409 0.0264091 -5.84493e-05 
0.929613 0.522449 -0.0963742 -0.522652 0.0202404 -3.08601e-05 
0.939988 0.522449 -0.0806524 -0.48254 0.0150052 1.56076e-05 
0.950362 0.522449 -0.0626311 -0.418637 0.0103096 -5.92752e-06 
0.959633 0.522449 -0.0451485 -0.34636 0.00675608 4.84753e-05 
0.968903 0.522449 -0.0287304 -0.264348 0.00391781 2.53522e-06 
0.977148 0.522449 -0.0163479 -0.188382 0.0020531 4.89971e-05 
0.985394 0.522449 -0.00687873 -0.114773 0.000805095 3.25244e-06 
0.992697 0.522449 -0.00181132 -0.0540316 0.000192964 3.82351e-05 
1 0.522449 0 0 0 -2.73444e-06 

0 0.544899 0 0 0 0.000148546 
0.00730325 0.544899 0.000481332 0.048963 0.000180614 0.000163743 
0.0146065 0.544899 0.00171964 0.0938183 0.000703625 0.000150965 
0.0228517 0.544899 0.00355537 0.139357 0.00166767 0.000163528 
0.031097 0.544899 0.00560255 0.179308 0.00298411 0.00015206 
0.0403673 0.544899 0.00755526 0.217694 0.00482805 0.000157267 
0.0496377 0.544899 0.00918008 0.249542 0.00699756 0.000147902 
0.0600123 0.544899 0.010166 0.278585 0.00974058 0.000142138 
0.0703869 0.544899 0.010624 0.302046 0.0127561 0.00013252 
0.0819372 0.544899 0.0104596 0.323103 0.0163688 0.000115795 
0.0934875 0.544899 0.00996284 0.34037 0.0202029 0.000100987 
0.106272 0.544899 0.00921945 0.355746 0.0246554 7.4722e-05 
0.119057 0.544899 0.0084094 0.367795 0.0292833 5.02306e-05 
0.133119 0.544899 0.00759309 0.377068 0.0345245 1.44695e-05 
0.14718 0.544899 0.00679994 0.382069 0.0398663 -2.1534e-05 
0.162537 0.544899 0.00600412 0.382655 0.0457443 -6.69405e-05 
0.177894 0.544899 0.00519831 0.378271 0.0515933 -0.00011319 
0.194538 0.544899 0.00431044 0.368677 0.0578153 -0.000166085 
0.211181 0.544899 0.00336346 0.354823 0.0638423 -0.000218577 
0.22907 0.544899 0.00227284 0.336587 0.0700303 -0.000274469 
0.246958 0.544899 0.00111306 0.316071 0.0758718 -0.000328012 
0.266013 0.544899 -0.00017939 0.293048 0.0816764 -0.000382137 
0.285068 0.544899 -0.00150195 0.269752 0.0870397 -0.000432638 
0.305174 0.544899 -0.00288727 0.245525 0.0922195 -0.000481737 
0.32528 0.544899 -0.00426036 0.221934 0.0969184 -0.000527022 
0.346282 0.544899 -0.00565244 0.19799 0.101328 -0.000569389 
0.367284 0.544899 -0.00703836 0.174588 0.10524 -0.00060816 
0.388994 0.544899 -0.00847974 0.15081 0.108772 -0.000642683 
0.410703 0.544899 -0.00997014 0.127248 0.111791 -0.000673443 
0.432902 0.544899 -0.0116034 0.103286 0.11435 -0.000699037 
0.455101 0.544899 -0.0133551 0.0793767 0.116378 -0.000720092 
0.477551 0.544899 -0.0153336 0.0552057 0.117889 -0.000735834 
0.5 0.544899 -0.0174866 0.0310351 0.118857 -0.000745836 
0.522449 0.544899 -0.0199165 0.00680664 0.119282 -0.000751317 
0.544899 0.544899 -0.0225534 -0.0174741 0.119163 -0.00074964 
0.567098 0.544899 -0.0254739 -0.041623 0.118507 -0.000745151 
0.589297 0.544899 -0.0286056 -0.0659076 0.117314 -0.000731989 
0.611006 0.544899 -0.0319781 -0.0898936 0.115624 -0.000718502 
0.632716 0.544899 -0.0355314 -0.114106 0.11341 -0.000694811 
0.653718 0.544899 -0.039227 -0.137834 0.110765 -0.000673833 
0.67472 0.544899 -0.0430308 -0.161817 0.107619 -0.000641246 
0.694826 0.544899 -0.0468213 -0.185028 0.104132 -0.000614649 
0.714932 0.544899 -0.0506079 -0.208368 0.100178 -0.000575432 
0.733987 0.544899 -0.0542035 -0.230527 0.0959964 -0.000545367 
0.753042 0.544899 -0.0576943 -0.252568 0.0913938 -0.000502292 
0.77093 0.544899 -0.0609364 -0.273212 0.0866914 -0.000471286 
0.788819 0.544899 -0.0641415 -0.293932 0.0816191 -0.000426703 
0.805462 0.544899 -0.0674571 -0.314197 0.0765612 -0.000398084 
0.822106 0.544899 -0.071172 -0.336481 0.0711491 -0.000351114 
0.837463 0.544899 -0.0758544 -0.361175 0.0657995 -0.000329388 
0.85282 0.544899 -0.0814114 -0.391817 0.060025 -0.000273272 
0.866881 0.544899 -0.0880546 -0.426654 0.0542779 -0.000261372 
0.880943 0.544899 -0.0946689 -0.467869 0.0479964 -0.000190458 
0.893728 0.544899 -0.0997033 -0.506331 0.041764 -0.000181668 
0.906513 0.544899 -0.10186 -0.539785 0.0350726 -0.000109929 
0.918063 0.544899 -0.0986258 -0.555404 0.0287275 -8.75911e-05 
0.929613 0.544899 -0.0906985 -0.548292 0.0223338 -4.92841e-05 
0.939988 0.544899 -0.0776043 -0.517169 0.0167855 -4.77679e-06 
0.950362 0.544899 -0.0616482 -0.458702 0.011702 -1.77739e-05 
0.959633 0.544899 -0.0451738 -0.387294 0.00777154 3.75336e-05 
0.968903 0.544899 -0.0292454 -0.301528 0.0045694 -7.2935e-06 
0.977148 0.544899 -0.0168189 -0.218859 0.0024253 4.23107e-05 
0.985394 0.544899 -0.00715027 -0.135925 0.000963804 -6.85017e-06 
0.992697 0.544899 -0.00188513 -0.0652023 0.000233797 3.19512e-05 
1 0.544899 0 0 0 -1.30065e-05 

0 0.567098 0 0 0 0.000122332 
0.00730325 0.567098 0.000592549 0.045695 0.000168859 0.000139871 
0.0146065 0.567098 0.00212916 0.0885129 0.000661021 0.000125545 
0.0228517 0.567098 0.00453833 0.132879 0.00157731 0.000140806 
0.031097 0.567098 0.00736608 0.172668 0.00284055 0.000127356 
0.0403673 0.567098 0.0104282 0.211718 0.00462743 0.000136431 
0.0496377 0.567098 0.0133157 0.24473 0.00674832 0.000125246 
0.0600123 0.567098 0.0157961 0.275265 0.00945123 0.000123907 
0.0703869 0.567098 0.0177691 0.300023 0.0124409 0.000113345 
0.0819372 0.567098 0.0191864 0.322169 0.0160387 0.000100407 
0.0934875 0.567098 0.0201818 0.34007 0.0198677 8.56639e-05 
0.106272 0.567098 0.0209188 0.35579 0.0243201 6.22372e-05 
0.119057 0.567098 0.0214734 0.367959 0.0289506 3.85476e-05 
0.133119 0.567098 0.0220005 0.37728 0.0341953 5.1756e-06 
0.14718 0.567098 0.022427 0.382335 0.039541 -2.93919e-05 
0.162537 0.567098 0.0227807 0.383034 0.0454241 -7.26836e-05 
0.177894 0.567098 0.0229686 0.378811 0.05128 -0.000116909 
0.194538 0.567098 0.0229379 0.369427 0.0575123 -0.000168303 
0.211181 0.567098 0.0226789 0.355792 0.0635529 -0.000218527 
0.22907 0.567098 0.0221324 0.337758 0.0697591 -0.000273816 
0.246958 0.567098 0.0213829 0.317405 0.075622 -0.000325402 
0.266013 0.567098 0.0204203 0.294476 0.0814517 -0.000379711 
0.285068 0.567098 0.0193572 0.271217 0.0868415 -0.000428963 
0.305174 0.567098 0.0182286 0.246975 0.0920494 -0.000478625 
0.32528 0.567098 0.0170886 0.223345 0.096776 -0.000523401 
0.346282 0.567098 0.0159592 0.199365 0.101214 -0.000566332 
0.367284 0.567098 0.0148201 0.175955 0.105154 -0.000605098 
0.388994 0.567098 0.0136375 0.152211 0.108715 -0.000640028 
0.410703 0.567098 0.0123737 0.128735 0.111764 -0.000671033 
0.432902 0.567098 0.0109464 0.104905 0.114358 -0.000696869 
0.455101 0.567098 0.00935071 0.0811757 0.116423 -0.000718255 
0.477551 0.567098 0.00748439 0.0572194 0.117976 -0.000734088 
0.5 0.567098 0.00538341 0.0332969 0.118992 -0.000744419 
0.522449 0.567098 0.00295057 0.00933609 0.119471 -0.000749835 
0.544899 0.567098 0.00024595 -0.0146568 0.119411 -0.000748443 
0.567098 0.567098 -0.00280032 -0.0385146 0.118822 -0.000743739 
0.589297 0.567098 -0.00612487 -0.0625023 0.117701 -0.000730822 
0.611006 0.567098 -0.00974793 -0.0862071 0.116087 -0.000717017 
0.632716 0.567098 -0.0136219 -0.110152 0.113956 -0.000693588 
0.653718 0.567098 -0.0176959 -0.133652 0.111397 -0.000672298 
0.67472 0.567098 -0.0219545 -0.157448 0.108341 -0.000640079 
0.694826 0.567098 -0.02626 -0.18054 0.104943 -0.000613346 
0.714932 0.567098 -0.0306449 -0.203828 0.10108 -0.000574685 
0.733987 0.567098 -0.0348919 -0.226007 0.0969852 -0.000544808 
0.753042 0.567098 -0.0391063 -0.248118 0.0924683 -0.000502511 
0.77093 0.567098 -0.0430685 -0.268806 0.0878453 -0.000471918 
0.788819 0.567098 -0.0470006 -0.289438 0.0828529 -0.000428418 
0.805462 0.567098 -0.0508856 -0.309283 0.0778733 -0.000399745 
0.822106 0.567098 -0.0550577 -0.33063 0.0725511 -0.000354784 
0.837463 0.567098 -0.0598925 -0.353846 0.0673035 -0.000331685 
0.85282 0.567098 -0.0655062 -0.382567 0.0616572 -0.000279983 
0.866881 0.567098 -0.0721786 -0.415982 0.0560532 -0.000266891 
0.880943 0.567098 -0.0791403 -0.457195 0.0499245 -0.000203136 
0.893728 0.567098 -0.0852386 -0.498434 0.0438153 -0.000198146 
0.906513 0.567098 -0.0891935 -0.538414 0.0371868 -0.000132336 
0.918063 0.567098 -0.0885303 -0.56308 0.0308062 -0.000120044 
0.929613 0.567098 -0.0835148 -0.567222 0.0242591 -8.18312e-05 
0.939988 0.567098 -0.0730655 -0.545655 0.0184603 -4.70704e-05 
0.950362 0.567098 -0.0593894 -0.494083 0.0130409 -5.72041e-05 
0.959633 0.567098 -0.0442649 -0.425133 0.00876547 -5.62416e-06 
0.968903 0.567098 -0.029195 -0.337072 0.00521783 -5.01021e-05 
0.977148 0.567098 -0.0170097 -0.248731 0.00280061 9.30389e-07 
0.985394 0.567098 -0.00735775 -0.15701 0.00112575 -5.09093e-05 
0.992697 0.567098 -0.00196529 -0.0764048 0.000276167 -8.62649e-06 
1 0.567098 0 0 0 -5.806e-05 

0 0.589297 0 0 0 0.000126728 
0.00730325 0.589297 0.000656478 0.0422241 0.000154792 0.000144595 
0.0146065 0.589297 0.00242059 0.0824477 0.000610477 0.000129631 
0.0228517 0.589297 0.00533421 0.125025 0.00146722 0.000146211 
0.031097 0.589297 0.0088744 0.164103 0.00266055 0.00013114 
0.0403673 0.589297 0.0129859 0.203327 0.00436658 0.000142136 
0.0496377 0.589297 0.0170871 0.237203 0.00641142 0.000128302 
0.0600123 0.589297 0.0210278 0.269088 0.00904137 0.00012857 
0.0703869 0.589297 0.0244941 0.295183 0.0119721 0.000115324 
0.0819372 0.589297 0.0274761 0.318568 0.0155198 0.000102972 
0.0934875 0.589297 0.0299522 0.337305 0.0193109 8.65576e-05 
0.106272 0.589297 0.0321534 0.353566 0.0237303 6.29138e-05 
0.119057 0.589297 0.0340592 0.366038 0.0283335 3.86931e-05 
0.133119 0.589297 0.0359197 0.37557 0.0335518 4.85043e-06 
0.14718 0.589297 0.0375632 0.380857 0.0388744 -2.95124e-05 
0.162537 0.589297 0.0390815 0.381859 0.0447367 -7.34473e-05 
0.177894 0.589297 0.0402883 0.378012 0.0505774 -0.000116959 
0.194538 0.589297 0.0411619 0.369051 0.0568002 -0.00016934 
0.211181 0.589297 0.0416439 0.355846 0.0628387 -0.000218453 
0.22907 0.589297 0.0417092 0.33819 0.0690501 -0.000275033 
0.246958 0.589297 0.0414345 0.318144 0.0749245 -0.000325315 
0.266013 0.589297 0.0408686 0.295406 0.0807714 -0.000380917 
0.285068 0.589297 0.0401212 0.27225 0.0861811 -0.000428945 
0.305174 0.589297 0.0393012 0.248022 0.091411 -0.000479602 
0.32528 0.589297 0.0384346 0.224374 0.0961596 -0.000523462 
0.346282 0.589297 0.037606 0.20037 0.100619 -0.000567018 
0.367284 0.589297 0.0367441 0.176973 0.104582 -0.000605285 
0.388994 0.589297 0.035854 0.15329 0.108166 -0.00064057 
0.410703 0.589297 0.0348459 0.129938 0.111241 -0.000671443 
0.432902 0.589297 0.0336582 0.106289 0.113863 -0.000697448 
0.455101 0.589297 0.0322478 0.0827947 0.115962 -0.000718933 
0.477551 0.589297 0.0305248 0.0591134 0.117555 -0.000734743 
0.5 0.589297 0.0285008 0.0355032 0.118617 -0.000745259 
0.522449 0.589297 0.026089 0.0118766 0.119149 -0.000750405 
0.544899 0.589297 0.0233326 -0.0117601 0.119151 -0.000749179 
0.567098 0.589297 0.0201735 -0.0352562 0.118629 -0.000743909 
0.589297 0.589297 0.0166602 -0.0588753 0.117585 -0.000731083 
0.611006 0.589297 0.0127873 -0.0822238 0.116054 -0.000716401 
0.632716 0.589297 0.00858449 -0.105824 0.114013 -0.000692971 
0.653718 0.589297 0.00412103 -0.129013 0.111547 -0.000670519 
0.67472 0.589297 -0.000612144 -0.152533 0.108592 -0.000638207 
0.694826 0.589297 -0.00545548 -0.175408 0.105295 -0.000610102 
0.714932 0.589297 -0.0104719 -0.198541 0.101537 -0.000571262 
0.733987 0.589297 -0.0154119 -0.220637 0.0975432 -0.000539958 
0.753042 0.589297 -0.0204102 -0.242727 0.0931288 -0.000497491 
0.77093 0.589297 -0.0251763 -0.263397 0.0886021 -0.00046568 
0.788819 0.589297 -0.0299509 -0.283952 0.0837068 -0.000422556 
0.805462 0.589297 -0.034561 -0.303479 0.0788202 -0.000393192 
0.822106 0.589297 -0.0393746 -0.324105 0.0735995 -0.000350612 
0.837463 0.589297 -0.0445639 -0.346084 0.0684601 -0.000327297 
0.85282 0.589297 -0.0504231 -0.373036 0.0629449 -0.000281422 
0.866881 0.589297 -0.0572513 -0.40482 0.0574864 -0.000268117 
0.880943 0.589297 -0.0646192 -0.445306 0.0515198 -0.000211423 
0.893728 0.589297 -0.0717067 -0.488132 0.0455556 -0.000206849 
0.906513 0.589297 -0.0772927 -0.533206 0.0390299 -0.000143085 
0.918063 0.589297 -0.0789469 -0.565885 0.0326666 -0.000133282 
0.929613 0.589297 -0.0765658 -0.580942 0.026028 -8.99007e-05 
0.939988 0.589297 -0.0685535 -0.569399 0.0200349 -5.84536e-05 
0.950362 0.589297 -0.0569999 -0.525919 0.0143275 -6.21099e-05 
0.959633 0.589297 -0.043174 -0.460749 0.0097374 -1.1418e-05 
0.968903 0.589297 -0.0289529 -0.371665 0.00586228 -5.38819e-05 
0.977148 0.589297 -0.0170461 -0.278542 0.00317851 -1.0454e-06 
0.985394 0.589297 -0.00745764 -0.178551 0.00129081 -5.48265e-05 
0.992697 0.589297 -0.00199827 -0.0881527 0.000319479 -9.59632e-06 
1 0.589297 0 0 0 -6.22027e-05 

0 0.611006 0 0 0 0.000104375 
0.00730325 0.611006 0.000718144 0.0381513 0.000140064 0.0001231 
0.0146065 0.611006 0.00263771 0.0753762 0.000555451 0.000107736 
0.0228517 0.611006 0.00588787 0.115644 0.00134498 0.000125538 
0.031097 0.611006 0.00992703 0.153475 0.0024565 0.000109509 
0.0403673 0.611006 0.0148497 0.192346 0.00406337 0.000123479 
0.0496377 0.611006 0.0199446 0.226701 0.00600966 0.000108499 
0.0600123 0.611006 0.0251856 0.259713 0.00853819 0.000113566 
0.0703869 0.611006 0.0300427 0.287123 0.0113801 9.98086e-05 
0.0819372 0.611006 0.0345574 0.311907 0.0148449 9.27397e-05 
0.0934875 0.611006 0.0385141 0.331709 0.018567 7.69793e-05 
0.106272 0.611006 0.0421877 0.348812 0.0229219 5.79435e-05 
0.119057 0.611006 0.0454472 0.361837 0.0274693 3.53774e-05 
0.133119 0.611006 0.0486306 0.371841 0.0326327 5.51549e-06 
0.14718 0.611006 0.051486 0.377579 0.0379067 -2.65808e-05 
0.162537 0.611006 0.0541846 0.379129 0.0437231 -6.69002e-05 
0.177894 0.611006 0.0564549 0.375887 0.0495265 -0.000107872 
0.194538 0.611006 0.0583132 0.367604 0.0557193 -0.000157402 
0.211181 0.611006 0.0596418 0.355048 0.0617387 -0.000204196 
0.22907 0.611006 0.0604409 0.33798 0.0679406 -0.000259249 
0.246958 0.611006 0.0607686 0.318394 0.0738147 -0.000307972 
0.266013 0.611006 0.0607125 0.295968 0.0796686 -0.000363417 
0.285068 0.611006 0.0603823 0.27298 0.0850898 -0.000410857 
0.305174 0.611006 0.0599404 0.248805 0.090334 -0.000462218 
0.32528 0.611006 0.059403 0.225148 0.0950974 -0.000506267 
0.346282 0.611006 0.058905 0.201121 0.0995723 -0.000550753 
0.367284 0.611006 0.0583464 0.177732 0.103549 -0.000589619 
0.388994 0.611006 0.057764 0.154117 0.107151 -0.000625678 
0.410703 0.611006 0.0570314 0.130902 0.110244 -0.000657279 
0.432902 0.611006 0.0561009 0.10746 0.112889 -0.000683799 
0.455101 0.611006 0.0548994 0.0842342 0.115016 -0.000705978 
0.477551 0.611006 0.053341 0.0608704 0.116645 -0.000722047 
0.5 0.611006 0.0514193 0.0376202 0.11775 -0.000733129 
0.522449 0.611006 0.0490483 0.0143795 0.118334 -0.000738284 
0.544899 0.611006 0.0462624 -0.00884497 0.118396 -0.00073744 
0.567098 0.611006 0.0430052 -0.0319229 0.117944 -0.000731934 
0.589297 0.611006 0.0393192 -0.0551114 0.116978 -0.000719297 
0.611006 0.611006 0.0352044 -0.0780426 0.115533 -0.000704181 
0.632716 0.611006 0.0306819 -0.101227 0.113588 -0.000680787 
0.653718 0.611006 0.0258299 -0.124035 0.111223 -0.000657812 
0.67472 0.611006 0.0206249 -0.147193 0.108375 -0.000625467 
0.694826 0.611006 0.0152383 -0.169763 0.105189 -0.000596934 
0.714932 0.611006 0.00958645 -0.192632 0.101547 -0.000558088 
0.733987 0.611006 0.00393776 -0.214539 0.0976676 -0.000526684 
0.753042 0.611006 -0.0018648 -0.236492 0.0933706 -0.000484307 
0.77093 0.611006 -0.00748612 -0.257072 0.0889562 -0.00045288 
0.788819 0.611006 -0.013183 -0.277519 0.0841748 -0.000409988 
0.805462 0.611006 -0.0186736 -0.29681 0.079397 -0.000381258 
0.822106 0.611006 -0.0243453 -0.316915 0.0742914 -0.00033931 
0.837463 0.611006 -0.0301816 -0.337953 0.0692693 -0.000316074 
0.85282 0.611006 -0.0365797 -0.363415 0.0638904 -0.000272239 
0.866881 0.611006 -0.0437272 -0.393606 0.0585796 -0.000258304 
0.880943 0.611006 -0.0514799 -0.432893 0.0527804 -0.000206174 
0.893728 0.611006 -0.0592295 -0.476321 0.0469748 -0.000203259 
0.906513 0.611006 -0.0659594 -0.524958 0.0405807 -0.00014471 
0.918063 0.611006 -0.0694287 -0.564244 0.0342774 -0.000142068 
0.929613 0.611006 -0.0692774 -0.589225 0.0276028 -0.000100086 
0.939988 0.611006 -0.0635326 -0.587542 0.0214704 -7.77599e-05 
0.950362 0.611006 -0.0540664 -0.552875 0.0155265 -7.93347e-05 
0.959633 0.611006 -0.0416235 -0.492573 0.0106589 -3.35433e-05 
0.968903 0.611006 -0.0283798 -0.403688 0.00648272 -7.50297e-05 
0.977148 0.611006 -0.016882 -0.306805 0.00354658 -2.24502e-05 
0.985394 0.611006 -0.00747509 -0.199267 0.00145319 -7.73561e-05 
0.992697 0.611006 -0.00201977 -0.0994792 0.000362737 -3.04405e-05 
1 0.611006 0 0 0 -8.51862e-05 

0 0.632716 0 0 0 0.000123448 
0.00730325 0.632716 0.000718273 0.0341561 0.000124356 0.000140804 
0.0146065 0.632716 0.0027069 0.06808 0.000497164 0.000126442 
0.0228517 0.632716 0.00620011 0.105604 0.00121334 0.000143923 
0.031097 0.632716 0.0106435 0.141709 0.00223301 0.000127998 
0.0403673 0.632716 0.0162771 0.179693 0.00372448 0.000142545 
0.0496377 0.632716 0.0222768 0.214104 0.00555146 0.000126144 
0.0600123 0.632716 0.028741 0.247911 0.00795135 0.000132085 
0.0703869 0.632716 0.0349322 0.276511 0.010675 0.000115942 
0.0819372 0.632716 0.0409409 0.302711 0.0140238 0.000109148 
0.0934875 0.632716 0.0463563 0.323728 0.0176454 9.14181e-05 
0.106272 0.632716 0.0514875 0.341859 0.0219037 7.18026e-05 
0.119057 0.632716 0.0560938 0.355632 0.0263662 4.84561e-05 
0.133119 0.632716 0.0606003 0.366253 0.0314458 1.76901e-05 
0.14718 0.632716 0.0646758 0.372588 0.0366448 -1.43072e-05 
0.162537 0.632716 0.068587 0.37481 0.0423893 -5.55106e-05 
0.177894 0.632716 0.0719643 0.372327 0.0481319 -9.6017e-05 
0.194538 0.632716 0.0748837 0.364875 0.0542724 -0.000146545 
0.211181 0.632716 0.077142 0.35314 0.0602535 -0.000192701 
0.22907 0.632716 0.078781 0.33682 0.0664287 -0.000248965 
0.246958 0.632716 0.079811 0.317846 0.0722884 -0.000296924 
0.266013 0.632716 0.0803691 0.29585 0.078137 -0.000353614 
0.285068 0.632716 0.0805429 0.273131 0.0835596 -0.000400241 
0.305174 0.632716 0.080558 0.249073 0.0888091 -0.000452625 
0.32528 0.632716 0.0804091 0.22546 0.0935794 -0.000495977 
0.346282 0.632716 0.0802942 0.201442 0.0980618 -0.000541167 
0.367284 0.632716 0.0800771 0.178096 0.102047 -0.000579638 
0.388994 0.632716 0.0798416 0.154578 0.105658 -0.000616138 
0.410703 0.632716 0.0794158 0.131541 0.108763 -0.000647701 
0.432902 0.632716 0.0787792 0.108351 0.111426 -0.000674451 
0.455101 0.632716 0.0778178 0.0854467 0.113576 -0.000696842 
0.477551 0.632716 0.0764599 0.0624602 0.115237 -0.000712902 
0.5 0.632716 0.07467 0.0396353 0.116383 -0.000724267 
0.522449 0.632716 0.0723712 0.0168501 0.117017 -0.000729092 
0.544899 0.632716 0.0695785 -0.00588973 0.11714 -0.000728444 
0.567098 0.632716 0.0662453 -0.0284737 0.116759 -0.000722213 
0.589297 0.632716 0.0623982 -0.0511545 0.115875 -0.000709591 
0.611006 0.632716 0.0580503 -0.0735869 0.114521 -0.000693317 
0.632716 0.632716 0.053205 -0.0962731 0.112678 -0.000669725 
0.653718 0.632716 0.0479576 -0.118608 0.110422 -0.000645186 
0.67472 0.632716 0.0422606 -0.14131 0.107693 -0.000612445 
0.694826 0.632716 0.0363067 -0.163468 0.10463 -0.000582052 
0.714932 0.632716 0.0299808 -0.185963 0.101118 -0.000542656 
0.733987 0.632716 0.0235806 -0.207557 0.0973686 -0.000509298 
0.753042 0.632716 0.0169139 -0.229254 0.0932073 -0.000466303 
0.77093 0.632716 0.0103688 -0.249625 0.0889242 -0.000433124 
0.788819 0.632716 0.00365801 -0.269885 0.0842779 -0.00038983 
0.805462 0.632716 -0.00282352 -0.288911 0.0796291 -0.000359902 
0.822106 0.632716 -0.00949031 -0.30857 0.0746584 -0.00031864 
0.837463 0.632716 -0.0161312 -0.328814 0.0697698 -0.000294884 
0.85282 0.632716 -0.0232358 -0.353 0.0645401 -0.000254285 
0.866881 0.632716 -0.0308565 -0.381673 0.059386 -0.000240018 
0.880943 0.632716 -0.0391219 -0.419545 0.0537641 -0.000193491 
0.893728 0.632716 -0.0475893 -0.462913 0.0481318 -0.000190441 
0.906513 0.632716 -0.0554595 -0.514056 0.0418954 -0.000135599 
0.918063 0.632716 -0.060649 -0.558935 0.0356893 -0.000134823 
0.929613 0.632716 -0.062581 -0.593213 0.0290264 -9.11516e-05 
0.939988 0.632716 -0.0589456 -0.601456 0.0228017 -7.2721e-05 
0.950362 0.632716 -0.0514099 -0.576415 0.0166644 -7.04773e-05 
0.959633 0.632716 -0.0402425 -0.522027 0.0115487 -2.68292e-05 
0.968903 0.632716 -0.02789 -0.434455 0.0070911 -6.7211e-05 
0.977148 0.632716 -0.0167543 -0.334643 0.00391161 -1.36578e-05 
0.985394 0.632716 -0.00749731 -0.220098 0.00161582 -7.02672e-05 
0.992697 0.632716 -0.00203401 -0.111132 0.000406114 -2.10057e-05 
1 0.632716 0 0 0 -7.85444e-05 

0 0.653718 0 0 0 0.000103278 
0.00730325 0.653718 0.000736057 0.0299781 0.000109289 0.000120362 
0.0146065 0.653718 0.00274634 0.0605052 0.000439589 0.000106293 
0.0228517 0.653718 0.00633295 0.0950288 0.00108145 0.000123763 
0.031097 0.653718 0.0109624 0.129016 0.00200578 0.000107616 
0.0403673 0.653718 0.0170195 0.165631 0.00337393 0.000124078 
0.0496377 0.653718 0.0236195 0.199617 0.00506935 0.000107137 
0.0600123 0.653718 0.031023 0.233812 0.00732216 0.00011783 
0.0703869 0.653718 0.0383164 0.263356 0.0099056 0.000101505 
0.0819372 0.653718 0.0456792 0.290922 0.0131122 0.000101423 
0.0934875 0.653718 0.0524824 0.313242 0.0166068 8.46159e-05 
0.106272 0.653718 0.0590602 0.332631 0.0207408 7.18591e-05 
0.119057 0.653718 0.0650281 0.347361 0.0250929 5.06346e-05 
0.133119 0.653718 0.0708697 0.358836 0.0300633 2.60039e-05 
0.14718 0.653718 0.0761838 0.365924 0.0351641 -3.19163e-06 
0.162537 0.653718 0.0813333 0.368982 0.0408131 -3.88727e-05 
0.177894 0.653718 0.0858739 0.367384 0.0464732 -7.65158e-05 
0.194538 0.653718 0.0899472 0.360926 0.0525398 -0.000122408 
0.211181 0.653718 0.093266 0.350157 0.0584631 -0.000166264 
0.22907 0.653718 0.0958995 0.334759 0.0645931 -0.000219539 
0.246958 0.653718 0.0978031 0.316544 0.0704225 -0.000266307 
0.266013 0.653718 0.0991334 0.295126 0.0762514 -0.000322002 
0.285068 0.653718 0.0999612 0.272785 0.0816635 -0.000368672 
0.305174 0.653718 0.100543 0.248933 0.0869074 -0.000421606 
0.32528 0.653718 0.100874 0.225418 0.0916752 -0.00046589 
0.346282 0.653718 0.101194 0.201445 0.0961564 -0.00051232 
0.367284 0.653718 0.10136 0.178159 0.100141 -0.000552113 
0.388994 0.653718 0.10149 0.154754 0.103754 -0.000589848 
0.410703 0.653718 0.101391 0.131905 0.106865 -0.000622751 
0.432902 0.653718 0.10106 0.108985 0.109538 -0.000650413 
0.455101 0.653718 0.100358 0.0864275 0.111706 -0.000673963 
0.477551 0.653718 0.0992173 0.0638528 0.113393 -0.000690539 
0.5 0.653718 0.0975829 0.0414934 0.114575 -0.000702773 
0.522449 0.653718 0.0953767 0.0192107 0.115256 -0.000707717 
0.544899 0.653718 0.0926033 -0.00299215 0.115438 -0.000707591 
0.567098 0.653718 0.0892141 -0.0250272 0.115127 -0.000701098 
0.589297 0.653718 0.0852302 -0.0471382 0.114326 -0.000688626 
0.611006 0.653718 0.0806648 -0.0690094 0.113065 -0.00067176 
0.632716 0.653718 0.0755151 -0.0911235 0.111327 -0.000647966 
0.653718 0.653718 0.0698793 -0.112912 0.109185 -0.000622622 
0.67472 0.653718 0.0636993 -0.135066 0.106581 -0.000589387 
0.694826 0.653718 0.0571738 -0.156719 0.103648 -0.000558179 
0.714932 0.653718 0.0501718 -0.178721 0.100277 -0.000518086 
0.733987 0.653718 0.0430035 -0.199885 0.0966693 -0.000484193 
0.753042 0.653718 0.0354575 -0.221184 0.0926575 -0.000440408 
0.77093 0.653718 0.0279537 -0.24123 0.0885213 -0.000407274 
0.788819 0.653718 0.0201871 -0.26119 0.0840273 -0.000363198 
0.805462 0.653718 0.012632 -0.279919 0.0795251 -0.000333976 
0.822106 0.653718 0.00485719 -0.299172 0.0747068 -0.000292113 
0.837463 0.653718 -0.00276913 -0.318798 0.0699665 -0.000269246 
0.85282 0.653718 -0.0107905 -0.341964 0.0648977 -0.000228841 
0.866881 0.653718 -0.0190814 -0.369351 0.0599078 -0.000214915 
0.880943 0.653718 -0.0279727 -0.405783 0.0544693 -0.000170524 
0.893728 0.653718 -0.0370689 -0.448669 0.0490184 -0.000168535 
0.906513 0.653718 -0.045849 -0.501291 0.042957 -0.0001172 
0.918063 0.653718 -0.0524421 -0.550582 0.0368764 -0.000121702 
0.929613 0.653718 -0.0561712 -0.593016 0.0302661 -7.91052e-05 
0.939988 0.653718 -0.0544986 -0.610684 0.0239943 -6.89794e-05 
0.950362 0.653718 -0.0488202 -0.595559 0.0177093 -6.45342e-05 
0.959633 0.653718 -0.0389035 -0.547838 0.0123809 -2.59818e-05 
0.968903 0.653718 -0.0274238 -0.462575 0.00766888 -6.50771e-05 
0.977148 0.653718 -0.0166236 -0.360742 0.00426198 -1.20816e-05 
0.985394 0.653718 -0.00750101 -0.239876 0.00177316 -6.92939e-05 
0.992697 0.653718 -0.00204466 -0.122199 0.000448589 -1.89295e-05 
1 0.653718 0 0 0 -7.74953e-05 

0 0.67472 0 0 0 0.000133319 
0.00730325 0.67472 0.000684732 0.026103 9.4314e-05 0.000147848 
0.0146065 0.67472 0.00263277 0.0531828 0.000382695 0.000136205 
0.0228517 0.67472 0.00621181 0.0844978 0.00094945 0.000151874 
0.031097 0.67472 0.0109263 0.116056 0.00177537 0.000137687 
0.0403673 0.67472 0.0172807 0.150838 0.00301291 0.000153021 
0.0496377 0.67472 0.0243611 0.18395 0.0045651 0.000136506 
0.0600123 0.67472 0.0325751 0.218054 0.00665279 0.00014664 
0.0703869 0.67472 0.040861 0.248238 0.00907394 0.000129042 
0.0819372 0.67472 0.0494877 0.276964 0.0121109 0.000128447 
0.0934875 0.67472 0.057614 0.300587 0.0154502 0.000109852 
0.106272 0.67472 0.0656 0.32131 0.0194298 9.6135e-05 
0.119057 0.67472 0.0729067 0.33716 0.0236434 7.40048e-05 
0.133119 0.67472 0.0800803 0.349608 0.0284763 4.82236e-05 
0.14718 0.67472 0.0866368 0.357576 0.033453 1.92084e-05 
0.162537 0.67472 0.0930572 0.36153 0.03898 -1.73357e-05 
0.177894 0.67472 0.0988029 0.360908 0.0445327 -5.44075e-05 
0.194538 0.67472 0.104118 0.355517 0.0505002 -0.000100944 
0.211181 0.67472 0.108594 0.345836 0.0563425 -0.00014434 
0.22907 0.67472 0.112362 0.331481 0.0624049 -0.000198378 
0.246958 0.67472 0.115277 0.314175 0.0681842 -0.000244843 
0.266013 0.67472 0.117538 0.293469 0.0739755 -0.000301504 
0.285068 0.67472 0.11916 0.271647 0.0793618 -0.000347904 
0.305174 0.67472 0.120446 0.248108 0.0845868 -0.000401832 
0.32528 0.67472 0.121368 0.224791 0.0893409 -0.00044586 
0.346282 0.67472 0.12222 0.20093 0.0938108 -0.000493134 
0.367284 0.67472 0.12284 0.177765 0.0977869 -0.000532825 
0.388994 0.67472 0.123399 0.154517 0.101393 -0.000571193 
0.410703 0.67472 0.123672 0.131902 0.104502 -0.000604268 
0.432902 0.67472 0.123693 0.1093 0.107179 -0.000632332 
0.455101 0.67472 0.123285 0.0871405 0.109359 -0.000656279 
0.477551 0.67472 0.1224 0.0650348 0.111067 -0.000672957 
0.5 0.67472 0.120951 0.0432039 0.112281 -0.000685643 
0.522449 0.67472 0.118873 0.0214923 0.113007 -0.00069028 
0.544899 0.67472 0.116144 -0.000101233 0.113247 -0.000690469 
0.567098 0.67472 0.112727 -0.0215097 0.113007 -0.000683154 
0.589297 0.67472 0.108623 -0.0429711 0.112292 -0.000670733 
0.611006 0.67472 0.103857 -0.0641942 0.111129 -0.000652474 
0.632716 0.67472 0.0984041 -0.0856473 0.109502 -0.00062841 
0.653718 0.67472 0.0923787 -0.10679 0.107482 -0.000601131 
0.67472 0.67472 0.0856963 -0.128293 0.105014 -0.000567321 
0.694826 0.67472 0.0785762 -0.149324 0.102223 -0.00053377 
0.714932 0.67472 0.0708545 -0.170712 0.0990063 -0.000492874 
0.733987 0.67472 0.0628723 -0.191309 0.0955573 -0.000456468 
0.753042 0.67472 0.0543795 -0.212077 0.0917143 -0.000411771 
0.77093 0.67472 0.0458489 -0.231652 0.0877456 -0.000376267 
0.788819 0.67472 0.0369356 -0.251195 0.0834272 -0.00033138 
0.805462 0.67472 0.0282145 -0.269528 0.0790949 -0.000300245 
0.822106 0.67472 0.0192156 -0.288361 0.0744535 -0.000258197 
0.837463 0.67472 0.0104839 -0.307411 0.0698836 -0.000234033 
0.85282 0.67472 0.00140925 -0.329723 0.0649961 -0.000195177 
0.866881 0.67472 -0.00768307 -0.355958 0.0601861 -0.0001802 
0.880943 0.67472 -0.017327 -0.390995 0.0549453 -0.000139765 
0.893728 0.67472 -0.0271414 -0.433092 0.0496899 -0.000136551 
0.906513 0.67472 -0.0368908 -0.486494 0.0438241 -8.90012e-05 
0.918063 0.67472 -0.0448818 -0.539326 0.0378975 -9.38357e-05 
0.929613 0.67472 -0.0503577 -0.589212 0.031378 -5.11725e-05 
0.939988 0.67472 -0.0505643 -0.61618 0.0250989 -4.44925e-05 
0.950362 0.67472 -0.0466381 -0.611625 0.0187037 -3.82605e-05 
0.959633 0.67472 -0.0378783 -0.571515 0.0131885 -2.45467e-06 
0.968903 0.67472 -0.0271767 -0.48964 0.00823868 -4.24111e-05 
0.977148 0.67472 -0.0166316 -0.386562 0.00461123 1.16204e-05 
0.985394 0.67472 -0.00757298 -0.259817 0.00193126 -4.8644e-05 
0.992697 0.67472 -0.00207382 -0.133563 0.000491295 4.43367e-06 
1 0.67472 0 0 0 -5.76288e-05 

0 0.694826 0 0 0 0.000112838 
0.00730325 0.694826 0.000671904 0.0223457 8.08749e-05 0.000126646 
0.0146065 0.694826 0.0025375 0.0461439 0.000330318 0.000115215 
0.0228517 0.694826 0.00600791 0.0742824 0.000826509 0.000130369 
0.031097 0.694826 0.0106265 0.103247 0.00155812 0.000115973 
0.0403673 0.694826 0.0170066 0.135908 0.00266766 0.000132587 
0.0496377 0.694826 0.0242413 0.167713 0.00407602 0.000115677 
0.0600123 0.694826 0.032903 0.201274 0.00599323 0.000130364 
0.0703869 0.694826 0.0418365 0.231666 0.00824217 0.000112643 
0.0819372 0.694826 0.0514462 0.261273 0.0110941 0.000119891 
0.0934875 0.694826 0.0606986 0.286044 0.01426 0.000102135 
0.106272 0.694826 0.0699947 0.308152 0.0180642 9.77576e-05 
0.119057 0.694826 0.0786167 0.325204 0.0221187 7.7758e-05 
0.133119 0.694826 0.0871312 0.338805 0.0267929 6.09182e-05 
0.14718 0.694826 0.0949674 0.347741 0.0316254 3.48753e-05 
0.162537 0.694826 0.102687 0.352695 0.0370097 6.28707e-06 
0.177894 0.694826 0.109695 0.353073 0.0424349 -2.77951e-05 
0.194538 0.694826 0.116326 0.34881 0.0482818 -6.7531e-05 
0.211181 0.694826 0.122082 0.34026 0.054022 -0.000108708 
0.22907 0.694826 0.127137 0.327053 0.0599952 -0.000157821 
0.246958 0.694826 0.131254 0.31076 0.0657045 -0.000203429 
0.266013 0.694826 0.134637 0.290914 0.0714391 -0.000257692 
0.285068 0.694826 0.137254 0.269742 0.0767829 -0.000304728 
0.305174 0.694826 0.13941 0.246655 0.0819741 -0.000358575 
0.32528 0.694826 0.141076 0.223644 0.0867019 -0.000404316 
0.346282 0.694826 0.142562 0.199985 0.0911493 -0.000452893 
0.367284 0.694826 0.143724 0.177 0.095107 -0.000494733 
0.388994 0.694826 0.144758 0.153951 0.0986983 -0.000534776 
0.410703 0.694826 0.145443 0.131596 0.101797 -0.000569926 
0.432902 0.694826 0.145833 0.109333 0.10447 -0.000599398 
0.455101 0.694826 0.145739 0.0875909 0.106655 -0.000625067 
0.477551 0.694826 0.145122 0.0659794 0.108378 -0.000642635 
0.5 0.694826 0.143879 0.0447054 0.10962 -0.000656563 
0.522449 0.694826 0.141943 0.0236007 0.110387 -0.000661518 
0.544899 0.694826 0.139284 0.00265793 0.110681 -0.000662412 
0.567098 0.694826 0.135857 -0.0180773 0.11051 -0.000654861 
0.589297 0.694826 0.131658 -0.0388336 0.109878 -0.000642578 
0.611006 0.694826 0.126706 -0.0593498 0.108812 -0.000623592 
0.632716 0.694826 0.120971 -0.080069 0.107298 -0.000599097 
0.653718 0.694826 0.114564 -0.100491 0.105402 -0.00057073 
0.67472 0.694826 0.107391 -0.121247 0.103074 -0.000535944 
0.694826 0.694826 0.0996713 -0.141558 0.100432 -0.000501176 
0.714932 0.694826 0.0912309 -0.162208 0.0973777 -0.000458833 
0.733987 0.694826 0.0824176 -0.182119 0.0940966 -0.000421426 
0.753042 0.694826 0.0729694 -0.202203 0.0904344 -0.000374944 
0.77093 0.694826 0.0633854 -0.221183 0.0866469 -0.000339061 
0.788819 0.694826 0.0533073 -0.240164 0.0825198 -0.000292236 
0.805462 0.694826 0.0433778 -0.258029 0.0783741 -0.000261629 
0.822106 0.694826 0.033111 -0.276397 0.073927 -0.000217723 
0.837463 0.694826 0.0231854 -0.29496 0.0695434 -0.00019481 
0.85282 0.694826 0.012952 -0.316583 0.0648514 -0.000154599 
0.866881 0.694826 0.00292056 -0.341924 0.0602316 -0.000140824 
0.880943 0.694826 -0.00757971 -0.375729 0.0551961 -0.000100434 
0.893728 0.694826 -0.0181077 -0.416966 0.0501423 -9.84364e-05 
0.906513 0.694826 -0.0287166 -0.470523 0.0444826 -5.24529e-05 
0.918063 0.694826 -0.0379093 -0.525988 0.0387289 -6.1546e-05 
0.929613 0.694826 -0.0449609 -0.582166 0.0323304 -1.87607e-05 
0.939988 0.694826 -0.0469998 -0.617775 0.0260809 -2.00464e-05 
0.950362 0.694826 -0.0448389 -0.623839 0.0196152 -1.03945e-05 
0.959633 0.694826 -0.0372429 -0.591947 0.013945 2.01036e-05 
0.968903 0.694826 -0.0272778 -0.514404 0.00878206 -1.79348e-05 
0.977148 0.694826 -0.0168542 -0.410958 0.00494793 3.61556e-05 
0.985394 0.694826 -0.00772859 -0.278901 0.00208469 -2.51485e-05 
0.992697 0.694826 -0.0021211 -0.144438 0.000533107 2.9667e-05 
1 0.694826 0 0 0 -3.37981e-05 

0 0.714932 0 0 0 0.000150547 
0.00730325 0.714932 0.000586642 0.0190365 6.81795e-05 0.000160864 
0.0146065 0.714932 0.00230779 0.039702 0.000281186 0.000153315 
0.0228517 0.714932 0.00557947 0.0646614 0.000709922 0.000165123 
0.031097 0.714932 0.0100204 0.090937 0.00134986 0.000154759 
0.0403673 0.714932 0.0162992 0.121167 0.00233235 0.000167948 
0.0496377 0.714932 0.0235606 0.151324 0.00359474 0.000153947 
0.0600123 0.714932 0.0325016 0.183832 0.00533451 0.000165515 
0.0703869 0.714932 0.0419175 0.214036 0.00739958 0.000148756 
0.0819372 0.714932 0.0523456 0.244094 0.0100487 0.000153515 
0.0934875 0.714932 0.0625779 0.26982 0.01302 0.000135268 
0.106272 0.714932 0.0730809 0.293172 0.0166234 0.000128904 
0.119057 0.714932 0.0829365 0.311474 0.0204933 0.000108488 
0.133119 0.714932 0.0927612 0.32626 0.0249819 9.0138e-05 
0.14718 0.714932 0.101854 0.336265 0.029645 6.46807e-05 
0.162537 0.714932 0.110896 0.342228 0.0348601 3.53426e-05 
0.177894 0.714932 0.119191 0.343653 0.0401321 2.37311e-06 
0.194538 0.714932 0.127222 0.340511 0.045831 -3.74502e-05 
0.211181 0.714932 0.134349 0.333148 0.0514426 -7.78668e-05 
0.22907 0.714932 0.140846 0.321144 0.0572991 -0.000127004 
0.246958 0.714932 0.146323 0.305983 0.0629128 -0.000172509 
0.266013 0.714932 0.151034 0.287122 0.0685659 -0.000227196 
0.285068 0.714932 0.154839 0.26676 0.0738455 -0.000274556 
0.305174 0.714932 0.158075 0.244266 0.078983 -0.000329236 
0.32528 0.714932 0.160663 0.221706 0.0836678 -0.000375419 
0.346282 0.714932 0.162956 0.198363 0.0880783 -0.000424985 
0.367284 0.714932 0.164794 0.175662 0.0920053 -0.000467299 
0.388994 0.714932 0.166419 0.15289 0.0955709 -0.000508257 
0.410703 0.714932 0.167602 0.130865 0.0986502 -0.000543979 
0.432902 0.714932 0.168434 0.109 0.101312 -0.00057414 
0.455101 0.714932 0.168707 0.0877343 0.103495 -0.000600492 
0.477551 0.714932 0.168406 0.0666759 0.105228 -0.000618389 
0.5 0.714932 0.167404 0.0460205 0.106492 -0.000632992 
0.522449 0.714932 0.165647 0.0255893 0.107296 -0.000637772 
0.544899 0.714932 0.16308 0.00536716 0.107643 -0.000639165 
0.567098 0.714932 0.159671 -0.0146177 0.10754 -0.000630809 
0.589297 0.714932 0.155391 -0.0345889 0.106994 -0.000618714 
0.611006 0.714932 0.150269 -0.0543084 0.106029 -0.000598227 
0.632716 0.714932 0.144252 -0.0742008 0.104634 -0.000573547 
0.653718 0.714932 0.13746 -0.0937945 0.10287 -0.000543014 
0.67472 0.714932 0.129774 -0.113695 0.100691 -0.000507693 
0.694826 0.714932 0.121432 -0.133158 0.0982092 -0.000470236 
0.714932 0.714932 0.112223 -0.152943 0.0953332 -0.000427104 
0.733987 0.714932 0.102534 -0.172019 0.0922371 -0.000386718 
0.753042 0.714932 0.0920566 -0.191283 0.0887758 -0.000339339 
0.77093 0.714932 0.0813553 -0.209509 0.0851911 -0.000300451 
0.788819 0.714932 0.0700204 -0.227805 0.0812799 -0.00025281 
0.805462 0.714932 0.0588057 -0.245073 0.0773457 -0.000219369 
0.822106 0.714932 0.0471674 -0.262929 0.0731193 -0.000175071 
0.837463 0.714932 0.0359612 -0.280982 0.068947 -0.000149544 
0.85282 0.714932 0.0244598 -0.302027 0.0644746 -0.000110141 
0.866881 0.714932 0.0133969 -0.326582 0.060065 -9.37192e-05 
0.880943 0.714932 0.00193665 -0.359311 0.0552527 -5.62751e-05 
0.893728 0.714932 -0.00938261 -0.399575 0.0504158 -5.10527e-05 
0.906513 0.714932 -0.0209235 -0.452863 0.0449809 -8.80354e-06 
0.918063 0.714932 -0.0313471 -0.510207 0.0394236 -1.54518e-05 
0.929613 0.714932 -0.0399787 -0.571922 0.033179 2.65425e-05 
0.939988 0.714932 -0.0438256 -0.615885 0.0269949 2.37922e-05 
0.950362 0.714932 -0.0433818 -0.633148 0.0204934 3.39664e-05 
0.959633 0.714932 -0.036904 -0.610445 0.0146919 6.2017e-05 
0.968903 0.714932 -0.0276119 -0.538497 0.0093291 2.05874e-05 
0.977148 0.714932 -0.0172375 -0.435533 0.00529091 7.6884e-05 
0.985394 0.714932 -0.00796976 -0.29851 0.00224213 9.42399e-06 
0.992697 0.714932 -0.00219987 -0.155772 0.000576068 6.88232e-05 
1 0.714932 0 0 0 -4.1084e-07 

0 0.733987 0 0 0 0.000126978 
0.00730325 0.733987 0.000559666 0.0159847 5.74394e-05 0.000137197 
0.0146065 0.733987 0.00212911 0.0338358 0.00023852 0.000128569 
0.0228517 0.733987 0.00515458 0.0558921 0.000607698 0.000140675 
0.031097 0.733987 0.00928769 0.0795348 0.00116528 0.000128865 
0.0403673 0.733987 0.0152578 0.107335 0.0020315 0.000144076 
0.0496377 0.733987 0.0222633 0.135581 0.00315747 0.000128787 
0.0600123 0.733987 0.0311232 0.166741 0.0047275 0.000145508 
0.0703869 0.733987 0.0406392 0.196283 0.00661237 0.000127979 
0.0819372 0.733987 0.0514957 0.226408 0.00905756 0.000141711 
0.0934875 0.733987 0.062384 0.252692 0.0118285 0.000123661 
0.106272 0.733987 0.0738497 0.277107 0.015221 0.000129033 
0.119057 0.733987 0.08481 0.296512 0.0188935 0.000110151 
0.133119 0.733987 0.0958847 0.312526 0.0231816 0.000103974 
0.14718 0.733987 0.106257 0.323578 0.02766 8.10946e-05 
0.162537 0.733987 0.11664 0.330599 0.0326892 6.27066e-05 
0.177894 0.733987 0.126285 0.333014 0.0377908 3.24608e-05 
0.194538 0.733987 0.135759 0.330971 0.0433224 1.87632e-06 
0.211181 0.733987 0.144353 0.324728 0.048785 -3.66096e-05 
0.22907 0.733987 0.1524 0.313937 0.0545024 -7.87009e-05 
0.246958 0.733987 0.159406 0.299926 0.059998 -0.000123734 
0.266013 0.733987 0.165626 0.282151 0.0655467 -0.000174265 
0.285068 0.733987 0.170837 0.262709 0.0707409 -0.000222799 
0.305174 0.733987 0.175351 0.240966 0.075805 -0.000276291 
0.32528 0.733987 0.179068 0.218999 0.0804298 -0.000324904 
0.346282 0.733987 0.182327 0.196113 0.0847883 -0.000375428 
0.367284 0.733987 0.184988 0.173807 0.0886722 -0.000420702 
0.388994 0.733987 0.187301 0.151401 0.0922013 -0.000463562 
0.410703 0.733987 0.189064 0.129769 0.0952523 -0.000502123 
0.432902 0.733987 0.190384 0.108347 0.0978944 -0.000534163 
0.455101 0.733987 0.191063 0.0875873 0.100068 -0.000562841 
0.477551 0.733987 0.191097 0.0671081 0.101804 -0.00058208 
0.5 0.733987 0.190356 0.0470942 0.103085 -0.000598332 
0.522449 0.733987 0.188789 0.0273628 0.10392 -0.000603737 
0.544899 0.733987 0.186332 0.00789116 0.104315 -0.000606045 
0.567098 0.733987 0.18295 -0.0113077 0.104277 -0.000597585 
0.589297 0.733987 0.178605 -0.030449 0.103813 -0.000585645 
0.611006 0.733987 0.173319 -0.049321 0.102947 -0.000564391 
0.632716 0.733987 0.167032 -0.0683202 0.101669 -0.000539082 
0.653718 0.733987 0.159857 -0.0870156 0.100038 -0.000507269 
0.67472 0.733987 0.151667 -0.105966 0.0980106 -0.000470528 
0.694826 0.733987 0.142694 -0.124491 0.0956931 -0.000431537 
0.714932 0.733987 0.132726 -0.143287 0.0930004 -0.000386239 
0.733987 0.733987 0.122148 -0.161419 0.0900963 -0.000344461 
0.753042 0.733987 0.110652 -0.179716 0.086845 -0.000294313 
0.77093 0.733987 0.0988256 -0.19708 0.0834737 -0.000254667 
0.788819 0.733987 0.0862545 -0.21455 0.0797909 -0.000203906 
0.805462 0.733987 0.0737554 -0.231158 0.0760815 -0.000170771 
0.822106 0.733987 0.0607729 -0.248428 0.0720903 -0.000123324 
0.837463 0.733987 0.0482781 -0.266031 0.0681429 -9.92071e-05 
0.85282 0.733987 0.03551 -0.286582 0.0639026 -5.69727e-05 
0.866881 0.733987 0.0233623 -0.310585 0.0597128 -4.24617e-05 
0.880943 0.733987 0.0109062 -0.342437 0.0551303 -3.06215e-06 
0.893728 0.733987 -0.00120914 -0.381854 0.0505143 3.82859e-07 
0.906513 0.733987 -0.0136008 -0.434526 0.0453098 4.32979e-05 
0.918063 0.733987 -0.0250983 -0.493082 0.0399601 3.28153e-05 
0.929613 0.733987 -0.0351844 -0.55914 0.0338909 7.68031e-05 
0.939988 0.733987 -0.0408766 -0.610653 0.027803 6.57711e-05 
0.950362 0.733987 -0.0422914 -0.6389 0.0213013 8.1893e-05 
0.959633 0.733987 -0.0370778 -0.625922 0.0153986 0.0001035 
0.968903 0.733987 -0.0285112 -0.560638 0.00985858 6.59052e-05 
0.977148 0.733987 -0.0180156 -0.459167 0.00562722 0.000122958 
0.985394 0.733987 -0.0084055 -0.317656 0.00239756 5.36879e-05 
0.992697 0.733987 -0.00232217 -0.166871 0.000618787 0.000116171 
1 0.733987 0 0 0 4.39734e-05 

0 0.753042 0 0 0 0.000171059 
0.00730325 0.753042 0.000452409 0.0134609 4.76989e-05 0.000176114 
0.0146065 0.753042 0.00184558 0.0287871 0.000200303 0.000173932 
0.0228517 0.753042 0.00455842 0.0480645 0.00051519 0.000180085 
0.031097 0.753042 0.00834365 0.0691978 0.000996672 0.000175413 
0.0403673 0.753042 0.0139035 0.094409 0.00175355 0.000183348 
0.0496377 0.753042 0.0205426 0.120612 0.00274883 0.000174496 
0.0600123 0.753042 0.0291447 0.149982 0.00415262 0.000183586 
0.0703869 0.753042 0.0385566 0.178526 0.00585692 0.00017068 
0.0819372 0.753042 0.0496133 0.208162 0.00809262 0.000177896 
0.0934875 0.753042 0.0609135 0.234681 0.0106527 0.000162401 
0.106272 0.753042 0.0731479 0.259758 0.0138179 0.000163202 
0.119057 0.753042 0.0850236 0.280141 0.0172738 0.000145801 
0.133119 0.753042 0.0972567 0.297228 0.0213385 0.000137007 
0.14718 0.753042 0.10882 0.30935 0.0256086 0.000115844 
0.162537 0.753042 0.120551 0.317367 0.0304263 9.65735e-05 
0.177894 0.753042 0.131543 0.320791 0.0353319 6.84187e-05 
0.194538 0.753042 0.142539 0.319778 0.0406679 3.82222e-05 
0.211181 0.753042 0.152668 0.31466 0.0459528 1.28423e-06 
0.22907 0.753042 0.162416 0.305063 0.0515001 -4.00594e-05 
0.246958 0.753042 0.171096 0.292268 0.0568472 -8.47632e-05 
0.266013 0.753042 0.179044 0.275659 0.0622606 -0.000135061 
0.285068 0.753042 0.185871 0.25728 0.0673408 -0.000184339 
0.305174 0.753042 0.191919 0.236435 0.0723045 -0.000238397 
0.32528 0.753042 0.196997 0.215232 0.0768457 -0.00028825 
0.346282 0.753042 0.201461 0.192956 0.0811313 -0.000339889 
0.367284 0.753042 0.205147 0.171194 0.0849547 -0.000386452 
0.388994 0.753042 0.208335 0.149273 0.0884323 -0.000430573 
0.410703 0.753042 0.210823 0.128141 0.0914427 -0.000470331 
0.432902 0.753042 0.212755 0.10725 0.0940545 -0.000503457 
0.455101 0.753042 0.21393 0.0870773 0.0962106 -0.000533236 
0.477551 0.753042 0.214375 0.0672488 0.0979423 -0.000553157 
0.5 0.753042 0.213946 0.0479452 0.0992346 -0.000570375 
0.522449 0.753042 0.212613 0.0289837 0.100098 -0.000575879 
0.544899 0.753042 0.210291 0.010333 0.100538 -0.000578927 
0.567098 0.753042 0.206959 -0.00800231 0.100564 -0.000569848 
0.589297 0.753042 0.202556 -0.026234 0.100183 -0.000558337 
0.611006 0.753042 0.197116 -0.0441673 0.0994189 -0.000535688 
0.632716 0.753042 0.190548 -0.0621796 0.0982641 -0.000510469 
0.653718 0.753042 0.182984 -0.0798673 0.0967722 -0.000476513 
0.67472 0.753042 0.17426 -0.097758 0.0949067 -0.000439575 
0.694826 0.753042 0.164637 -0.115213 0.0927654 -0.000397806 
0.714932 0.753042 0.153858 -0.132897 0.090271 -0.000352145 
0.733987 0.753042 0.14236 -0.149935 0.087576 -0.000307108 
0.753042 0.753042 0.129778 -0.167138 0.0845548 -0.000256583 
0.77093 0.753042 0.116788 -0.183485 0.0814187 -0.00021329 
0.788819 0.753042 0.102906 -0.20002 0.0779885 -0.000162294 
0.805462 0.753042 0.0890839 -0.215841 0.0745288 -0.00012507 
0.822106 0.753042 0.0746803 -0.232484 0.070799 -7.77516e-05 
0.837463 0.753042 0.0608613 -0.249582 0.0671014 -4.89236e-05 
0.85282 0.753042 0.0467509 -0.269721 0.0631178 -7.73841e-06 
0.866881 0.753042 0.03348 -0.293223 0.0591689 1.22894e-05 
0.880943 0.753042 0.0199541 -0.324388 0.0548357 4.87166e-05 
0.893728 0.753042 0.00700093 -0.362922 0.0504564 5.88432e-05 
0.906513 0.753042 -0.00630921 -0.414777 0.0454993 9.71935e-05 
0.918063 0.753042 -0.0189131 -0.47386 0.0403775 9.37515e-05 
0.929613 0.753042 -0.0304923 -0.543424 0.034513 0.00013542 
0.939988 0.753042 -0.0380474 -0.601942 0.0285556 0.000127387 
0.950362 0.753042 -0.041329 -0.641595 0.0220892 0.000142789 
0.959633 0.753042 -0.0374012 -0.639343 0.0161101 0.000163977 
0.968903 0.753042 -0.0295551 -0.582383 0.0104055 0.000119779 
0.977148 0.753042 -0.0189117 -0.483502 0.00597969 0.000181801 
0.985394 0.753042 -0.00890965 -0.337868 0.00256195 0.000101029 
0.992697 0.753042 -0.00248337 -0.178737 0.000664123 0.000172324 
1 0.753042 0 0 0 8.97084e-05 

0 0.77093 0 0 0 0.000141088 
0.00730325 0.77093 0.000429335 0.0111921 3.99591e-05 0.000148609 
0.0146065 0.77093 0.00162582 0.0243327 0.00016891 0.000141737 
0.0228517 0.77093 0.00400874 0.0412871 0.000438667 0.000151381 
0.031097 0.77093 0.00734092 0.0600925 0.000855848 0.000141747 
0.0403673 0.77093 0.0123458 0.0830256 0.00151885 0.00015533 
0.0496377 0.77093 0.0184083 0.107116 0.00239974 0.000142332 
0.0600123 0.77093 0.0264581 0.134712 0.00365495 0.000159742 
0.0703869 0.77093 0.0354453 0.161883 0.00519416 0.000143868 
0.0819372 0.77093 0.0462954 0.190756 0.00723356 0.000162537 
0.0934875 0.77093 0.0576494 0.216986 0.0095911 0.000145437 
0.106272 0.77093 0.0702812 0.242399 0.0125328 0.000160584 
0.119057 0.77093 0.0828352 0.263349 0.0157708 0.000143142 
0.133119 0.77093 0.0960334 0.281351 0.0196066 0.000149814 
0.14718 0.77093 0.108746 0.294328 0.0236602 0.000129949 
0.162537 0.77093 0.121787 0.303297 0.0282554 0.000124944 
0.177894 0.77093 0.134186 0.307585 0.0329524 9.85459e-05 
0.194538 0.77093 0.146716 0.307532 0.0380773 8.01731e-05 
0.211181 0.77093 0.158459 0.303396 0.0431673 4.44212e-05 
0.22907 0.77093 0.169951 0.294922 0.048524 1.20898e-05 
0.246958 0.77093 0.180418 0.283265 0.0537007 -3.27212e-05 
0.266013 0.77093 0.190203 0.267846 0.058955 -7.71967e-05 
0.285068 0.77093 0.198818 0.250573 0.0638979 -0.000128136 
0.305174 0.77093 0.206568 0.230752 0.0687382 -0.000179709 
0.32528 0.77093 0.213207 0.210443 0.073175 -0.000232502 
0.346282 0.77093 0.219052 0.18894 0.077369 -0.000284382 
0.367284 0.77093 0.223943 0.167862 0.0811158 -0.000334488 
0.388994 0.77093 0.228142 0.14656 0.0845282 -0.000380389 
0.410703 0.77093 0.231482 0.126031 0.0874864 -0.000423573 
0.432902 0.77093 0.234107 0.105753 0.0900583 -0.000458846 
0.455101 0.77093 0.235851 0.0862236 0.0921882 -0.000491448 
0.477551 0.77093 0.236745 0.0670892 0.0939084 -0.000513113 
0.5 0.77093 0.236662 0.0485279 0.0952053 -0.000532327 
0.522449 0.77093 0.235575 0.0303636 0.0960902 -0.000538818 
0.544899 0.77093 0.233404 0.0125601 0.0965712 -0.000542966 
0.567098 0.77093 0.230124 -0.00488335 0.0966558 -0.000534025 
0.589297 0.77093 0.225669 -0.0221702 0.0963547 -0.000522693 
0.611006 0.77093 0.22007 -0.0391254 0.0956886 -0.000499383 
0.632716 0.77093 0.213229 -0.0560968 0.094654 -0.000473394 
0.653718 0.77093 0.205268 -0.0727212 0.0933003 -0.000438131 
0.67472 0.77093 0.196023 -0.0894742 0.0915959 -0.000399439 
0.694826 0.77093 0.185748 -0.105789 0.0896317 -0.000355992 
0.714932 0.77093 0.174186 -0.122259 0.0873377 -0.00030761 
0.733987 0.77093 0.16178 -0.138125 0.0848553 -0.000260941 
0.753042 0.77093 0.148168 -0.154116 0.0820693 -0.00020685 
0.77093 0.77093 0.134053 -0.169381 0.0791743 -0.000162519 
0.788819 0.77093 0.118954 -0.184872 0.0760042 -0.000107374 
0.805462 0.77093 0.103881 -0.199885 0.0728018 -7.02439e-05 
0.822106 0.77093 0.0881864 -0.215832 0.0693418 -1.85199e-05 
0.837463 0.77093 0.0731222 -0.232497 0.0659017 8.82836e-06 
0.85282 0.77093 0.0577906 -0.252248 0.0621821 5.44678e-05 
0.866881 0.77093 0.0434277 -0.275453 0.0584795 7.19549e-05 
0.880943 0.77093 0.0288858 -0.306059 0.0543987 0.000112745 
0.893728 0.77093 0.0150922 -0.343933 0.0502568 0.000120116 
0.906513 0.77093 0.000949252 -0.394792 0.0455478 0.000162352 
0.918063 0.77093 -0.0126103 -0.453967 0.040658 0.000154868 
0.929613 0.77093 -0.025531 -0.52579 0.0350118 0.000201683 
0.939988 0.77093 -0.0350004 -0.590324 0.0292098 0.000184297 
0.950362 0.77093 -0.0403899 -0.640696 0.0228119 0.000210066 
0.959633 0.77093 -0.0381051 -0.649574 0.0167878 0.000221775 
0.968903 0.77093 -0.0312331 -0.60219 0.0109423 0.000186123 
0.977148 0.77093 -0.0203267 -0.50721 0.0063316 0.000248304 
0.985394 0.77093 -0.00973088 -0.357972 0.00272775 0.000165832 
0.992697 0.77093 -0.00271446 -0.19068 0.000710258 0.000241355 
1 0.77093 0 0 0 0.000153489 

0 0.788819 0 0 0 0.000193503 
0.00730325 0.788819 0.000293174 0.00950214 3.32514e-05 0.000191212 
0.0146065 0.788819 0.00131368 0.0208791 0.000142366 0.000197157 
0.0228517 0.788819 0.00332626 0.0356528 0.000373137 0.00019474 
0.031097 0.788819 0.00621641 0.0524696 0.000734155 0.000198698 
0.0403673 0.788819 0.0106037 0.0730224 0.00131378 0.00019711 
0.0496377 0.788819 0.0159972 0.0951171 0.00209131 0.000196686 
0.0600123 0.788819 0.0233397 0.12056 0.00320941 0.000198098 
0.0703869 0.788819 0.0316669 0.146211 0.00459283 0.000192797 
0.0819372 0.788819 0.042066 0.173727 0.00644222 0.000197659 
0.0934875 0.788819 0.0531444 0.199358 0.00859868 0.00018855 
0.106272 0.788819 0.0659213 0.224504 0.0113124 0.000194036 
0.119057 0.788819 0.078844 0.245757 0.0143227 0.000182217 
0.133119 0.788819 0.0928519 0.264276 0.0179142 0.000183604 
0.14718 0.788819 0.106527 0.277998 0.0217323 0.000168033 
0.162537 0.788819 0.12086 0.287722 0.0260818 0.000161208 
0.177894 0.788819 0.134616 0.29285 0.0305453 0.000138497 
0.194538 0.788819 0.148763 0.293638 0.035431 0.000120489 
0.211181 0.788819 0.16216 0.290464 0.0402968 8.74286e-05 
0.22907 0.788819 0.175537 0.283045 0.0454305 5.62319e-05 
0.246958 0.788819 0.1879 0.272544 0.0504039 1.23973e-05 
0.266013 0.788819 0.199719 0.258342 0.0554645 -3.14134e-05 
0.285068 0.788819 0.210297 0.242274 0.0602367 -8.31175e-05 
0.305174 0.788819 0.219993 0.2236 0.0649206 -0.000135072 
0.32528 0.788819 0.228417 0.204346 0.0692235 -0.000189686 
0.346282 0.788819 0.235901 0.18378 0.0732986 -0.000242836 
0.367284 0.788819 0.242225 0.163555 0.0769455 -0.00029504 
0.388994 0.788819 0.247664 0.143027 0.0802722 -0.0003426 
0.410703 0.788819 0.252045 0.123243 0.0831615 -0.00038771 
0.432902 0.788819 0.255537 0.103698 0.0856794 -0.00042456 
0.455101 0.788819 0.25798 0.0849214 0.0877719 -0.000458792 
0.477551 0.788819 0.259435 0.0665758 0.0894716 -0.000481621 
0.5 0.788819 0.259775 0.0488424 0.0907663 -0.00050217 
0.522449 0.788819 0.258998 0.031557 0.0916681 -0.000509198 
0.544899 0.788819 0.257012 0.0146786 0.0921863 -0.000514399 
0.567098 0.788819 0.253814 -0.00179154 0.0923289 -0.000505241 
0.589297 0.788819 0.249314 -0.0180526 0.0921079 -0.000494698 
0.611006 0.788819 0.243565 -0.0339396 0.091543 -0.000470365 
0.632716 0.788819 0.236436 -0.04978 0.0906336 -0.000444961 
0.653718 0.788819 0.22808 -0.0652369 0.0894252 -0.000407883 
0.67472 0.788819 0.218287 -0.0807514 0.0878915 -0.000369696 
0.694826 0.788819 0.207361 -0.095806 0.086116 -0.000323675 
0.714932 0.788819 0.194984 -0.110955 0.0840368 -0.000275878 
0.733987 0.788819 0.18168 -0.12552 0.0817831 -0.000225834 
0.753042 0.788819 0.16701 -0.140201 0.0792508 -0.000172559 
0.77093 0.788819 0.1518 -0.154257 0.0766168 -0.000123804 
0.788819 0.788819 0.135467 -0.168635 0.0737286 -6.98008e-05 
0.805462 0.788819 0.119193 -0.18273 0.0708055 -2.67113e-05 
0.822106 0.788819 0.102193 -0.197972 0.0676384 2.34228e-05 
0.837463 0.788819 0.0859405 -0.214128 0.0644777 5.87721e-05 
0.85282 0.788819 0.0693626 -0.233564 0.0610438 0.000101914 
0.866881 0.788819 0.0539482 -0.256437 0.0576068 0.000129635 
0.880943 0.788819 0.0383425 -0.28666 0.0537966 0.000165942 
0.893728 0.788819 0.0237199 -0.323813 0.0499073 0.000185755 
0.906513 0.788819 0.00867228 -0.373674 0.0454619 0.000220784 
0.918063 0.788819 -0.00585951 -0.432305 0.0408211 0.000227714 
0.929613 0.788819 -0.0202029 -0.505524 0.0354192 0.00026807 
0.939988 0.788819 -0.0316349 -0.575126 0.0298063 0.00026228 
0.950362 0.788819 -0.0392131 -0.636271 0.0235154 0.000284015 
0.959633 0.788819 -0.0386771 -0.657138 0.017477 0.000301166 
0.968903 0.788819 -0.032867 -0.621529 0.011507 0.000253621 
0.977148 0.788819 -0.0217662 -0.531933 0.00670931 0.000326651 
0.985394 0.788819 -0.0105917 -0.379735 0.00290835 0.000223351 
0.992697 0.788819 -0.00300377 -0.203815 0.000760942 0.000316701 
1 0.788819 0 0 0 0.00020896 

0 0.805462 0 0 0 0.000152271 
0.00730325 0.805462 0.000295428 0.00799649 2.84174e-05 0.000159106 
0.0146065 0.805462 0.00106831 0.0178301 0.0001222 0.000151508 
0.0228517 0.805462 0.00267006 0.0310516 0.000323255 0.000160644 
0.031097 0.805462 0.00497462 0.0460259 0.000640543 0.000151387 
0.0403673 0.805462 0.00859758 0.0648254 0.00115409 0.000164804 
0.0496377 0.805462 0.0131679 0.0849318 0.00184781 0.000153488 
0.0600123 0.805462 0.019571 0.108615 0.00285214 0.000171809 
0.0703869 0.805462 0.027057 0.132482 0.00410293 0.000158218 
0.0819372 0.805462 0.036666 0.158653 0.00578614 0.000180854 
0.0934875 0.805462 0.0472295 0.18315 0.00776181 0.000165927 
0.106272 0.805462 0.059756 0.207746 0.0102647 0.000190051 
0.119057 0.805462 0.0728186 0.228704 0.0130587 0.000174803 
0.133119 0.805462 0.0873258 0.247431 0.016412 0.000195134 
0.14718 0.805462 0.101864 0.261456 0.0199956 0.000178186 
0.162537 0.805462 0.117343 0.271759 0.0240962 0.000188789 
0.177894 0.805462 0.132488 0.27746 0.0283196 0.000165848 
0.194538 0.805462 0.148205 0.27898 0.0329561 0.000162076 
0.211181 0.805462 0.163323 0.276578 0.0375854 0.000128817 
0.22907 0.805462 0.17856 0.270113 0.0424802 0.000108176 
0.246958 0.805462 0.192876 0.260633 0.0472326 6.33748e-05 
0.266013 0.805462 0.206732 0.247605 0.0520787 2.65231e-05 
0.285068 0.805462 0.219355 0.23271 0.0566588 -2.72689e-05 
0.305174 0.805462 0.23106 0.215244 0.0611642 -7.57174e-05 
0.32528 0.805462 0.241392 0.197119 0.0653118 -0.000133453 
0.346282 0.805462 0.250627 0.177624 0.0692477 -0.000186043 
0.367284 0.805462 0.258527 0.15838 0.0727768 -0.000241925 
0.388994 0.805462 0.265325 0.138767 0.076002 -0.000290849 
0.410703 0.805462 0.270875 0.119847 0.078809 -0.000339557 
0.432902 0.805462 0.275325 0.101144 0.0812613 -0.000378519 
0.455101 0.805462 0.278556 0.0832015 0.0833068 -0.000415756 
0.477551 0.805462 0.280627 0.0657104 0.0849776 -0.000440535 
0.5 0.805462 0.281439 0.0488534 0.0862628 -0.00046322 
0.522449 0.805462 0.280996 0.0324844 0.0871751 -0.000471527 
0.544899 0.805462 0.279217 0.0165612 0.0877246 -0.0004779 
0.567098 0.805462 0.276105 0.00109013 0.0879197 -0.000469159 
0.589297 0.805462 0.271572 -0.014118 0.087774 -0.000458797 
0.611006 0.805462 0.265671 -0.0289114 0.0873059 -0.000434022 
0.632716 0.805462 0.258271 -0.0435865 0.0865175 -0.000407781 
0.653718 0.805462 0.249525 -0.0578466 0.085451 -0.000369536 
0.67472 0.805462 0.239222 -0.0720769 0.0840849 -0.000329453 
0.694826 0.805462 0.227672 -0.0858415 0.0824956 -0.000281794 
0.714932 0.805462 0.214562 -0.099614 0.0806292 -0.000231029 
0.733987 0.805462 0.20043 -0.11286 0.0786028 -0.000179276 
0.753042 0.805462 0.184848 -0.126174 0.0763231 -0.000122031 
0.77093 0.805462 0.16867 -0.13903 0.0739493 -7.20416e-05 
0.788819 0.805462 0.151325 -0.152241 0.0713421 -1.3216e-05 
0.805462 0.805462 0.134026 -0.165468 0.0686977 3.00092e-05 
0.822106 0.805462 0.115999 -0.179948 0.0658225 8.57334e-05 
0.837463 0.805462 0.0987319 -0.19569 0.0629403 0.000119608 
0.85282 0.805462 0.0811669 -0.214758 0.0597909 0.000169293 
0.866881 0.805462 0.0647999 -0.237467 0.0566179 0.000193823 
0.880943 0.805462 0.0482856 -0.267283 0.0530758 0.000238081 
0.893728 0.805462 0.0328099 -0.303954 0.0494357 0.000253504 
0.906513 0.805462 0.0169429 -0.352679 0.0452498 0.000297921 
0.918063 0.805462 0.00152987 -0.410592 0.0408558 0.000299321 
0.929613 0.805462 -0.0140307 -0.483953 0.0357039 0.000351038 
0.939988 0.805462 -0.0274131 -0.557491 0.0302983 0.00033352 
0.950362 0.805462 -0.0374229 -0.627956 0.0241459 0.000373447 
0.959633 0.805462 -0.0392271 -0.660913 0.0181284 0.000374706 
0.968903 0.805462 -0.0350269 -0.638311 0.0120629 0.000345807 
0.977148 0.805462 -0.02381 -0.555847 0.0070903 0.000414369 
0.985394 0.805462 -0.0119483 -0.401499 0.00309407 0.000312759 
0.992697 0.805462 -0.0033939 -0.217389 0.000813897 0.000409598 
1 0.805462 0 0 0 0.000293834 

0 0.822106 0 0 0 0.000219828 
0.00730325 0.822106 8.24741e-05 0.00712871 2.47228e-05 0.000204174 
0.0146065 0.822106 0.000675302 0.0160942 0.000107469 0.000226072 
0.0228517 0.822106 0.00184495 0.0277833 0.00028566 0.000207711 
0.031097 0.822106 0.0036069 0.0415397 0.000568805 0.000227287 
0.0403673 0.822106 0.00644197 0.0583373 0.00102923 0.000207925 
0.0496377 0.822106 0.0100582 0.0768502 0.00165379 0.000221897 
0.0600123 0.822106 0.0154083 0.0982954 0.00256117 0.000207894 
0.0703869 0.822106 0.0217469 0.12048 0.00369539 0.000215552 
0.0819372 0.822106 0.0303776 0.144645 0.00522761 0.000211607 
0.0934875 0.822106 0.0400271 0.167845 0.00703367 0.00021371 
0.106272 0.822106 0.0520994 0.191159 0.00933217 0.000219513 
0.119057 0.822106 0.0649147 0.211542 0.01191 0.00021699 
0.133119 0.822106 0.0797817 0.229868 0.0150187 0.000227029 
0.14718 0.822106 0.0949095 0.243979 0.0183553 0.000219105 
0.162537 0.822106 0.111518 0.254496 0.0221883 0.000225438 
0.177894 0.822106 0.127937 0.260673 0.0261495 0.000208854 
0.194538 0.822106 0.145315 0.262744 0.03051 0.000204354 
0.211181 0.822106 0.162155 0.261083 0.0348739 0.000175293 
0.22907 0.822106 0.179392 0.255482 0.0394978 0.000155303 
0.246958 0.822106 0.195723 0.247026 0.0439961 0.000112413 
0.266013 0.822106 0.211776 0.235166 0.0485925 7.60039e-05 
0.285068 0.822106 0.226549 0.221503 0.0529458 2.18819e-05 
0.305174 0.822106 0.240448 0.20533 0.0572374 -2.71438e-05 
0.32528 0.822106 0.252842 0.188459 0.061197 -8.679e-05 
0.346282 0.822106 0.264036 0.170183 0.0649626 -0.000140979 
0.367284 0.822106 0.273695 0.152078 0.0683463 -0.000199416 
0.388994 0.822106 0.282063 0.133542 0.0714456 -0.000250485 
0.410703 0.822106 0.288958 0.115637 0.0741494 -0.000301688 
0.432902 0.822106 0.294546 0.0979186 0.0765187 -0.000342801 
0.455101 0.822106 0.298709 0.0809387 0.0785028 -0.000382171 
0.477551 0.822106 0.301526 0.0644174 0.0801335 -0.000408709 
0.5 0.822106 0.302906 0.0485397 0.0814004 -0.000433138 
0.522449 0.822106 0.302879 0.0331822 0.082317 -0.000442577 
0.544899 0.822106 0.30136 0.0183017 0.082894 -0.000450391 
0.567098 0.822106 0.298381 0.0039153 0.0831399 -0.000442037 
0.589297 0.822106 0.293835 -0.0101587 0.0830698 -0.000432955 
0.611006 0.822106 0.287812 -0.0237739 0.0827007 -0.000407775 
0.632716 0.822106 0.280145 -0.0372035 0.0820379 -0.000382839 
0.653718 0.822106 0.271042 -0.0501794 0.0811194 -0.000343361 
0.67472 0.822106 0.260236 -0.0630471 0.0799293 -0.000304837 
0.694826 0.822106 0.248121 -0.0754334 0.0785362 -0.000254993 
0.714932 0.822106 0.234306 -0.0877621 0.0768944 -0.000206275 
0.733987 0.822106 0.219454 -0.0996048 0.0751082 -0.000151002 
0.753042 0.822106 0.203027 -0.111508 0.0730957 -9.64559e-05 
0.77093 0.822106 0.18605 -0.123089 0.0709968 -4.08488e-05 
0.788819 0.822106 0.167791 -0.135126 0.0686867 1.45641e-05 
0.805462 0.822106 0.149675 -0.147402 0.0663362 6.65561e-05 
0.822106 0.822106 0.130713 -0.161146 0.0637692 0.000118039 
0.837463 0.822106 0.112635 -0.176364 0.0611808 0.000164771 
0.85282 0.822106 0.094123 -0.19513 0.0583316 0.000208844 
0.866881 0.822106 0.0769557 -0.21752 0.0554375 0.000250751 
0.880943 0.822106 0.0594892 -0.24705 0.0521785 0.000286696 
0.893728 0.822106 0.0432418 -0.283042 0.0488014 0.000323846 
0.906513 0.822106 0.0264356 -0.330785 0.0448893 0.000355292 
0.918063 0.822106 0.0101565 -0.387378 0.0407568 0.000382959 
0.929613 0.822106 -0.0067938 -0.460194 0.0358774 0.000418687 
0.939988 0.822106 -0.0221905 -0.536234 0.0307113 0.000428322 
0.950362 0.822106 -0.0348379 -0.615502 0.0247401 0.00045428 
0.959633 0.822106 -0.0391847 -0.66088 0.0187839 0.000475298 
0.968903 0.822106 -0.0368411 -0.653992 0.0126496 0.000422979 
0.977148 0.822106 -0.0257465 -0.58056 0.0075048 0.000515634 
0.985394 0.822106 -0.013343 -0.42552 0.00330174 0.000375117 
0.992697 0.822106 -0.00391143 -0.232748 0.000874214 0.000510117 
1 0.822106 0 0 0 0.000354058 

0 0.837463 0 0 0 0.000159088 
0.00730325 0.837463 0.000138304 0.00644621 2.28932e-05 0.000168357 
0.0146065 0.837463 0.000352549 0.01445 9.90713e-05 0.000155306 
0.0228517 0.837463 0.000921376 0.0255502 0.000264155 0.000167706 
0.031097 0.837463 0.00187155 0.0379507 0.000526083 0.000155215 
0.0403673 0.837463 0.00364258 0.0537776 0.000951596 0.000172216 
0.0496377 0.837463 0.00619873 0.0705212 0.00152776 0.000160294 
0.0600123 0.837463 0.0102503 0.0905279 0.00236368 0.000182166 
0.0703869 0.837463 0.0154785 0.110698 0.00340765 0.000169893 
0.0819372 0.837463 0.0228749 0.133222 0.00481773 0.000197496 
0.0934875 0.837463 0.0316522 0.154573 0.00648093 0.00018493 
0.106272 0.837463 0.0429524 0.176535 0.00860069 0.000217773 
0.119057 0.837463 0.0554938 0.195668 0.010983 0.000205258 
0.133119 0.837463 0.070387 0.213302 0.0138633 0.000238891 
0.14718 0.837463 0.0860603 0.226906 0.0169632 0.000224872 
0.162537 0.837463 0.103547 0.23738 0.0205341 0.000251393 
0.177894 0.837463 0.121247 0.243643 0.0242335 0.000231382 
0.194538 0.837463 0.140141 0.24612 0.0283148 0.000242821 
0.211181 0.837463 0.158737 0.244969 0.0324073 0.000211599 
0.22907 0.837463 0.177869 0.24014 0.0367512 0.000202999 
0.246958 0.837463 0.196221 0.232558 0.0409841 0.000158146 
0.266013 0.837463 0.214371 0.221803 0.0453169 0.000129067 
0.285068 0.837463 0.231278 0.209294 0.0494281 7.26045e-05 
0.305174 0.837463 0.247304 0.194416 0.053489 2.7477e-05 
0.32528 0.837463 0.261763 0.178806 0.0572435 -3.50581e-05 
0.346282 0.837463 0.274908 0.161823 0.0608216 -8.81624e-05 
0.367284 0.837463 0.286367 0.14493 0.064044 -0.000149854 
0.388994 0.837463 0.296339 0.127579 0.0670023 -0.000201804 
0.410703 0.837463 0.304645 0.110788 0.06959 -0.000256207 
0.432902 0.837463 0.311422 0.0941537 0.0718645 -0.000299154 
0.455101 0.837463 0.316577 0.0782177 0.0737774 -0.000341231 
0.477551 0.837463 0.320184 0.0627373 0.0753591 -0.000369668 
0.5 0.837463 0.322179 0.0478929 0.0766002 -0.000396029 
0.522449 0.837463 0.322597 0.0335882 0.0775141 -0.000406857 
0.544899 0.837463 0.321371 0.0197801 0.0781122 -0.00041571 
0.567098 0.837463 0.318544 0.00649807 0.0784029 -0.000407967 
0.589297 0.837463 0.314018 -0.00642745 0.0784024 -0.000398999 
0.611006 0.837463 0.307898 -0.0188601 0.0781265 -0.0003736 
0.632716 0.837463 0.30002 -0.0310398 0.0775832 -0.000347837 
0.653718 0.837463 0.29061 -0.0427431 0.0768066 -0.000307398 
0.67472 0.837463 0.279408 -0.0542544 0.0757859 -0.000267086 
0.694826 0.837463 0.266832 -0.0652988 0.0745819 -0.000215746 
0.714932 0.837463 0.252501 -0.0762048 0.0731569 -0.000164253 
0.733987 0.837463 0.23711 -0.0867165 0.0716023 -0.000107294 
0.753042 0.837463 0.220134 -0.0972426 0.0698471 -4.89344e-05 
0.77093 0.837463 0.202612 -0.107652 0.0680126 8.04326e-06 
0.788819 0.837463 0.183834 -0.11853 0.0659875 6.85026e-05 
0.805462 0.837463 0.165191 -0.129968 0.063919 0.000120862 
0.822106 0.837463 0.145734 -0.142918 0.0616474 0.000179171 
0.837463 0.837463 0.127095 -0.157711 0.0593409 0.000224414 
0.85282 0.837463 0.108036 -0.17601 0.0567802 0.000278128 
0.866881 0.837463 0.0901894 -0.198195 0.0541548 0.000315904 
0.880943 0.837463 0.0720435 -0.227187 0.0511696 0.000365741 
0.893728 0.837463 0.0549449 -0.262696 0.0480476 0.000395673 
0.906513 0.837463 0.0372988 -0.30917 0.0444016 0.000446338 
0.918063 0.837463 0.0200491 -0.364556 0.0405243 0.000464085 
0.929613 0.837463 0.00193573 -0.43565 0.0359165 0.000524113 
0.939988 0.837463 -0.0154013 -0.513144 0.0310006 0.000516359 
0.950362 0.837463 -0.0307643 -0.598761 0.0252386 0.000575856 
0.959633 0.837463 -0.0384245 -0.656155 0.0193836 0.000568168 
0.968903 0.837463 -0.0388142 -0.665585 0.0132187 0.000555489 
0.977148 0.837463 -0.0283233 -0.603464 0.00792285 0.000628863 
0.985394 0.837463 -0.0154905 -0.449229 0.00351898 0.000502867 
0.992697 0.837463 -0.00454008 -0.249058 0.000939084 0.000633622 
1 0.837463 0 0 0 0.000467728 

0 0.85282 0 0 0 0.000256782 
0.00730325 0.85282 -0.000289105 0.00650327 2.28955e-05 0.000211051 
0.0146065 0.85282 -0.000323834 0.0148621 9.84762e-05 0.000270468 
0.0228517 0.85282 -0.000351857 0.0250029 0.000259513 0.000216219 
0.031097 0.85282 -0.000219125 0.0371865 0.000512813 0.000268979 
0.0403673 0.85282 0.000525612 0.0512563 0.000919791 0.000213381 
0.0496377 0.85282 0.00169783 0.0669862 0.00146581 0.000254735 
0.0600123 0.85282 0.00443567 0.084633 0.00225091 0.000211902 
0.0703869 0.85282 0.00806434 0.103179 0.00322462 0.000241735 
0.0819372 0.85282 0.0142162 0.123148 0.00453233 0.000220309 
0.0934875 0.85282 0.0216387 0.142712 0.00606886 0.000240161 
0.106272 0.85282 0.0321835 0.162463 0.00802242 0.000240621 
0.119057 0.85282 0.0440468 0.180183 0.0102157 0.0002519 
0.133119 0.85282 0.0590027 0.196404 0.0128677 0.000266971 
0.14718 0.85282 0.0749237 0.209285 0.0157242 0.00026931 
0.162537 0.85282 0.0933587 0.219232 0.0190193 0.000286836 
0.177894 0.85282 0.11217 0.225441 0.0224384 0.000277396 
0.194538 0.85282 0.13269 0.22808 0.0262166 0.000285307 
0.211181 0.85282 0.152985 0.22739 0.0300111 0.000260464 
0.22907 0.85282 0.174143 0.223238 0.0340447 0.000250701 
0.246958 0.85282 0.19452 0.216531 0.0379813 0.000209003 
0.266013 0.85282 0.214887 0.206869 0.0420173 0.000179139 
0.285068 0.85282 0.23396 0.195555 0.0458535 0.000123175 
0.305174 0.85282 0.252223 0.18203 0.0496501 7.66222e-05 
0.32528 0.85282 0.268805 0.167769 0.0531675 1.26408e-05 
0.346282 0.85282 0.284019 0.152193 0.0565271 -4.27292e-05 
0.367284 0.85282 0.29737 0.136639 0.0595601 -0.000106887 
0.388994 0.85282 0.309079 0.120615 0.0623516 -0.000161612 
0.410703 0.85282 0.318906 0.105073 0.0648007 -0.000218691 
0.432902 0.85282 0.327004 0.0896618 0.0669612 -0.000264434 
0.455101 0.85282 0.333261 0.0748958 0.0687867 -0.000308951 
0.477551 0.85282 0.337772 0.0605756 0.0703065 -0.000339814 
0.5 0.85282 0.340471 0.0468714 0.0715116 -0.000368273 
0.522449 0.85282 0.34142 0.0337178 0.0724154 -0.000380926 
0.544899 0.85282 0.340553 0.0210708 0.0730295 -0.000391649 
0.567098 0.85282 0.337948 0.00897439 0.0733622 -0.000385017 
0.589297 0.85282 0.333494 -0.0027292 0.0734305 -0.000377922 
0.611006 0.85282 0.32735 -0.0139118 0.0732489 -0.000352848 
0.632716 0.85282 0.31932 -0.0247834 0.0728277 -0.000329266 
0.653718 0.85282 0.309715 -0.035162 0.0721971 -0.000288221 
0.67472 0.85282 0.298215 -0.0452804 0.0713509 -0.000250738 
0.694826 0.85282 0.285364 -0.0549502 0.0703418 -0.000197474 
0.714932 0.85282 0.270685 -0.0644286 0.06914 -0.000149776 
0.733987 0.85282 0.255038 -0.0735948 0.0678234 -8.87644e-05 
0.753042 0.85282 0.237748 -0.0827744 0.0663318 -3.54071e-05 
0.77093 0.85282 0.220053 -0.0919965 0.0647675 2.90595e-05 
0.788819 0.85282 0.20102 -0.101769 0.0630331 8.31048e-05 
0.805462 0.85282 0.182265 -0.112303 0.0612518 0.000148024 
0.822106 0.85282 0.16253 -0.124512 0.0592811 0.00019811 
0.837463 0.85282 0.143714 -0.138706 0.0572625 0.000262595 
0.85282 0.85282 0.124198 -0.156585 0.0549976 0.000305286 
0.866881 0.85282 0.10597 -0.178251 0.0526494 0.000370276 
0.880943 0.85282 0.0870549 -0.206776 0.0499486 0.00040424 
0.893728 0.85282 0.06929 -0.241349 0.0470938 0.000470115 
0.906513 0.85282 0.0505495 -0.286785 0.0437281 0.000496599 
0.918063 0.85282 0.0324126 -0.340285 0.0401206 0.000559868 
0.929613 0.85282 0.0127651 -0.409471 0.0358054 0.0005849 
0.939988 0.85282 -0.00653863 -0.486535 0.0311693 0.000631605 
0.950362 0.85282 -0.0250624 -0.577484 0.0256626 0.000651972 
0.959633 0.85282 -0.036306 -0.646072 0.0199611 0.000695904 
0.968903 0.85282 -0.039962 -0.674747 0.0138094 0.000632055 
0.977148 0.85282 -0.0305751 -0.626048 0.00837853 0.000760847 
0.985394 0.85282 -0.0177138 -0.475846 0.00376743 0.000558134 
0.992697 0.85282 -0.00547906 -0.267974 0.00101561 0.00077366 
1 0.85282 0 0 0 0.000524659 

0 0.866881 0 0 0 0.000161113 
0.00730325 0.866881 -0.000132366 0.00706029 2.529e-05 0.000177104 
0.0146065 0.866881 -0.000920718 0.0149334 0.000106242 0.000149188 
0.0228517 0.866881 -0.00204149 0.0258071 0.000275646 0.000172495 
0.031097 0.866881 -0.00315691 0.0368734 0.000535298 0.000149733 
0.0403673 0.866881 -0.00403673 0.0509103 0.000943773 0.00017828 
0.0496377 0.866881 -0.00417087 0.0648124 0.00148109 0.000160584 
0.0600123 0.866881 -0.0031403 0.0813967 0.00224076 0.000192325 
0.0703869 0.866881 -0.00067618 0.0975704 0.00316974 0.000177859 
0.0819372 0.866881 0.00397558 0.115734 0.00440309 0.000214342 
0.0934875 0.866881 0.0105329 0.132792 0.00583943 0.000202479 
0.106272 0.866881 0.0200749 0.150581 0.00765346 0.000245256 
0.119057 0.866881 0.0316095 0.166194 0.0096808 0.000235219 
0.133119 0.866881 0.046334 0.180915 0.0121253 0.00028112 
0.14718 0.866881 0.0626659 0.192468 0.0147544 0.000270214 
0.162537 0.866881 0.0817436 0.2017 0.017786 0.000310553 
0.177894 0.866881 0.101711 0.207425 0.0209325 0.000293496 
0.194538 0.866881 0.123601 0.21009 0.024412 0.000317931 
0.211181 0.866881 0.145586 0.20961 0.0279098 0.000288809 
0.22907 0.866881 0.168561 0.206059 0.0316322 0.000290205 
0.246958 0.866881 0.190906 0.200083 0.0352695 0.000245818 
0.266013 0.866881 0.213298 0.19146 0.0390036 0.000222796 
0.285068 0.866881 0.234435 0.18125 0.0425584 0.000164675 
0.305174 0.866881 0.25476 0.169047 0.0460825 0.000121708 
0.32528 0.866881 0.273356 0.156096 0.0493537 5.55734e-05 
0.346282 0.866881 0.290507 0.141939 0.0524849 1.35787e-06 
0.367284 0.866881 0.305671 0.127737 0.0553184 -6.50854e-05 
0.388994 0.866881 0.319043 0.113089 0.0579332 -0.000120347 
0.410703 0.866881 0.330356 0.0988409 0.0602342 -0.000179681 
0.432902 0.866881 0.339748 0.0847125 0.0622717 -0.000226863 
0.455101 0.866881 0.347108 0.0711663 0.0640018 -0.000273309 
0.477551 0.866881 0.352527 0.0580535 0.065452 -0.000305779 
0.5 0.866881 0.355954 0.0455239 0.0666141 -0.0003356 
0.522449 0.866881 0.357462 0.033545 0.067501 -0.000349499 
0.544899 0.866881 0.357 0.0220704 0.0681244 -0.000360896 
0.567098 0.866881 0.35467 0.0111559 0.0684922 -0.000354863 
0.589297 0.866881 0.350373 0.000659199 0.068622 -0.000347734 
0.611006 0.866881 0.344303 -0.00930915 0.0685266 -0.000322523 
0.632716 0.866881 0.336272 -0.0189191 0.0682184 -0.000298226 
0.653718 0.866881 0.326636 -0.0280495 0.0677233 -0.000256358 
0.67472 0.866881 0.315086 -0.0368592 0.0670394 -0.000217502 
0.694826 0.866881 0.302211 -0.0452799 0.0662114 -0.000162888 
0.714932 0.866881 0.287546 -0.0534503 0.0652163 -0.000113096 
0.733987 0.866881 0.271976 -0.061439 0.0641194 -5.04836e-05 
0.753042 0.866881 0.254842 -0.069397 0.0628702 6.01002e-06 
0.77093 0.866881 0.237346 -0.0776103 0.0615536 7.18725e-05 
0.788819 0.866881 0.218595 -0.0863383 0.0600852 0.000130937 
0.805462 0.866881 0.200068 -0.0961101 0.0585663 0.000196265 
0.822106 0.866881 0.180609 -0.107486 0.0568712 0.000254874 
0.837463 0.866881 0.161854 -0.121156 0.0551171 0.000317468 
0.85282 0.866881 0.142393 -0.138304 0.053126 0.000374693 
0.866881 0.866881 0.123838 -0.15951 0.0510366 0.000433626 
0.880943 0.866881 0.104567 -0.187044 0.0486042 0.000491402 
0.893728 0.866881 0.0859505 -0.22083 0.0460046 0.000544863 
0.906513 0.866881 0.066336 -0.264559 0.0429092 0.000607848 
0.918063 0.866881 0.0468636 -0.316549 0.0395642 0.000650818 
0.929613 0.866881 0.0259076 -0.382662 0.0355369 0.000726348 
0.939988 0.866881 0.00455491 -0.458791 0.0311843 0.000741194 
0.950362 0.866881 -0.0168267 -0.55159 0.0259552 0.000828311 
0.959633 0.866881 -0.0324737 -0.630441 0.0204491 0.00081679 
0.968903 0.866881 -0.0404233 -0.67717 0.0143606 0.000837945 
0.977148 0.866881 -0.0332678 -0.644797 0.00883211 0.000908137 
0.985394 0.866881 -0.0208336 -0.501055 0.00402967 0.000759965 
0.992697 0.866881 -0.0063645 -0.288492 0.0010995 0.000938485 
1 0.866881 0 0 0 0.000689062 

0 0.880943 0 0 0 0.000320282 
0.00730325 0.880943 -0.00110543 0.00850911 3.1622e-05 0.000200694 
0.0146065 0.880943 -0.00234449 0.0187909 0.00012827 0.000354605 
0.0228517 0.880943 -0.00440976 0.0289166 0.00032051 0.000212053 
0.031097 0.880943 -0.00705855 0.0410594 0.0006055 0.000340521 
0.0403673 0.880943 -0.00927981 0.052942 0.00103753 0.000207192 
0.0496377 0.880943 -0.0115652 0.0663896 0.00158889 0.00030431 
0.0600123 0.880943 -0.0119275 0.0799865 0.00234643 0.000207449 
0.0703869 0.880943 -0.0115106 0.0945766 0.00325166 0.000276736 
0.0819372 0.880943 -0.00794259 0.109488 0.00443018 0.000224466 
0.0934875 0.880943 -0.00290058 0.124403 0.0057818 0.000272011 
0.106272 0.880943 0.00609299 0.139181 0.0074683 0.000259431 
0.119057 0.880943 0.0168786 0.152744 0.00933635 0.000290187 
0.133119 0.880943 0.0317562 0.165215 0.0115746 0.000304373 
0.14718 0.880943 0.0482143 0.175342 0.0139719 0.000320245 
0.162537 0.880943 0.0681985 0.183366 0.0167296 0.000343736 
0.177894 0.880943 0.08912 0.188495 0.0195884 0.000343272 
0.194538 0.880943 0.112548 0.190928 0.022749 0.000359155 
0.211181 0.880943 0.136093 0.190601 0.0259273 0.000339649 
0.22907 0.880943 0.160998 0.187558 0.0293121 0.000336468 
0.246958 0.880943 0.185236 0.18231 0.0326229 0.000297024 
0.266013 0.880943 0.209727 0.174722 0.0360262 0.000270863 
0.285068 0.880943 0.232881 0.165647 0.0392709 0.000214432 
0.305174 0.880943 0.25531 0.154811 0.0424931 0.000168457 
0.32528 0.880943 0.275894 0.143231 0.0454902 0.000101747 
0.346282 0.880943 0.295016 0.130577 0.0483654 4.42004e-05 
0.367284 0.880943 0.311993 0.117815 0.0509739 -2.41695e-05 
0.388994 0.880943 0.327073 0.10465 0.0533882 -8.29954e-05 
0.410703 0.880943 0.339904 0.0918013 0.0555201 -0.000144802 
0.432902 0.880943 0.350654 0.079067 0.057416 -0.00019546 
0.455101 0.880943 0.35917 0.0668441 0.0590348 -0.000244405 
0.477551 0.880943 0.365575 0.0550386 0.0604021 -0.000279957 
0.5 0.880943 0.369802 0.0437739 0.0615105 -0.000312123 
0.522449 0.880943 0.371963 0.0330495 0.062372 -0.000328504 
0.544899 0.880943 0.372002 0.0228173 0.0629982 -0.000342177 
0.567098 0.880943 0.370076 0.0131396 0.0633964 -0.000337898 
0.589297 0.880943 0.366074 0.00389453 0.0635844 -0.00033323 
0.611006 0.880943 0.360272 -0.0048335 0.063573 -0.000308891 
0.632716 0.880943 0.35245 -0.0131687 0.0633761 -0.000287593 
0.653718 0.880943 0.343078 -0.0210571 0.0630151 -0.000245399 
0.67472 0.880943 0.331781 -0.0285831 0.0624918 -0.000210487 
0.694826 0.880943 0.319294 -0.0357903 0.0618427 -0.000153695 
0.714932 0.880943 0.305031 -0.0427161 0.061051 -0.000109223 
0.733987 0.880943 0.290051 -0.0495744 0.0601695 -4.14369e-05 
0.753042 0.880943 0.2735 -0.0563988 0.0591572 7.87535e-06 
0.77093 0.880943 0.256777 -0.0636196 0.0580819 8.36051e-05 
0.788819 0.880943 0.238699 -0.0713883 0.0568722 0.000132944 
0.805462 0.880943 0.220983 -0.0803187 0.055609 0.000215069 
0.822106 0.880943 0.202068 -0.0909156 0.0541831 0.000260217 
0.837463 0.880943 0.183918 -0.10381 0.0526893 0.000349306 
0.85282 0.880943 0.164569 -0.120255 0.0509704 0.000387185 
0.866881 0.880943 0.146153 -0.140515 0.0491415 0.000485622 
0.880943 0.880943 0.126305 -0.167132 0.0469834 0.000514356 
0.893728 0.880943 0.107205 -0.199355 0.0446489 0.000624115 
0.906513 0.880943 0.0861998 -0.241639 0.0418389 0.000642127 
0.918063 0.880943 0.0656621 -0.291101 0.0387741 0.000761804 
0.929613 0.880943 0.0426362 -0.354711 0.0350576 0.00076711 
0.939988 0.880943 0.0194136 -0.427673 0.0310167 0.000883736 
0.950362 0.880943 -0.00574108 -0.521486 0.0261124 0.000876098 
0.959633 0.880943 -0.0259467 -0.607835 0.0208643 0.000982261 
0.968903 0.880943 -0.0392611 -0.675393 0.0149047 0.000884962 
0.977148 0.880943 -0.0351197 -0.660881 0.00931846 0.00108537 
0.985394 0.880943 -0.0240234 -0.529965 0.0043319 0.000776809 
0.992697 0.880943 -0.00797796 -0.312393 0.0012001 0.00114629 
1 0.880943 0 0 0 0.000729971 

0 0.893728 0 0 0 0.000157361 
0.00730325 0.893728 -0.000731241 0.011475 4.19178e-05 0.00018654 
0.0146065 0.893728 -0.00366739 0.0213837 0.000164539 0.000122036 
0.0228517 0.893728 -0.00788953 0.034257 0.000398101 0.000175527 
0.031097 0.893728 -0.0123776 0.0447616 0.000727209 0.000126477 
0.0403673 0.893728 -0.0171857 0.057637 0.00120572 0.000184475 
0.0496377 0.893728 -0.0208051 0.0684076 0.00179238 0.0001497 
0.0600123 0.893728 -0.0233698 0.0811633 0.00257077 0.000203729 
0.0703869 0.893728 -0.023774 0.0925568 0.00347332 0.000180091 
0.0819372 0.893728 -0.0218174 0.105494 0.00461906 0.000232279 
0.0934875 0.893728 -0.0171607 0.117179 0.00590632 0.000218141 
0.106272 0.893728 -0.00908272 0.129608 0.00748621 0.00027268 
0.119057 0.893728 0.00176985 0.140399 0.00921413 0.000265013 
0.133119 0.893728 0.0164636 0.150876 0.0112652 0.000320763 
0.14718 0.893728 0.0334982 0.159072 0.0134474 0.000314361 
0.162537 0.893728 0.0540388 0.165912 0.0159468 0.000363499 
0.177894 0.893728 0.0760666 0.170094 0.0185308 0.000351156 
0.194538 0.893728 0.100686 0.172246 0.0213841 0.000382961 
0.211181 0.893728 0.125765 0.171852 0.0242519 0.000357674 
0.22907 0.893728 0.152287 0.169267 0.0273071 0.00036415 
0.246958 0.893728 0.178301 0.164614 0.0302975 0.000322071 
0.266013 0.893728 0.204611 0.158009 0.0333749 0.000301381 
0.285068 0.893728 0.229618 0.14998 0.0363128 0.000243668 
0.305174 0.893728 0.253904 0.140461 0.0392352 0.000200403 
0.32528 0.893728 0.276295 0.130189 0.0419587 0.000132815 
0.346282 0.893728 0.297182 0.119 0.0445773 7.6147e-05 
0.367284 0.893728 0.315818 0.107644 0.046959 6.89594e-06 
0.388994 0.893728 0.33246 0.0959472 0.04917 -5.22478e-05 
0.410703 0.893728 0.346709 0.0844882 0.0511295 -0.000114981 
0.432902 0.893728 0.358743 0.0731471 0.0528796 -0.0001666 
0.455101 0.893728 0.368387 0.0622464 0.0543827 -0.000216368 
0.477551 0.893728 0.37578 0.0517429 0.0556622 -0.000253011 
0.5 0.893728 0.380858 0.0417315 0.0567111 -0.000285725 
0.522449 0.893728 0.383758 0.0322346 0.057541 -0.000302938 
0.544899 0.893728 0.384436 0.0232065 0.0581626 -0.000316805 
0.567098 0.893728 0.38309 0.0147039 0.0585825 -0.000312871 
0.589297 0.893728 0.379623 0.00663283 0.0588182 -0.000308061 
0.611006 0.893728 0.37436 -0.000960654 0.0588785 -0.000283504 
0.632716 0.893728 0.367095 -0.00814589 0.058778 -0.000261796 
0.653718 0.893728 0.358345 -0.0149457 0.0585338 -0.000218845 
0.67472 0.893728 0.347743 -0.0213578 0.0581505 -0.000183271 
0.694826 0.893728 0.336054 -0.0275449 0.0576569 -0.000125291 
0.714932 0.893728 0.322701 -0.0334183 0.0570416 -7.96851e-05 
0.733987 0.893728 0.308721 -0.0393538 0.0563463 -1.04909e-05 
0.753042 0.893728 0.293287 -0.045208 0.0555382 4.11799e-05 
0.77093 0.893728 0.277684 -0.0516181 0.0546705 0.000118092 
0.788819 0.893728 0.260815 -0.0584826 0.0536837 0.000172694 
0.805462 0.893728 0.24414 -0.0666892 0.0526414 0.00025479 
0.822106 0.893728 0.226304 -0.0763599 0.0514497 0.00031114 
0.837463 0.893728 0.20883 -0.0885255 0.0501845 0.000396986 
0.85282 0.893728 0.190156 -0.103824 0.0487079 0.000456792 
0.866881 0.893728 0.17174 -0.123178 0.0471148 0.000545201 
0.880943 0.893728 0.151901 -0.148089 0.04521 0.000613361 
0.893728 0.893728 0.131903 -0.178938 0.0431251 0.000700971 
0.906513 0.893728 0.110075 -0.218568 0.040589 0.000784563 
0.918063 0.893728 0.0875947 -0.266097 0.0377977 0.000862741 
0.929613 0.893728 0.0629299 -0.325625 0.0343875 0.000968222 
0.939988 0.893728 0.0370534 -0.396019 0.0306579 0.00101774 
0.950362 0.893728 0.00905652 -0.486473 0.0260933 0.00114987 
0.959633 0.893728 -0.016596 -0.579434 0.0211416 0.00114129 
0.968903 0.893728 -0.0357966 -0.663136 0.0153701 0.00123138 
0.977148 0.893728 -0.036654 -0.670258 0.00978466 0.00127605 
0.985394 0.893728 -0.0276475 -0.554653 0.004646 0.00113661 
0.992697 0.893728 -0.00880056 -0.338271 0.00130906 0.00135825 
1 0.893728 0 0 0 0.000997625 

0 0.906513 0 0 0 0.000446929 
0.00730325 0.906513 -0.00300258 0.0154416 6.0962e-05 0.000142497 
0.0146065 0.906513 -0.00677252 0.0315892 0.000228833 0.000538375 
0.0228517 0.906513 -0.0123383 0.0425648 0.000527268 0.00017293 
0.031097 0.906513 -0.0199274 0.0558987 0.000929478 0.000476948 
0.0403673 0.906513 -0.0260314 0.064694 0.00148275 0.000174948 
0.0496377 0.906513 -0.0330284 0.0754475 0.00213096 0.0003876 
0.0600123 0.906513 -0.0364326 0.08365 0.00295312 0.000188178 
0.0703869 0.906513 -0.0393307 0.0933968 0.00387115 0.000329422 
0.0819372 0.906513 -0.0376569 0.102075 0.00499872 0.000222657 
0.0934875 0.906513 -0.0344201 0.111316 0.00623127 0.000314854 
0.106272 0.906513 -0.0261156 0.1201 0.00771046 0.000276279 
0.119057 0.906513 -0.0157733 0.128457 0.0093 0.000335518 
0.133119 0.906513 -0.000427674 0.136211 0.0111618 0.000338993 
0.14718 0.906513 0.0168433 0.142554 0.013123 0.000373783 
0.162537 0.906513 0.0384554 0.147804 0.0153543 0.000394154 
0.177894 0.906513 0.0613424 0.151011 0.0176506 0.000406391 
0.194538 0.906513 0.087415 0.152676 0.0201798 0.000422182 
0.211181 0.906513 0.113825 0.152177 0.0227188 0.000410902 
0.22907 0.906513 0.14207 0.149976 0.0254231 0.000407886 
0.246958 0.906513 0.169699 0.145909 0.0280714 0.000373178 
0.266013 0.906513 0.197857 0.140287 0.0307995 0.000346088 
0.285068 0.906513 0.224592 0.133321 0.0334077 0.000291527 
0.305174 0.906513 0.250724 0.12515 0.0360067 0.000243153 
0.32528 0.906513 0.274833 0.116224 0.038434 0.000175976 
0.346282 0.906513 0.297467 0.106552 0.0407734 0.00011467 
0.367284 0.906513 0.31771 0.096657 0.0429075 4.41411e-05 
0.388994 0.906513 0.335923 0.0864928 0.0448953 -1.93891e-05 
0.410703 0.906513 0.351596 0.0764871 0.0466641 -8.42653e-05 
0.432902 0.906513 0.364978 0.0666042 0.0482517 -0.000139924 
0.455101 0.906513 0.375835 0.0570869 0.0496241 -0.000192133 
0.477551 0.906513 0.384362 0.0479379 0.0508022 -0.000232283 
0.5 0.906513 0.39047 0.039226 0.0517797 -0.000267475 
0.522449 0.906513 0.394356 0.0309861 0.0525669 -0.000287496 
0.544899 0.906513 0.395964 0.0231837 0.0531738 -0.000303881 
0.567098 0.906513 0.395561 0.0158571 0.0536059 -0.000301903 
0.589297 0.906513 0.393033 0.00895107 0.0538797 -0.000299854 
0.611006 0.906513 0.388787 0.00246286 0.0540019 -0.000276176 
0.632716 0.906513 0.382578 -0.00361411 0.0539873 -0.000257818 
0.653718 0.906513 0.375019 -0.00938089 0.0538486 -0.000214252 
0.67472 0.906513 0.365667 -0.01475 0.0535925 -0.000183093 
0.694826 0.906513 0.355397 -0.0199858 0.0532406 -0.000122238 
0.714932 0.906513 0.343501 -0.0248959 0.0527862 -8.27531e-05 
0.733987 0.906513 0.331147 -0.0299656 0.0522607 -7.14978e-06 
0.753042 0.906513 0.317299 -0.0349378 0.051639 3.57599e-05 
0.77093 0.906513 0.303419 -0.0405411 0.0509614 0.000124604 
0.788819 0.906513 0.288086 -0.0465694 0.0501793 0.000166285 
0.805462 0.906513 0.273038 -0.0539424 0.0493413 0.000268858 
0.822106 0.906513 0.256415 -0.0627286 0.0483687 0.000305519 
0.837463 0.906513 0.240216 -0.0738575 0.0473202 0.000424986 
0.85282 0.906513 0.222089 -0.0880515 0.0460774 0.000453823 
0.866881 0.906513 0.204316 -0.105877 0.0447169 0.000595917 
0.880943 0.906513 0.183998 -0.12924 0.0430673 0.000614109 
0.893728 0.906513 0.163809 -0.157639 0.0412399 0.000785434 
0.906513 0.906513 0.140203 -0.195047 0.038993 0.000787188 
0.918063 0.906513 0.116549 -0.238946 0.0364966 0.000991474 
0.929613 0.906513 0.0887681 -0.295756 0.0334208 0.00096229 
0.939988 0.906513 0.06107 -0.360848 0.0300334 0.00119619 
0.950362 0.906513 0.0283348 -0.448747 0.0258559 0.00111978 
0.959633 0.906513 -0.00220008 -0.542822 0.0212676 0.00136121 
0.968903 0.906513 -0.0295158 -0.64557 0.0157717 0.00117079 
0.977148 0.906513 -0.0360994 -0.673316 0.0102583 0.00152359 
0.985394 0.906513 -0.0311973 -0.584306 0.00499973 0.00102113 
0.992697 0.906513 -0.0113411 -0.367358 0.00143732 0.00168376 
1 0.906513 0 0 0 0.00098957 

0 0.918063 0 0 0 0.000141589 
0.00730325 0.918063 -0.00208353 0.0233377 8.73362e-05 0.000198361 
0.0146065 0.918063 -0.00964558 0.0377546 0.000318767 3.93794e-05 
0.0228517 0.918063 -0.0193391 0.0546722 0.000709997 0.000179423 
0.031097 0.918063 -0.0287623 0.0639278 0.001206 6.28877e-05 
0.0403673 0.918063 -0.0389655 0.0750119 0.00185802 0.00019178 
0.0496377 0.918063 -0.0464143 0.0808338 0.00258498 0.000116861 
0.0600123 0.918063 -0.0526329 0.0883736 0.00346715 0.000215095 
0.0703869 0.918063 -0.0551616 0.0935067 0.0044129 0.000172696 
0.0819372 0.918063 -0.0550562 0.100153 0.00553411 0.000248337 
0.0934875 0.918063 -0.0511688 0.105381 0.00672267 0.000231566 
0.106272 0.918063 -0.0435151 0.111743 0.0081129 0.000296418 
0.119057 0.918063 -0.0323573 0.116908 0.00957615 0.000295133 
0.133119 0.918063 -0.0169495 0.122578 0.0112625 0.000353891 
0.14718 0.918063 0.00127483 0.126703 0.0130174 0.000357435 
0.162537 0.918063 0.0234913 0.130639 0.0149967 0.000406059 
0.177894 0.918063 0.047509 0.132668 0.0170215 0.000403684 
0.194538 0.918063 0.0746213 0.133919 0.0192437 0.000433606 
0.211181 0.918063 0.102358 0.13318 0.0214701 0.000416577 
0.22907 0.918063 0.131957 0.131343 0.0238398 0.00042059 
0.246958 0.918063 0.161065 0.127762 0.026161 0.000384431 
0.266013 0.918063 0.190757 0.12306 0.0285541 0.000360784 
0.285068 0.918063 0.219046 0.117073 0.0308454 0.000306539 
0.305174 0.918063 0.246776 0.110168 0.0331326 0.00025976 
0.32528 0.918063 0.272443 0.102508 0.0352733 0.000193383 
0.346282 0.918063 0.296656 0.0942661 0.0373418 0.000132664 
0.367284 0.918063 0.318411 0.0857574 0.0392342 6.28508e-05 
0.388994 0.918063 0.338128 0.0770428 0.0410028 -6.89387e-07 
0.410703 0.918063 0.355231 0.068421 0.0425831 -6.5096e-05 
0.432902 0.918063 0.370018 0.0599159 0.0440085 -0.000121091 
0.455101 0.918063 0.382216 0.0517088 0.0452482 -0.000173029 
0.477551 0.918063 0.392066 0.0438262 0.046321 -0.000213597 
0.5 0.918063 0.399459 0.0363242 0.0472209 -0.000248616 
0.522449 0.918063 0.404638 0.0292349 0.0479568 -0.000268927 
0.544899 0.918063 0.407541 0.0225421 0.0485377 -0.000285184 
0.567098 0.918063 0.408473 0.0162604 0.048968 -0.000283228 
0.589297 0.918063 0.407322 0.0103725 0.049263 -0.000281106 
0.611006 0.918063 0.404524 0.00483452 0.0494272 -0.000257113 
0.632716 0.918063 0.399834 -0.000308306 0.0494751 -0.000238761 
0.653718 0.918063 0.393879 -0.00521274 0.0494159 -0.000194527 
0.67472 0.918063 0.386218 -0.00972647 0.0492573 -0.000163352 
0.694826 0.918063 0.377705 -0.014182 0.0490153 -0.00010152 
0.714932 0.918063 0.367649 -0.0183031 0.0486867 -6.15518e-05 
0.733987 0.918063 0.357141 -0.0226579 0.0482947 1.5163e-05 
0.753042 0.918063 0.345202 -0.0268686 0.0478205 6.01994e-05 
0.77093 0.918063 0.333121 -0.0317778 0.0472944 0.000149761 
0.788819 0.918063 0.319626 -0.0369796 0.0466772 0.000197692 
0.805462 0.918063 0.306124 -0.0435874 0.0460057 0.000299226 
0.822106 0.918063 0.291078 -0.051307 0.0452142 0.000350891 
0.837463 0.918063 0.275899 -0.0614475 0.0443483 0.000464482 
0.85282 0.918063 0.258864 -0.0740439 0.043307 0.000525075 
0.866881 0.918063 0.241257 -0.0904491 0.0421518 0.000650226 
0.880943 0.918063 0.2213 -0.111282 0.0407337 0.000729895 
0.893728 0.918063 0.200072 -0.13762 0.0391457 0.000862064 
0.906513 0.918063 0.175911 -0.171055 0.0371743 0.000974788 
0.918063 0.918063 0.149658 -0.212264 0.0349654 0.00109923 
0.929613 0.918063 0.120143 -0.263582 0.0322205 0.00125752 
0.939988 0.918063 0.0883604 -0.325521 0.029175 0.00134824 
0.950362 0.918063 0.0529732 -0.405291 0.0253922 0.00156379 
0.959633 0.918063 0.0157399 -0.501331 0.0211963 0.00155828 
0.968903 0.918063 -0.0182317 -0.612729 0.0160359 0.00179004 
0.977148 0.918063 -0.0339218 -0.666711 0.0106735 0.00175454 
0.985394 0.918063 -0.033567 -0.603276 0.00534793 0.0017308 
0.992697 0.918063 -0.0110459 -0.397962 0.00156944 0.00192091 
1 0.918063 0 0 0 0.00147429 

0 0.929613 0 0 0 0.000726442 
0.00730325 0.929613 -0.00719403 0.0318374 0.00013119 -4.23419e-05 
0.0146065 0.929613 -0.0160924 0.0597704 0.000461265 0.000975729 
0.0228517 0.929613 -0.0264203 0.0693205 0.000976985 4.21487e-05 
0.031097 0.929613 -0.0422731 0.0842646 0.00160643 0.000754371 
0.0403673 0.929613 -0.0519147 0.0865669 0.0023865 8.55887e-05 
0.0496377 0.929613 -0.0647641 0.0929712 0.00321734 0.000536363 
0.0600123 0.929613 -0.0697068 0.0931335 0.00417573 0.0001411 
0.0703869 0.929613 -0.0750688 0.0965325 0.00515801 0.00041437 
0.0819372 0.929613 -0.0733362 0.0978663 0.00627686 0.000209202 
0.0934875 0.929613 -0.0706199 0.100532 0.00742149 0.000375949 
0.106272 0.929613 -0.0614406 0.102933 0.00871999 0.000287369 
0.119057 0.929613 -0.0504508 0.105529 0.0100517 0.000391595 
0.133119 0.929613 -0.0336398 0.108461 0.0115554 0.000367584 
0.14718 0.929613 -0.015028 0.110601 0.0130953 0.000431627 
0.162537 0.929613 0.00852943 0.112948 0.0148121 0.000435153 
0.177894 0.929613 0.0333086 0.11385 0.016554 0.000467221 
0.194538 0.929613 0.0618089 0.114571 0.0184557 0.000471753 
0.211181 0.929613 0.0906062 0.113581 0.0203551 0.000473834 
0.22907 0.929613 0.121701 0.11206 0.0223742 0.000462722 
0.246958 0.929613 0.152108 0.108947 0.0243518 0.000436541 
0.266013 0.929613 0.1834 0.105153 0.0263923 0.000403087 
0.285068 0.929613 0.21316 0.100136 0.0283489 0.00035331 
0.305174 0.929613 0.242566 0.0944958 0.0303057 0.000299436 
0.32528 0.929613 0.269819 0.0881036 0.0321415 0.000234165 
0.346282 0.929613 0.295759 0.0812942 0.03392 0.000167749 
0.367284 0.929613 0.319177 0.0741779 0.0355523 9.70512e-05 
0.388994 0.929613 0.340652 0.066917 0.0370832 2.86537e-05 
0.410703 0.929613 0.359473 0.0596852 0.0384566 -3.76698e-05 
0.432902 0.929613 0.376047 0.0525587 0.0397014 -9.7824e-05 
0.455101 0.929613 0.390013 0.0456624 0.0407904 -0.000152072 
0.477551 0.929613 0.40169 0.0390386 0.0417398 -0.000196066 
0.5 0.929613 0.410911 0.0327365 0.042544 -0.000233459 
0.522449 0.929613 0.417979 0.0267784 0.0432104 -0.000256383 
0.544899 0.929613 0.422789 0.0211713 0.0437467 -0.000275026 
0.567098 0.929613 0.425694 0.015903 0.0441563 -0.000274762 
0.589297 0.929613 0.426545 0.0109956 0.0444526 -0.000275212 
0.611006 0.929613 0.425818 0.00636662 0.0446388 -0.000251796 
0.632716 0.929613 0.423224 0.00210949 0.0447282 -0.00023656 
0.653718 0.929613 0.419431 -0.00197821 0.0447269 -0.0001914 
0.67472 0.929613 0.413933 -0.00569045 0.0446433 -0.00016445 
0.694826 0.929613 0.407643 -0.009406 0.0444886 -9.94494e-05 
0.714932 0.929613 0.399757 -0.0127898 0.0442621 -6.56879e-05 
0.733987 0.929613 0.391471 -0.0164492 0.0439806 1.7771e-05 
0.753042 0.929613 0.381608 -0.0199404 0.0436305 5.31658e-05 
0.77093 0.929613 0.371656 -0.0241276 0.0432336 0.000155375 
0.788819 0.929613 0.35999 -0.0285339 0.0427596 0.000187657 
0.805462 0.929613 0.348402 -0.0342544 0.0422351 0.000311796 
0.822106 0.929613 0.334722 -0.0409438 0.0416072 0.000337103 
0.837463 0.929613 0.32109 -0.0497928 0.0409098 0.000490329 
0.85282 0.929613 0.304664 -0.0608966 0.0400594 0.000505241 
0.866881 0.929613 0.288057 -0.0752282 0.0391037 0.000699324 
0.880943 0.929613 0.267544 -0.0938546 0.037917 0.000698422 
0.893728 0.929613 0.246575 -0.116854 0.0365744 0.000949471 
0.906513 0.929613 0.220212 -0.147221 0.0348923 0.000919012 
0.918063 0.929613 0.193269 -0.183236 0.0329924 0.00124478 
0.929613 0.929613 0.159286 -0.23128 0.0306105 0.0011503 
0.939988 0.929613 0.126003 -0.286019 0.0279433 0.00157111 
0.950362 0.929613 0.0838978 -0.361958 0.0246048 0.00135192 
0.959633 0.929613 0.0429603 -0.450849 0.020866 0.00186264 
0.968903 0.929613 -0.00287116 -0.576338 0.0161449 0.00142869 
0.977148 0.929613 -0.0267206 -0.648762 0.0110367 0.00212684 
0.985394 0.929613 -0.0357239 -0.630533 0.00571551 0.00120347 
0.992697 0.929613 -0.0148796 -0.429226 0.00171646 0.00246384 
1 0.929613 0 0 0 0.00130296 

0 0.939988 0 0 0 8.3994e-05 
0.00730325 0.939988 -0.00492788 0.0491299 0.000188237 0.000213327 
0.0146065 0.939988 -0.0214446 0.0687546 0.00064177 -0.000198827 
0.0228517 0.939988 -0.0394926 0.0903075 0.00132096 0.000196133 
0.031097 0.939988 -0.0540241 0.0947866 0.00209659 -9.1955e-05 
0.0403673 0.939988 -0.0703851 0.101889 0.00302454 0.000199917 
0.0496377 0.939988 -0.0797858 0.0989605 0.00396345 4.49093e-05 
0.0600123 0.939988 -0.0878937 0.0991968 0.00499906 0.000218097 
0.0703869 0.939988 -0.0900038 0.0961008 0.00601537 0.000154237 
0.0819372 0.939988 -0.0895402 0.0959761 0.00712915 0.00025254 
0.0934875 0.939988 -0.0842262 0.0940587 0.00822889 0.000245669 
0.106272 0.939988 -0.0750686 0.0944618 0.00943687 0.000307657 
0.119057 0.939988 -0.0621552 0.0938074 0.0106421 0.000328268 
0.133119 0.939988 -0.0448536 0.0949827 0.0119721 0.00037362 
0.14718 0.939988 -0.0248148 0.0949641 0.0133096 0.000400508 
0.162537 0.939988 -0.000511005 0.0961642 0.0147801 0.000433236 
0.177894 0.939988 0.0254267 0.0959036 0.0162575 0.000450889 
0.194538 0.939988 0.0548639 0.0962263 0.0178598 0.000466455 
0.211181 0.939988 0.0847783 0.0949489 0.0194539 0.000464664 
0.22907 0.939988 0.117017 0.0937121 0.021145 0.000457305 
0.246958 0.939988 0.148649 0.0909999 0.0228005 0.000431738 
0.266013 0.939988 0.181301 0.0880008 0.0245094 0.00039956 
0.285068 0.939988 0.212458 0.0838588 0.0261501 0.000351966 
0.305174 0.939988 0.243425 0.0793369 0.0277938 0.000298724 
0.32528 0.939988 0.272262 0.0740946 0.0293392 0.000235859 
0.346282 0.939988 0.299939 0.0685601 0.0308397 0.000169963 
0.367284 0.939988 0.325112 0.0627062 0.0322205 0.000101334 
0.388994 0.939988 0.348473 0.0567434 0.0335191 3.33972e-05 
0.410703 0.939988 0.369193 0.0507673 0.0346879 -3.13653e-05 
0.432902 0.939988 0.387767 0.0448731 0.035751 -9.11572e-05 
0.455101 0.939988 0.403743 0.0391539 0.0366849 -0.000144322 
0.477551 0.939988 0.417499 0.0336533 0.0375031 -0.000188035 
0.5 0.939988 0.428806 0.0284195 0.0382006 -0.000224723 
0.522449 0.939988 0.438001 0.0234666 0.0387836 -0.000247368 
0.544899 0.939988 0.444943 0.0188162 0.0392584 -0.000265599 
0.567098 0.939988 0.45 0.0144441 0.0396276 -0.000264965 
0.589297 0.939988 0.453003 0.0103909 0.039903 -0.000265242 
0.611006 0.939988 0.454427 0.00656353 0.0400866 -0.00024129 
0.632716 0.939988 0.453982 0.00307044 0.0401903 -0.000226053 
0.653718 0.939988 0.452316 -0.000295218 0.0402185 -0.000180152 
0.67472 0.939988 0.448937 -0.00331807 0.0401792 -0.000153165 
0.694826 0.939988 0.444713 -0.0063716 0.0400803 -8.725e-05 
0.714932 0.939988 0.438883 -0.00911166 0.0399229 -5.28088e-05 
0.733987 0.939988 0.432551 -0.0121333 0.0397188 3.15218e-05 
0.753042 0.939988 0.424631 -0.0149637 0.0394584 6.96912e-05 
0.77093 0.939988 0.416439 -0.0184681 0.0391576 0.000172038 
0.788819 0.939988 0.406541 -0.0220718 0.0387926 0.000212297 
0.805462 0.939988 0.396391 -0.0269423 0.0383831 0.000333965 
0.822106 0.939988 0.384224 -0.032462 0.0378864 0.000378672 
0.837463 0.939988 0.371512 -0.0401048 0.0373279 0.00052227 
0.85282 0.939988 0.356244 -0.0493019 0.0366392 0.000579955 
0.866881 0.939988 0.339737 -0.0618168 0.0358574 0.000747151 
0.880943 0.939988 0.31992 -0.0772391 0.0348778 0.000834668 
0.893728 0.939988 0.297763 -0.0976078 0.0337604 0.00102079 
0.906513 0.939988 0.271496 -0.12273 0.0323502 0.00116454 
0.918063 0.939988 0.241438 -0.155259 0.0307465 0.00134824 
0.929613 0.939988 0.206768 -0.195435 0.02872 0.00158228 
0.939988 0.939988 0.167434 -0.246939 0.0264294 0.00171731 
0.950362 0.939988 0.123709 -0.310453 0.0235371 0.00208259 
0.959633 0.939988 0.0734888 -0.397946 0.0202719 0.00206528 
0.968903 0.939988 0.0226761 -0.517746 0.0160378 0.00258675 
0.977148 0.939988 -0.0169005 -0.619424 0.0112788 0.00234851 
0.985394 0.939988 -0.0331527 -0.632902 0.0060363 0.00272365 
0.992697 0.939988 -0.0112406 -0.460848 0.00185544 0.00263044 
1 0.939988 0 0 0 0.00226578 

0 0.950362 0 0 0 0.00135985 
0.00730325 0.950362 -0.0160591 0.0653204 0.000277969 -0.000566728 
0.0146065 0.950362 -0.0374629 0.11226 0.000927113 0.00207949 
0.0228517 0.950362 -0.0492314 0.109051 0.00179213 -0.000318869 
0.031097 0.950362 -0.0775515 0.125856 0.00275543 0.00134902 
0.0403673 0.950362 -0.0841198 0.114111 0.00383773 -0.000111457 
0.0496377 0.950362 -0.100445 0.112693 0.00488402 0.000822397 
0.0600123 0.950362 -0.100011 0.10249 0.00598412 5.02458e-05 
0.0703869 0.950362 -0.104545 0.0983031 0.00701995 0.000561338 
0.0819372 0.950362 -0.0982018 0.0922683 0.0081126 0.000177 
0.0934875 0.950362 -0.0929448 0.0879245 0.00914939 0.000468669 
0.106272 0.950362 -0.0796345 0.0848306 0.0102492 0.000287889 
0.119057 0.950362 -0.0660309 0.08186 0.0113118 0.00046434 
0.133119 0.950362 -0.045929 0.0808247 0.0124531 0.000386706 
0.14718 0.950362 -0.0250684 0.0790222 0.0135749 0.00049619 
0.162537 0.950362 0.00115371 0.0789749 0.0147868 0.000465179 
0.177894 0.950362 0.0278897 0.0776813 0.0159885 0.000527023 
0.194538 0.950362 0.0587926 0.0775733 0.0172799 0.000508287 
0.211181 0.950362 0.0895877 0.0760235 0.0185574 0.000529844 
0.22907 0.950362 0.123202 0.0750325 0.0199081 0.000503038 
0.246958 0.950362 0.155945 0.0726872 0.0212288 0.000489148 
0.266013 0.950362 0.190114 0.0704339 0.0225918 0.00044511 
0.285068 0.950362 0.222698 0.0671169 0.0239016 0.000402527 
0.305174 0.950362 0.255429 0.0636612 0.0252153 0.0003413 
0.32528 0.950362 0.28602 0.0595186 0.0264526 0.000279632 
0.346282 0.950362 0.315719 0.0552108 0.027656 0.000207759 
0.367284 0.950362 0.342929 0.0505754 0.0287654 0.000138223 
0.388994 0.950362 0.368519 0.045872 0.0298106 6.54574e-05 
0.410703 0.950362 0.391476 0.0411175 0.0307532 -1.23784e-06 
0.432902 0.950362 0.412403 0.0364281 0.031612 -6.50369e-05 
0.455101 0.950362 0.430716 0.0318623 0.0323682 -0.000120507 
0.477551 0.950362 0.446855 0.0274673 0.0330322 -0.000167495 
0.5 0.950362 0.460506 0.0232864 0.0336 -0.000206538 
0.522449 0.950362 0.472037 0.0193278 0.0340764 -0.000231729 
0.544899 0.950362 0.481258 0.0156239 0.0344668 -0.000252304 
0.567098 0.950362 0.488552 0.01214 0.034773 -0.000253438 
0.589297 0.950362 0.493726 0.00893308 0.0350048 -0.000256188 
0.611006 0.950362 0.497266 0.00589985 0.0351638 -0.000233084 
0.632716 0.950362 0.498866 0.00316284 0.03526 -0.000220768 
0.653718 0.950362 0.499193 0.000511509 0.0352965 -0.000174472 
0.67472 0.950362 0.497724 -0.00183035 0.0352803 -0.000151406 
0.694826 0.950362 0.495377 -0.0042278 0.0352172 -8.3175e-05 
0.714932 0.950362 0.49131 -0.0063326 0.0351085 -5.46405e-05 
0.733987 0.950362 0.486743 -0.00871412 0.0349629 3.5261e-05 
0.753042 0.950362 0.480406 -0.0108936 0.0347736 6.36811e-05 
0.77093 0.950362 0.473862 -0.013689 0.0345517 0.000177434 
0.788819 0.950362 0.465291 -0.0165101 0.0342791 0.000200442 
0.805462 0.950362 0.456656 -0.0204456 0.0339699 0.000344372 
0.822106 0.950362 0.445419 -0.0248575 0.0335909 0.000357002 
0.837463 0.950362 0.434069 -0.03107 0.0331606 0.000543555 
0.85282 0.950362 0.419089 -0.0385565 0.0326249 0.000539679 
0.866881 0.950362 0.403786 -0.0487094 0.0320116 0.000789808 
0.880943 0.950362 0.383202 -0.0614952 0.0312375 0.000757182 
0.893728 0.950362 0.362089 -0.0779316 0.0303485 0.00110353 
0.906513 0.950362 0.333275 -0.0993566 0.0292192 0.00101154 
0.918063 0.950362 0.304154 -0.125373 0.0279278 0.00150352 
0.929613 0.950362 0.263832 -0.161453 0.0262828 0.00127797 
0.939988 0.950362 0.225252 -0.203048 0.0244048 0.00199268 
0.950362 0.950362 0.171013 -0.263593 0.0220091 0.00147683 
0.959633 0.950362 0.121652 -0.335158 0.0192751 0.00251723 
0.968903 0.950362 0.0520506 -0.463868 0.0156412 0.00147339 
0.977148 0.950362 0.00574287 -0.571075 0.0113578 0.00300141 
0.985394 0.950362 -0.0317028 -0.653999 0.00633061 0.000995102 
0.992697 0.950362 -0.0167934 -0.486202 0.00199141 0.00364256 
1 0.950362 0 0 0 0.00157084 

0 0.959633 0 0 0 3.89448e-05 
0.00730325 0.959633 -0.0138478 0.10429 0.000416199 0.000233661 
0.0146065 0.959633 -0.0494382 0.118956 0.00129317 -0.0008151 
0.0228517 0.959633 -0.0776372 0.136823 0.00239901 0.000256037 
0.031097 0.959633 -0.0856196 0.126598 0.00349891 -0.000443625 
0.0403673 0.959633 -0.100157 0.127199 0.00470948 0.000189752 
0.0496377 0.959633 -0.101128 0.110245 0.00582342 -7.19143e-05 
0.0600123 0.959633 -0.103494 0.103998 0.00694969 0.000187013 
0.0703869 0.959633 -0.0976948 0.0921612 0.00797392 0.000139502 
0.0819372 0.959633 -0.0899001 0.0863586 0.00901305 0.000225392 
0.0934875 0.959633 -0.0779315 0.0778084 0.00996558 0.000272368 
0.106272 0.959633 -0.0624277 0.0739059 0.0109406 0.000293026 
0.119057 0.959633 -0.0446199 0.0684489 0.0118536 0.000368886 
0.133119 0.959633 -0.0225775 0.0664299 0.0128058 0.000371515 
0.14718 0.959633 0.000700042 0.0631321 0.0137193 0.00044333 
0.162537 0.959633 0.028231 0.0623562 0.0146862 0.000440448 
0.177894 0.959633 0.0562501 0.0603028 0.0156306 0.000490853 
0.194538 0.959633 0.0879944 0.0598965 0.0166343 0.000479718 
0.211181 0.959633 0.11954 0.0581994 0.0176199 0.000500166 
0.22907 0.959633 0.153854 0.0573796 0.0186571 0.000474272 
0.246958 0.959633 0.187276 0.0553895 0.0196688 0.000462999 
0.266013 0.959633 0.222274 0.0537161 0.0207116 0.000418657 
0.285068 0.959633 0.25573 0.0511277 0.0217135 0.000379746 
0.305174 0.959633 0.289552 0.0485486 0.0227186 0.000318705 
0.32528 0.959633 0.321295 0.0453724 0.0236655 0.00026069 
0.346282 0.959633 0.352351 0.0421139 0.0245868 0.000189692 
0.367284 0.959633 0.380963 0.0385603 0.0254363 0.000123374 
0.388994 0.959633 0.408103 0.0349676 0.0262365 5.19049e-05 
0.410703 0.959633 0.432617 0.0313139 0.0269578 -1.21361e-05 
0.432902 0.959633 0.455176 0.0277144 0.0276145 -7.45036e-05 
0.455101 0.959633 0.475091 0.0242046 0.0281921 -0.000127865 
0.477551 0.959633 0.492843 0.0208301 0.0286986 -0.000173447 
0.5 0.959633 0.508053 0.017626 0.029131 -0.000210851 
0.522449 0.959633 0.52111 0.0145978 0.0294932 -0.000234703 
0.544899 0.959633 0.531795 0.011778 0.0297894 -0.000254028 
0.567098 0.959633 0.540501 0.00913175 0.0300215 -0.000253871 
0.589297 0.959633 0.547034 0.00671424 0.0301971 -0.000255689 
0.611006 0.959633 0.55188 0.00443113 0.0303175 -0.000231318 
0.632716 0.959633 0.554746 0.00239298 0.0303908 -0.000218281 
0.653718 0.959633 0.556295 0.000415956 0.0304193 -0.000170738 
0.67472 0.959633 0.556029 -0.00130592 0.0304087 -0.00014689 
0.694826 0.959633 0.554841 -0.0030829 0.0303632 -7.75116e-05 
0.714932 0.959633 0.551934 -0.00461765 0.0302841 -4.74268e-05 
0.733987 0.959633 0.548468 -0.00638863 0.0301775 4.32287e-05 
0.753042 0.959633 0.543259 -0.00798331 0.0300386 7.56193e-05 
0.77093 0.959633 0.537732 -0.0100954 0.029875 0.000188846 
0.788819 0.959633 0.530257 -0.0121879 0.0296734 0.000221857 
0.805462 0.959633 0.522483 -0.0152275 0.0294433 0.000361551 
0.822106 0.959633 0.512311 -0.0185318 0.0291598 0.000397855 
0.837463 0.959633 0.501528 -0.0234263 0.0288356 0.000570251 
0.85282 0.959633 0.487608 -0.0290209 0.0284299 0.000619703 
0.866881 0.959633 0.47232 -0.0371679 0.0279625 0.000830831 
0.880943 0.959633 0.452899 -0.0465935 0.0273699 0.00091474 
0.893728 0.959633 0.430742 -0.060096 0.0266857 0.00116315 
0.906513 0.959633 0.403402 -0.0756253 0.0258133 0.0013212 
0.918063 0.959633 0.371262 -0.0977667 0.02481 0.00158328 
0.929613 0.959633 0.333085 -0.123298 0.023527 0.0018892 
0.939988 0.959633 0.286795 -0.161753 0.0220458 0.00208517 
0.950362 0.959633 0.236299 -0.204428 0.0201342 0.00266355 
0.959633 0.959633 0.172636 -0.274863 0.0179296 0.00262619 
0.968903 0.959633 0.105578 -0.373812 0.014917 0.00370828 
0.977148 0.959633 0.0288369 -0.513447 0.0112266 0.00303727 
0.985394 0.959633 -0.0141248 -0.617875 0.00649668 0.00448836 
0.992697 0.959633 -0.00600621 -0.511243 0.00210592 0.00345206 
1 0.959633 0 0 0 0.00368724 

0 0.968903 0 0 0 0.00189722 
0.00730325 0.968903 -0.0275269 0.136132 0.000583176 -0.00188376 
0.0146065 0.968903 -0.090546 0.207315 0.00188488 0.00476461 
0.0228517 0.968903 -0.0792838 0.143179 0.00317249 -0.00123433 
0.031097 0.968903 -0.118533 0.156851 0.0043879 0.002676 
0.0403673 0.968903 -0.0906908 0.125913 0.00563228 -0.000453603 
0.0496377 0.968903 -0.100796 0.116904 0.00673869 0.00139653 
0.0600123 0.968903 -0.0786777 0.097777 0.00782538 -6.87576e-05 
0.0703869 0.968903 -0.0706861 0.0855136 0.00876015 0.000839659 
0.0819372 0.968903 -0.0465718 0.0757383 0.00967791 0.000148712 
0.0934875 0.968903 -0.0303275 0.0660306 0.0104867 0.000627105 
0.106272 0.968903 -0.0047548 0.0604115 0.0112867 0.00029373 
0.119057 0.968903 0.0166402 0.0537982 0.0120098 0.0005685 
0.133119 0.968903 0.0444339 0.0508878 0.0127406 0.000406749 
0.14718 0.968903 0.0697806 0.0467766 0.0134225 0.000572333 
0.162537 0.968903 0.100061 0.0454932 0.0141277 0.000491322 
0.177894 0.968903 0.128791 0.0430098 0.0148041 0.000587 
0.194538 0.968903 0.16146 0.0424331 0.0155131 0.000537582 
0.211181 0.968903 0.192896 0.0407063 0.0162029 0.000579979 
0.22907 0.968903 0.227253 0.0400773 0.0169239 0.000534353 
0.246958 0.968903 0.260285 0.0384384 0.0176246 0.000533148 
0.266013 0.968903 0.295082 0.0373013 0.0183449 0.000477592 
0.285068 0.968903 0.328217 0.0353824 0.019036 0.000442319 
0.305174 0.968903 0.361914 0.0336158 0.0197283 0.000373821 
0.32528 0.968903 0.39354 0.0313356 0.0203799 0.000315833 
0.346282 0.968903 0.424636 0.0290669 0.0210128 0.00023898 
0.367284 0.968903 0.453315 0.026536 0.0215955 0.000170694 
0.388994 0.968903 0.480614 0.0240095 0.0221429 9.41333e-05 
0.410703 0.968903 0.505295 0.0214166 0.0226349 2.71431e-05 
0.432902 0.968903 0.528051 0.0188779 0.023081 -3.97708e-05 
0.455101 0.968903 0.548149 0.0164006 0.0234717 -9.64236e-05 
0.477551 0.968903 0.566078 0.0140276 0.0238124 -0.000145993 
0.5 0.968903 0.581445 0.0117865 0.0241014 -0.000186668 
0.522449 0.968903 0.594648 0.00967332 0.0243417 -0.000213887 
0.544899 0.968903 0.605471 0.00772652 0.0245364 -0.000236319 
0.567098 0.968903 0.614325 0.00590004 0.0246871 -0.000238842 
0.589297 0.968903 0.621016 0.00425847 0.0247993 -0.000243639 
0.611006 0.968903 0.626062 0.00270222 0.0248743 -0.000221155 
0.632716 0.968903 0.629158 0.00134506 0.0249176 -0.000211182 
0.653718 0.968903 0.631012 1.24497e-05 0.0249312 -0.000164508 
0.67472 0.968903 0.631083 -0.00111143 0.0249188 -0.000144276 
0.694826 0.968903 0.63034 -0.00230359 0.0248837 -7.42474e-05 
0.714932 0.968903 0.627892 -0.00329342 0.0248264 -4.92947e-05 
0.733987 0.968903 0.625027 -0.0044924 0.0247513 4.46114e-05 
0.753042 0.968903 0.620376 -0.00553217 0.0246546 6.83252e-05 
0.77093 0.968903 0.61561 -0.00699538 0.0245416 0.000189754 
0.788819 0.968903 0.608724 -0.00840555 0.0244026 0.00020617 
0.805462 0.968903 0.601887 -0.0105604 0.0242439 0.000364226 
0.822106 0.968903 0.592206 -0.01286 0.0240478 0.000366441 
0.837463 0.968903 0.582603 -0.0163698 0.0238228 0.000579054 
0.85282 0.968903 0.568848 -0.0203496 0.0235399 0.000555771 
0.866881 0.968903 0.555176 -0.0261873 0.0232126 0.000855331 
0.880943 0.968903 0.53516 -0.0330321 0.022796 0.000780773 
0.893728 0.968903 0.515506 -0.0425828 0.0223137 0.00122509 
0.906513 0.968903 0.485874 -0.0543718 0.0216957 0.00103435 
0.918063 0.968903 0.458067 -0.0696956 0.0209826 0.00173081 
0.929613 0.968903 0.41395 -0.0903067 0.0200656 0.00126399 
0.939988 0.968903 0.374657 -0.116736 0.0190037 0.00242117 
0.950362 0.968903 0.309209 -0.159818 0.0175946 0.00129804 
0.959633 0.968903 0.261055 -0.202692 0.0159567 0.00335182 
0.968903 0.968903 0.154638 -0.308077 0.0136883 0.000809591 
0.977148 0.968903 0.0913872 -0.423269 0.0107167 0.00443658 
0.985394 0.968903 -0.00711814 -0.632602 0.00654466 -0.000497555 
0.992697 0.968903 -0.00558596 -0.512014 0.00214031 0.00555753 
1 0.968903 0 0 0 0.00214357 

0 0.977148 0 0 0 0.000261782 
0.00730325 0.977148 -0.0315265 0.204866 0.000851136 5.27947e-05 
0.0146065 0.977148 -0.0649691 0.178694 0.00237014 -0.00229509 
0.0228517 0.977148 -0.100917 0.172364 0.00397752 0.000506309 
0.031097 0.977148 -0.0659261 0.112005 0.00517374 -0.000965146 
0.0403673 0.977148 -0.0600865 0.120863 0.00632418 0.000103479 
0.0496377 0.977148 -0.0315186 0.090961 0.00734115 -0.000135809 
0.0600123 0.977148 -0.00588729 0.0814276 0.00825564 6.55009e-05 
0.0703869 0.977148 0.0224663 0.0638919 0.00902072 0.000179923 
0.0819372 0.977148 0.0526008 0.0573524 0.0097318 0.000136595 
0.0934875 0.977148 0.0803332 0.0471638 0.0103419 0.000323755 
0.106272 0.977148 0.110742 0.0426457 0.0109219 0.000239917 
0.119057 0.977148 0.137832 0.0364941 0.0114314 0.000413173 
0.133119 0.977148 0.167954 0.0339403 0.0119302 0.000344409 
0.14718 0.977148 0.195213 0.030357 0.0123847 0.000478826 
0.162537 0.977148 0.225584 0.0291298 0.012844 0.000429429 
0.177894 0.977148 0.253809 0.0270621 0.0132774 0.000518774 
0.194538 0.977148 0.284989 0.0265048 0.0137253 0.00047793 
0.211181 0.977148 0.314535 0.0251689 0.0141572 0.000522171 
0.22907 0.977148 0.346525 0.0247083 0.0146054 0.000477768 
0.246958 0.977148 0.377025 0.0235562 0.015039 0.000480871 
0.266013 0.977148 0.409117 0.0228317 0.015483 0.000425399 
0.285068 0.977148 0.43955 0.021563 0.0159079 0.000395079 
0.305174 0.977148 0.470531 0.020456 0.0163321 0.000327583 
0.32528 0.977148 0.49953 0.0189871 0.0167303 0.000274586 
0.346282 0.977148 0.52805 0.0175631 0.0171156 0.00019992 
0.367284 0.977148 0.554275 0.0159537 0.0174689 0.000136368 
0.388994 0.977148 0.579195 0.0143681 0.0177991 6.27929e-05 
0.410703 0.977148 0.601629 0.012737 0.0180943 7.83621e-08 
0.432902 0.977148 0.622228 0.0111509 0.0183601 -6.35508e-05 
0.455101 0.977148 0.640312 0.00961135 0.018591 -0.000116509 
0.477551 0.977148 0.656339 0.00814126 0.0187905 -0.00016287 
0.5 0.977148 0.669961 0.00676808 0.018958 -0.000200476 
0.522449 0.977148 0.681565 0.00547383 0.0190953 -0.000224769 
0.544899 0.977148 0.690959 0.0042998 0.0192047 -0.00024474 
0.567098 0.977148 0.698561 0.00319571 0.0192875 -0.000244695 
0.589297 0.977148 0.704182 0.00222271 0.0193471 -0.000247576 
0.611006 0.977148 0.708356 0.0012946 0.0193845 -0.000222891 
0.632716 0.977148 0.710765 0.000504154 0.0194032 -0.0002114 
0.653718 0.977148 0.71213 -0.000281244 0.0194046 -0.000162894 
0.67472 0.977148 0.711899 -0.000927199 0.0193908 -0.000141195 
0.694826 0.977148 0.711031 -0.00162591 0.0193639 -6.97825e-05 
0.714932 0.977148 0.708642 -0.00219709 0.0193242 -4.25956e-05 
0.733987 0.977148 0.705966 -0.00290545 0.0192743 5.19115e-05 
0.753042 0.977148 0.701702 -0.00352701 0.0192115 8.04819e-05 
0.77093 0.977148 0.697375 -0.00441157 0.0191391 0.000200671 
0.788819 0.977148 0.691182 -0.005296 0.0190506 0.000228646 
0.805462 0.977148 0.684948 -0.00663351 0.0189497 0.000380625 
0.822106 0.977148 0.676294 -0.00811366 0.018825 0.000410013 
0.837463 0.977148 0.667349 -0.0103409 0.0186815 0.000603774 
0.85282 0.977148 0.655096 -0.0128912 0.0185007 0.000642991 
0.866881 0.977148 0.641958 -0.0166842 0.0182904 0.00089079 
0.880943 0.977148 0.624296 -0.0209312 0.0180226 0.000958909 
0.893728 0.977148 0.604675 -0.0273639 0.0177108 0.00126912 
0.906513 0.977148 0.57909 -0.0342377 0.017312 0.0014071 
0.918063 0.977148 0.549552 -0.0454306 0.0168468 0.00176755 
0.929613 0.977148 0.512968 -0.0558394 0.0162526 0.0020726 
0.939988 0.977148 0.467988 -0.0780226 0.0155525 0.00240334 
0.950362 0.977148 0.415876 -0.098684 0.0146207 0.00313153 
0.959633 0.977148 0.345769 -0.144466 0.0134785 0.00317253 
0.968903 0.977148 0.276858 -0.176863 0.0119351 0.00502307 
0.977148 0.977148 0.143645 -0.339787 0.00981432 0.00382678 
0.985394 0.977148 0.0572529 -0.501659 0.00621294 0.00751832 
0.992697 0.977148 0.00375229 -0.513355 0.00217844 0.00457088 
1 0.977148 0 0 0 0.00564293 

0 0.985394 0 0 0 -0.00933921 
0.00730325 0.985394 -0.00603915 0.2386 0.00103691 -0.00457836 
0.0146065 0.985394 -0.248539 0.322499 0.00329397 0.0104213 
0.0228517 0.985394 -0.0125671 0.107698 0.00464368 -0.00273031 
0.031097 0.985394 -0.026617 0.127718 0.00542411 0.00555522 
0.0403673 0.985394 0.0810457 0.0886861 0.00635617 -0.000780447 
0.0496377 0.985394 0.1106 0.0668535 0.00702164 0.0024744 
0.0600123 0.985394 0.180488 0.054577 0.00763088 -9.58799e-05 
0.0703869 0.985394 0.211775 0.0405722 0.00810048 0.00129761 
0.0819372 0.985394 0.260021 0.0350641 0.0085266 0.000188085 
0.0934875 0.985394 0.289204 0.0271909 0.00887392 0.000847004 
0.106272 0.985394 0.326003 0.0240751 0.00919547 0.000339309 
0.119057 0.985394 0.352176 0.01955 0.00946733 0.000688157 
0.133119 0.985394 0.382542 0.0178894 0.00972688 0.000444799 
0.14718 0.985394 0.406765 0.0153441 0.0099564 0.000645208 
0.162537 0.985394 0.434002 0.0145776 0.010184 0.000522088 
0.177894 0.985394 0.457592 0.013144 0.0103944 0.000636591 
0.194538 0.985394 0.483704 0.0128278 0.0106093 0.000564012 
0.211181 0.985394 0.507535 0.0119416 0.010814 0.000617674 
0.22907 0.985394 0.533382 0.0117252 0.011025 0.000558831 
0.246958 0.985394 0.557544 0.0110245 0.0112277 0.000564488 
0.266013 0.985394 0.582987 0.0106905 0.0114342 0.00050106 
0.285068 0.985394 0.606838 0.00998287 0.0116309 0.000469599 
0.305174 0.985394 0.631073 0.00945481 0.0118262 0.000396006 
0.32528 0.985394 0.653555 0.00868064 0.0120087 0.000339592 
0.346282 0.985394 0.675545 0.00798871 0.0121839 0.000259035 
0.367284 0.985394 0.695575 0.00717199 0.0123436 0.000190763 
0.388994 0.985394 0.714434 0.00639889 0.0124914 0.000111248 
0.410703 0.985394 0.731215 0.00559653 0.0126224 4.33226e-05 
0.432902 0.985394 0.746428 0.00482856 0.0127388 -2.60267e-05 
0.455101 0.985394 0.759576 0.00409343 0.0128388 -8.40556e-05 
0.477551 0.985394 0.771043 0.00339157 0.0129237 -0.000135596 
0.5 0.985394 0.78057 0.00275552 0.0129937 -0.000177739 
0.522449 0.985394 0.788522 0.0021487 0.0130496 -0.000206473 
0.544899 0.985394 0.794722 0.00162202 0.0130929 -0.000230288 
0.567098 0.985394 0.799598 0.00111418 0.0131241 -0.000233879 
0.589297 0.985394 0.802922 0.000692535 0.0131449 -0.000239937 
0.611006 0.985394 0.805252 0.000272748 0.013156 -0.000218075 
0.632716 0.985394 0.806202 -5.72385e-05 0.0131589 -0.000209293 
0.653718 0.985394 0.806519 -0.000409243 0.0131544 -0.000162761 
0.67472 0.985394 0.80557 -0.000670246 0.0131434 -0.000143735 
0.694826 0.985394 0.804335 -0.000985835 0.0131269 -7.32728e-05 
0.714932 0.985394 0.801851 -0.00121694 0.0131048 -4.96285e-05 
0.733987 0.985394 0.799376 -0.0015477 0.0130785 4.54928e-05 
0.753042 0.985394 0.795516 -0.00181741 0.0130463 6.77071e-05 
0.77093 0.985394 0.791866 -0.00225049 0.01301 0.000191546 
0.788819 0.985394 0.786461 -0.00267359 0.0129657 0.000206052 
0.805462 0.985394 0.78136 -0.0033514 0.0129157 0.000368634 
0.822106 0.985394 0.773774 -0.00410688 0.0128536 0.000367637 
0.837463 0.985394 0.766524 -0.00524881 0.0127822 0.000589279 
0.85282 0.985394 0.755494 -0.0065947 0.0126915 0.000557977 
0.866881 0.985394 0.744979 -0.00852579 0.0125863 0.000878075 
0.880943 0.985394 0.7284 -0.0108336 0.0124509 0.000778073 
0.893728 0.985394 0.713232 -0.0140326 0.0122943 0.00127638 
0.906513 0.985394 0.687722 -0.0179684 0.0120912 0.00100033 
0.918063 0.985394 0.66635 -0.023365 0.011857 0.00185372 
0.929613 0.985394 0.626029 -0.030376 0.0115499 0.00110014 
0.939988 0.985394 0.597897 -0.0406715 0.0111941 0.00273588 
0.950362 0.985394 0.529045 -0.0583661 0.0106917 0.000687118 
0.959633 0.985394 0.490826 -0.0784452 0.0101009 0.00421817 
0.968903 0.985394 0.366556 -0.13893 0.00915859 -0.00139442 
0.977148 0.985394 0.321083 -0.170204 0.00809441 0.00683309 
0.985394 0.985394 -0.0372709 -0.495986 0.00583647 -0.00516381 
0.992697 0.985394 0.0469697 -0.464657 0.00199046 0.0086796 
1 0.985394 0 0 0 0.0129238 

0 0.992697 0 0 0 0.0159484 
0.00730325 0.992697 -0.114867 0.409873 0.00223083 -0.0023766 
0.0146065 0.992697 0.151241 -0.0566494 0.0040252 -0.00251328 
0.0228517 0.992697 0.232392 0.049399 0.00414515 -0.000683581 
0.031097 0.992697 0.308088 0.0369989 0.0045895 -0.00082067 
0.0403673 0.992697 0.385413 0.0265381 0.00486644 -0.000319601 
0.0496377 0.992697 0.438935 0.0258383 0.00511816 7.27192e-06 
0.0600123 0.992697 0.490509 0.0155455 0.0053187 -0.000128892 
0.0703869 0.992697 0.525893 0.0152098 0.00547929 0.000272344 
0.0819372 0.992697 0.561911 0.0100108 0.00561774 5.44717e-05 
0.0934875 0.992697 0.587034 0.00931349 0.00572993 0.000380744 
0.106272 0.992697 0.613659 0.00687998 0.00582988 0.000207471 
0.119057 0.992697 0.632859 0.00620638 0.0059142 0.000450964 
0.133119 0.992697 0.65381 0.00508019 0.00599157 0.000333849 
0.14718 0.992697 0.669815 0.00460009 0.0060602 0.000505918 
0.162537 0.992697 0.687687 0.0041029 0.00612581 0.000428707 
0.177894 0.992697 0.702335 0.00379159 0.00618692 0.000539494 
0.194538 0.992697 0.718784 0.00358178 0.00624754 0.000482045 
0.211181 0.992697 0.733119 0.00336536 0.0063058 0.00053918 
0.22907 0.992697 0.748939 0.00325324 0.00636458 0.000484833 
0.246958 0.992697 0.763246 0.0030641 0.00642149 0.000495948 
0.266013 0.992697 0.778493 0.00294844 0.00647858 0.000434669 
0.285068 0.992697 0.792456 0.00274757 0.00653319 0.000409307 
0.305174 0.992697 0.8067 0.00258913 0.00658676 0.000338533 
0.32528 0.992697 0.819681 0.00236727 0.00663682 0.000288421 
0.346282 0.992697 0.832328 0.00216739 0.00668439 0.000211914 
0.367284 0.992697 0.843665 0.00193512 0.00672759 0.000149778 
0.388994 0.992697 0.854227 0.00171484 0.00676712 7.508e-05 
0.410703 0.992697 0.863458 0.00148975 0.00680191 1.27507e-05 
0.432902 0.992697 0.871696 0.001273 0.00683241 -5.16997e-05 
0.455101 0.992697 0.878645 0.00107003 0.00685833 -0.000104947 
0.477551 0.992697 0.884587 0.000873998 0.0068799 -0.000152021 
0.5 0.992697 0.889333 0.000701227 0.00689743 -0.000190316 
0.522449 0.992697 0.893201 0.000533918 0.00691096 -0.00021526 
0.544899 0.992697 0.895989 0.000393023 0.00692119 -0.000236144 
0.567098 0.992697 0.89811 0.000255322 0.00692796 -0.000236651 
0.589297 0.992697 0.899261 0.000143779 0.0069322 -0.000240588 
0.611006 0.992697 0.899995 3.25222e-05 0.00693362 -0.00021627 
0.632716 0.992697 0.899837 -5.49001e-05 0.00693319 -0.000205968 
0.653718 0.992697 0.89952 -0.000145054 0.00693052 -0.000157514 
0.67472 0.992697 0.89834 -0.000216842 0.00692655 -0.000137159 
0.694826 0.992697 0.897243 -0.000293463 0.00692078 -6.52879e-05 
0.714932 0.992697 0.895238 -0.00036432 0.00691402 -3.96177e-05 
0.733987 0.992697 0.893515 -0.000438888 0.00690566 5.61684e-05 
0.753042 0.992697 0.890736 -0.000535271 0.00689628 8.30675e-05 
0.77093 0.992697 0.888359 -0.000625451 0.00688513 0.000205847 
0.788819 0.992697 0.884638 -0.000794368 0.0068724 0.00023205 
0.805462 0.992697 0.881326 -0.000924517 0.00685726 0.000388728 
0.822106 0.992697 0.876203 -0.00124811 0.00683928 0.000416257 
0.837463 0.992697 0.871352 -0.00144266 0.00681774 0.000618134 
0.85282 0.992697 0.864017 -0.00206623 0.00679118 0.000655141 
0.866881 0.992697 0.856655 -0.0023254 0.00675942 0.000916783 
0.880943 0.992697 0.845925 -0.00352798 0.00671937 0.000981329 
0.893728 0.992697 0.834639 -0.00376521 0.00667206 0.00131597 
0.906513 0.992697 0.818929 -0.00614396 0.00661151 0.00144721 
0.918063 0.992697 0.8015 -0.00612041 0.00654067 0.00185409 
0.929613 0.992697 0.77846 -0.0109705 0.00644877 0.00214992 
0.939988 0.992697 0.750488 -0.0106209 0.00633748 0.00258541 
0.950362 0.992697 0.714725 -0.0203717 0.00619092 0.00333953 
0.959633 0.992697 0.664266 -0.0223752 0.00599001 0.00359471 
0.968903 0.992697 0.601044 -0.0365672 0.00573811 0.00568654 
0.977148 0.992697 0.494827 -0.061515 0.00526316 0.00516305 
0.985394 0.992697 0.370206 0.00805907 0.00490867 0.00977949 
0.992697 0.992697 -0.0293733 -0.482887 0.00259752 0.00804096 
1 0.992697 0 0 0 -0.00445644 

0 1 0 0 0 -0.212484 
0.00730325 1 1 0 0 0.0108438 
0.0146065 1 1 0 0 -0.0011496 
0.0228517 1 1 0 0 -0.00230831 
0.031097 1 1 0 0 0.00552029 
0.0403673 1 1 0 0 -6.46219e-05 
0.0496377 1 1 0 0 0.00238574 
0.0600123 1 1 0 0 0.000291361 
0.0703869 1 1 0 0 0.00126713 
0.0819372 1 1 0 0 0.000379965 
0.0934875 1 1 0 0 0.000859336 
0.106272 1 1 0 0 0.000436199 
0.119057 1 1 0 0 0.000714969 
0.133119 1 1 0 0 0.000498096 
0.14718 1 1 0 0 0.000671915 
0.162537 1 1 0 0 0.000555807 
0.177894 1 1 0 0 0.000660227 
0.194538 1 1 0 0 0.000589009 
0.211181 1 1 0 0 0.000638575 
0.22907 1 1 0 0 0.00057967 
0.246958 1 1 0 0 0.000583132 
0.266013 1 1 0 0 0.000519162 
0.285068 1 1 0 0 0.000485923 
0.305174 1 1 0 0 0.000411381 
0.32528 1 1 0 0 0.000353221 
0.346282 1 1 0 0 0.000271329 
0.367284 1 1 0 0 0.000201384 
0.388994 1 1 0 0 0.000120289 
0.410703 1 1 0 0 5.09093e-05 
0.432902 1 1 0 0 -2.00684e-05 
0.455101 1 1 0 0 -7.92347e-05 
0.477551 1 1 0 0 -0.000132284 
0.5 1 1 0 0 -0.000175229 
0.522449 1 1 0 0 -0.000205264 
0.544899 1 1 0 0 -0.000229584 
0.567098 1 1 0 0 -0.00023425 
0.589297 1 1 0 0 -0.000240576 
0.611006 1 1 0 0 -0.000219592 
0.632716 1 1 0 0 -0.0002109 
0.653718 1 1 0 0 -0.000165099 
0.67472 1 1 0 0 -0.000146044 
0.694826 1 1 0 0 -7.62424e-05 
0.714932 1 1 0 0 -5.24898e-05 
0.733987 1 1 0 0 4.18873e-05 
0.753042 1 1 0 0 6.43148e-05 
0.77093 1 1 0 0 0.000186966 
0.788819 1 1 0 0 0.000202076 
0.805462 1 1 0 0 0.000362136 
0.822106 1 1 0 0 0.000363247 
0.837463 1 1 0 0 0.000578778 
0.85282 1 1 0 0 0.000554709 
0.866881 1 1 0 0 0.000859173 
0.880943 1 1 0 0 0.000782304 
0.893728 1 1 0 0 0.00123941 
0.906513 1 1 0 0 0.0010337 
0.918063 1 1 0 0 0.00177589 
0.929613 1 1 0 0 0.00121716 
0.939988 1 1 0 0 0.00256421 
0.950362 1 1 0 0 0.00104145 
0.959633 1 1 0 0 0.00383365 
0.968903 1 1 0 0 -0.000422141 
0.977148 1 1 0 0 0.00634461 
0.985394 1 1 0 0 0.00892638 
0.992697 1 1 0 0 -0.00543304 
1 1 0 0 0 0.223374 
# primary vortex: psi = 0.119471 at 0.522449 0.567098
# lower left vortex: psi = -0.000231172 at 0.0819372 0.0819372
# lower right vortex: psi = -0.00173606 at 0.866881 0.119057
