# t/t_ref = 28.9998 (step 343882), Re = 400, Ma = 0.1, 32^2 Q2 elements
# x y u/U0 v/U0 psi/(U0 L) rho-rho0
0 0 0 0 0 0.000361671 
0.00730325 0 0 0 0 0.000361938 
0.0146065 0 0 0 0 0.000362003 
0.0228517 0 0 0 0 0.00036238 
0.031097 0 0 0 0 0.000362191 
0.0403673 0 0 0 0 0.000362013 
0.0496377 0 0 0 0 0.000361576 
0.0600123 0 0 0 0 0.000360632 
0.0703869 0 0 0 0 0.000360105 
0.0819372 0 0 0 0 0.000358317 
0.0934875 0 0 0 0 0.00035787 
0.106272 0 0 0 0 0.000355211 
0.119057 0 0 0 0 0.000354979 
0.133119 0 0 0 0 0.000351422 
0.14718 0 0 0 0 0.000351494 
0.162537 0 0 0 0 0.000346993 
0.177894 0 0 0 0 0.000347429 
0.194538 0 0 0 0 0.000341918 
0.211181 0 0 0 0 0.000342789 
0.22907 0 0 0 0 0.000336256 
0.246958 0 0 0 0 0.000337674 
0.266013 0 0 0 0 0.000330285 
0.285068 0 0 0 0 0.000332424 
0.305174 0 0 0 0 0.000324663 
0.32528 0 0 0 0 0.000327729 
0.346282 0 0 0 0 0.0003205 
0.367284 0 0 0 0 0.000324658 
0.388994 0 0 0 0 0.000319236 
0.410703 0 0 0 0 0.000324455 
0.432902 0 0 0 0 0.000322204 
0.455101 0 0 0 0 0.00032804 
0.477551 0 0 0 0 0.000329899 
0.5 0 0 0 0 0.0003353 
0.522449 0 0 0 0 0.000341221 
0.544899 0 0 0 0 0.000344588 
0.567098 0 0 0 0 0.000353307 
0.589297 0 0 0 0 0.000352966 
0.611006 0 0 0 0 0.000362378 
0.632716 0 0 0 0 0.000357356 
0.653718 0 0 0 0 0.000365352 
0.67472 0 0 0 0 0.00035597 
0.694826 0 0 0 0 0.000361241 
0.714932 0 0 0 0 0.000349065 
0.733987 0 0 0 0 0.000351393 
0.753042 0 0 0 0 0.000338543 
0.77093 0 0 0 0 0.000338527 
0.788819 0 0 0 0 0.000326858 
0.805462 0 0 0 0 0.000325402 
0.822106 0 0 0 0 0.000316027 
0.837463 0 0 0 0 0.000313946 
0.85282 0 0 0 0 0.000307214 
0.866881 0 0 0 0 0.000305078 
0.880943 0 0 0 0 0.00030082 
0.893728 0 0 0 0 0.000298973 
0.906513 0 0 0 0 0.000296769 
0.918063 0 0 0 0 0.000295408 
0.929613 0 0 0 0 0.000294767 
0.939988 0 0 0 0 0.000294001 
0.950362 0 0 0 0 0.000294429 
0.959633 0 0 0 0 0.000294285 
0.968903 0 0 0 0 0.000295263 
0.977148 0 0 0 0 0.000295626 
0.985394 0 0 0 0 0.00029652 
0.992697 0 0 0 0 0.000296918 
1 0 0 0 0 0.000296879 

0 0.00730325 0 0 0 0.000361331 
0.00730325 0.00730325 1.15883e-05 -1.09598e-05 -3.95713e-08 0.000361595 
0.0146065 0.00730325 4.07685e-05 -1.80938e-05 -1.45354e-07 0.000361361 
0.0228517 0.00730325 8.84703e-05 -2.5532e-05 -3.28283e-07 0.000361467 
0.031097 0.00730325 0.000146269 -2.54728e-05 -5.40917e-07 0.000361163 
0.0403673 0.00730325 0.000203509 -2.40858e-05 -7.73162e-07 0.000360872 
0.0496377 0.00730325 0.000258164 -1.79336e-05 -9.67488e-07 0.000360557 
0.0600123 0.00730325 0.00028971 -1.01768e-05 -1.11435e-06 0.000359639 
0.0703869 0.00730325 0.000309298 -1.11185e-06 -1.169e-06 0.000359381 
0.0819372 0.00730325 0.000284936 1.0238e-05 -1.11681e-06 0.00035769 
0.0934875 0.00730325 0.000243891 1.97526e-05 -9.37002e-07 0.000357568 
0.106272 0.00730325 0.000141319 3.26803e-05 -6.03534e-07 0.000355023 
0.119057 0.00730325 2.12102e-05 4.13338e-05 -1.2233e-07 0.000355117 
0.133119 0.00730325 -0.000175318 5.48395e-05 5.48971e-07 0.000351668 
0.14718 0.00730325 -0.000388308 6.23758e-05 1.38149e-06 0.000352048 
0.162537 0.00730325 -0.000692156 7.64576e-05 2.43778e-06 0.000347653 
0.177894 0.00730325 -0.00101186 8.32188e-05 3.67208e-06 0.000348382 
0.194538 0.00730325 -0.00143832 9.84946e-05 5.16884e-06 0.000343011 
0.211181 0.00730325 -0.00188221 0.000104689 6.86788e-06 0.000344161 
0.22907 0.00730325 -0.00244854 0.000121669 8.87237e-06 0.000337848 
0.246958 0.00730325 -0.00303591 0.000126651 1.11017e-05 0.000339513 
0.266013 0.00730325 -0.00375343 0.000144878 1.36678e-05 0.000332455 
0.285068 0.00730325 -0.00449494 0.000146752 1.64537e-05 0.000334755 
0.305174 0.00730325 -0.0053527 0.000164105 1.95646e-05 0.000327427 
0.32528 0.00730325 -0.00623175 0.000159818 2.28239e-05 0.000330486 
0.346282 0.00730325 -0.00717587 0.000172236 2.63143e-05 0.000323713 
0.367284 0.00730325 -0.00812675 0.00015821 2.97771e-05 0.000327605 
0.388994 0.00730325 -0.00904433 0.000160187 3.32654e-05 0.000322512 
0.410703 0.00730325 -0.00993807 0.000133614 3.64304e-05 0.000327136 
0.432902 0.00730325 -0.0106592 0.000119844 3.93106e-05 0.000324897 
0.455101 0.00730325 -0.0113123 8.06015e-05 4.14897e-05 0.000329814 
0.477551 0.00730325 -0.0116437 4.86669e-05 4.30374e-05 0.000331214 
0.5 0.00730325 -0.0118623 1.18798e-06 4.35303e-05 0.000335504 
0.522449 0.00730325 -0.0116529 -4.58726e-05 4.31369e-05 0.000340484 
0.544899 0.00730325 -0.0113064 -9.22105e-05 4.15071e-05 0.00034281 
0.567098 0.00730325 -0.0105215 -0.00014532 3.89649e-05 0.000350299 
0.589297 0.00730325 -0.00961272 -0.000178616 3.52906e-05 0.000349303 
0.611006 0.00730325 -0.00837249 -0.000225282 3.09653e-05 0.000357538 
0.632716 0.00730325 -0.00705981 -0.000235965 2.58973e-05 0.000352467 
0.653718 0.00730325 -0.00560925 -0.000265271 2.06506e-05 0.000359692 
0.67472 0.00730325 -0.00415665 -0.000250652 1.52003e-05 0.000350874 
0.694826 0.00730325 -0.00277537 -0.000257791 1.00721e-05 0.000355979 
0.714932 0.00730325 -0.00145413 -0.000223105 5.23455e-06 0.000344767 
0.733987 0.00730325 -0.00035797 -0.000210606 1.0678e-06 0.000347507 
0.753042 0.00730325 0.000643597 -0.000165873 -2.50222e-06 0.000335716 
0.77093 0.00730325 0.00135572 -0.000141076 -5.28555e-06 0.000336495 
0.788819 0.00730325 0.00196889 -9.63368e-05 -7.38515e-06 0.00032573 
0.805462 0.00730325 0.0023077 -6.73467e-05 -8.78073e-06 0.000325206 
0.822106 0.00730325 0.00256358 -2.93994e-05 -9.56533e-06 0.000316458 
0.837463 0.00730325 0.00260604 -2.22419e-06 -9.83482e-06 0.000315249 
0.85282 0.00730325 0.00258956 2.5946e-05 -9.6401e-06 0.000308863 
0.866881 0.00730325 0.0024337 4.80434e-05 -9.14002e-06 0.000307425 
0.880943 0.00730325 0.00224254 6.60009e-05 -8.33318e-06 0.000303279 
0.893728 0.00730325 0.0019794 8.16203e-05 -7.40372e-06 0.000301905 
0.906513 0.00730325 0.0017015 8.98421e-05 -6.30727e-06 0.000299631 
0.918063 0.00730325 0.00140531 9.8217e-05 -5.22991e-06 0.00029849 
0.929613 0.00730325 0.00111221 9.70457e-05 -4.10337e-06 0.000297618 
0.939988 0.00730325 0.000840536 9.72996e-05 -3.09907e-06 0.000296793 
0.950362 0.00730325 0.000587907 8.67908e-05 -2.14491e-06 0.00029682 
0.959633 0.00730325 0.000383603 7.81008e-05 -1.3813e-06 0.000296329 
0.968903 0.00730325 0.00021143 5.89679e-05 -7.46778e-07 0.00029674 
0.977148 0.00730325 0.000100578 4.24164e-05 -3.30545e-07 0.000296558 
0.985394 0.00730325 2.66357e-05 1.94925e-05 -7.94692e-08 0.000296873 
0.992697 0.00730325 4.95149e-06 4.46758e-06 -4.44011e-09 0.000296948 
1 0.00730325 0 0 0 0.000296898 

0 0.0146065 0 0 0 0.000361331 
0.00730325 0.0146065 1.85968e-05 -3.97193e-05 -1.47442e-07 0.000361901 
0.0146065 0.0146065 6.86865e-05 -6.73593e-05 -5.39067e-07 0.000361684 
0.0228517 0.0146065 0.000146191 -8.96098e-05 -1.19219e-06 0.000362151 
0.031097 0.0146065 0.000235816 -9.0317e-05 -1.93751e-06 0.000361847 
0.0403673 0.0146065 0.000324519 -8.20101e-05 -2.73489e-06 0.000361775 
0.0496377 0.0146065 0.000400443 -5.89676e-05 -3.38827e-06 0.000361387 
0.0600123 0.0146065 0.000440013 -2.94556e-05 -3.84038e-06 0.000360539 
0.0703869 0.0146065 0.000446001 6.58595e-06 -3.9548e-06 0.000360173 
0.0819372 0.0146065 0.000381075 4.73392e-05 -3.63114e-06 0.00035845 
0.0934875 0.0146065 0.000269017 8.74487e-05 -2.84239e-06 0.000358227 
0.106272 0.0146065 5.57203e-05 0.000132361 -1.41739e-06 0.000355595 
0.119057 0.0146065 -0.000211341 0.000171344 5.42781e-07 0.000355616 
0.133119 0.0146065 -0.000605949 0.000217065 3.30292e-06 0.000352057 
0.14718 0.0146065 -0.00105701 0.000253501 6.6403e-06 0.000352398 
0.162537 0.0146065 -0.00166114 0.000300223 1.09327e-05 0.000347873 
0.177894 0.0146065 -0.00232453 0.000335039 1.58519e-05 0.000348592 
0.194538 0.0146065 -0.00316868 0.00038497 2.18989e-05 0.000343048 
0.211181 0.0146065 -0.0040774 0.00041879 2.86456e-05 0.000344213 
0.22907 0.0146065 -0.00519397 0.000473427 3.67012e-05 0.000337649 
0.246958 0.0146065 -0.00638073 0.000503775 4.5523e-05 0.000339359 
0.266013 0.0146065 -0.00778897 0.000560849 5.57695e-05 0.000331942 
0.285068 0.0146065 -0.00926538 0.000580423 6.67549e-05 0.000334334 
0.305174 0.0146065 -0.0109405 0.00063159 7.90755e-05 0.000326539 
0.32528 0.0146065 -0.0126617 0.000628352 9.18851e-05 0.000329767 
0.346282 0.0146065 -0.0144962 0.000658594 0.000105567 0.000322471 
0.367284 0.0146065 -0.0163218 0.000618036 0.000119137 0.000326635 
0.388994 0.0146065 -0.0180966 0.000607956 0.000132627 0.000321073 
0.410703 0.0146065 -0.0197693 0.000518018 0.000145009 0.000326095 
0.432902 0.0146065 -0.0211608 0.00045021 0.000155919 0.000323585 
0.455101 0.0146065 -0.0223309 0.000308682 0.000164458 0.000329012 
0.477551 0.0146065 -0.0229768 0.000177447 0.000170014 0.000330468 
0.5 0.0146065 -0.023291 -7.34819e-07 0.000172029 0.000335304 
0.522449 0.0146065 -0.0229133 -0.000180808 0.000169986 0.000340705 
0.544899 0.0146065 -0.0221508 -0.00036174 0.000163817 0.000343464 
0.567098 0.0146065 -0.0206892 -0.000554969 0.000153518 0.000351647 
0.589297 0.0146065 -0.0188827 -0.000694323 0.000139464 0.000350793 
0.611006 0.0146065 -0.0165602 -0.000854637 0.00012243 0.000359798 
0.632716 0.0146065 -0.014023 -0.000915258 0.00010296 0.00035446 
0.653718 0.0146065 -0.0112888 -0.00100466 8.2536e-05 0.000362314 
0.67472 0.0146065 -0.00851606 -0.00097352 6.14898e-05 0.000352843 
0.694826 0.0146065 -0.00588484 -0.000977804 4.16298e-05 0.000358296 
0.714932 0.0146065 -0.00337448 -0.000870726 2.28126e-05 0.000346205 
0.733987 0.0146065 -0.00125049 -0.000802704 6.6864e-06 0.000348994 
0.753042 0.0146065 0.00065516 -0.000653988 -7.35694e-06 0.000336321 
0.77093 0.0146065 0.00207622 -0.000543255 -1.81741e-05 0.000336921 
0.788819 0.0146065 0.00325319 -0.000388859 -2.66033e-05 0.000325452 
0.805462 0.0146065 0.00397659 -0.000266672 -3.21044e-05 0.000324628 
0.822106 0.0146065 0.00448305 -0.00013204 -3.54576e-05 0.000315441 
0.837463 0.0146065 0.00464119 -2.10243e-05 -3.66364e-05 0.000313898 
0.85282 0.0146065 0.00463482 8.17114e-05 -3.61694e-05 0.000307339 
0.866881 0.0146065 0.00440593 0.000169576 -3.43833e-05 0.000305585 
0.880943 0.0146065 0.00406958 0.000237597 -3.15012e-05 0.00030149 
0.893728 0.0146065 0.00362448 0.000297489 -2.80526e-05 0.000299848 
0.906513 0.0146065 0.00312397 0.000331589 -2.40056e-05 0.0002978 
0.918063 0.0146065 0.00260432 0.000361317 -1.99758e-05 0.000296462 
0.929613 0.0146065 0.00207426 0.000362085 -1.57728e-05 0.000295959 
0.939988 0.0146065 0.00158951 0.000359564 -1.20051e-05 0.000295034 
0.950362 0.0146065 0.00113206 0.00032671 -8.4222e-06 0.000295556 
0.959633 0.0146065 0.000760633 0.000290763 -5.54005e-06 0.000295088 
0.968903 0.0146065 0.000444703 0.000226255 -3.12082e-06 0.000296084 
0.977148 0.0146065 0.000230658 0.000162886 -1.50128e-06 0.000296009 
0.985394 0.0146065 8.35947e-05 8.23707e-05 -4.67887e-07 0.000296879 
0.992697 0.0146065 1.99731e-05 2.58065e-05 -8.14076e-08 0.000296942 
1 0.0146065 0 0 0 0.000297255 

0 0.0228517 0 0 0 0.000360907 
0.00730325 0.0228517 2.64438e-05 -8.76704e-05 -3.33933e-07 0.000361699 
0.0146065 0.0228517 9.17429e-05 -0.000145018 -1.19865e-06 0.000361134 
0.0228517 0.0228517 0.000182861 -0.000180765 -2.56407e-06 0.000361558 
0.031097 0.0228517 0.000283887 -0.000181253 -4.0791e-06 0.000361017 
0.0403673 0.0228517 0.000375351 -0.000155417 -5.65746e-06 0.000360946 
0.0496377 0.0228517 0.000445347 -0.000105206 -6.88215e-06 0.00036054 
0.0600123 0.0228517 0.000459372 -3.43723e-05 -7.61391e-06 0.000359787 
0.0703869 0.0228517 0.00042254 4.70755e-05 -7.55413e-06 0.000359592 
0.0819372 0.0228517 0.000281249 0.000142846 -6.45479e-06 0.00035801 
0.0934875 0.0228517 6.71549e-05 0.000237197 -4.25623e-06 0.00035808 
0.106272 0.0228517 -0.000295872 0.000342428 -5.41653e-07 0.000355585 
0.119057 0.0228517 -0.000745092 0.000437751 4.45548e-06 0.000355961 
0.133119 0.0228517 -0.00138281 0.0005447 1.1374e-05 0.000352508 
0.14718 0.0228517 -0.00211464 0.000636854 1.96923e-05 0.000353234 
0.162537 0.0228517 -0.00307308 0.000745429 3.03158e-05 0.000348785 
0.177894 0.0228517 -0.00413305 0.000835739 4.24664e-05 0.000349916 
0.194538 0.0228517 -0.00545932 0.000949848 5.73357e-05 0.000344438 
0.211181 0.0228517 -0.00689663 0.00103954 7.3902e-05 0.000346051 
0.22907 0.0228517 -0.00863678 0.00116065 9.36009e-05 0.000339561 
0.246958 0.0228517 -0.010495 0.00124426 0.000115134 0.000341752 
0.266013 0.0228517 -0.0126708 0.00136454 0.000140036 0.000334418 
0.285068 0.0228517 -0.0149558 0.00142533 0.000166667 0.000337282 
0.305174 0.0228517 -0.0175193 0.00152303 0.000196398 0.000329548 
0.32528 0.0228517 -0.0201468 0.00153246 0.00022721 0.000333148 
0.346282 0.0228517 -0.0229246 0.00157191 0.000259956 0.000325815 
0.367284 0.0228517 -0.0256663 0.00149459 0.000292306 0.000330127 
0.388994 0.0228517 -0.0283217 0.00143312 0.000324283 0.000324324 
0.410703 0.0228517 -0.0307817 0.00123848 0.000353472 0.000329139 
0.432902 0.0228517 -0.0328328 0.00104227 0.000379 0.000326089 
0.455101 0.0228517 -0.0344943 0.000722181 0.000398776 0.000330884 
0.477551 0.0228517 -0.0354169 0.000387687 0.000411401 0.000331481 
0.5 0.0228517 -0.0357795 -2.62217e-05 0.000415592 0.000335312 
0.522449 0.0228517 -0.0351862 -0.000455942 0.000410234 0.000339651 
0.544899 0.0228517 -0.0339595 -0.000887815 0.000395164 0.000341235 
0.567098 0.0228517 -0.0317825 -0.00132587 0.000370498 0.000348405 
0.589297 0.0228517 -0.0290449 -0.00167436 0.000337061 0.000346501 
0.611006 0.0228517 -0.0256169 -0.00201736 0.000296763 0.00035485 
0.632716 0.0228517 -0.0218382 -0.00219447 0.000250789 0.000348857 
0.653718 0.0228517 -0.0178055 -0.00236355 0.000202644 0.000356635 
0.67472 0.0228517 -0.0136988 -0.00233276 0.00015303 0.000347024 
0.694826 0.0228517 -0.00979666 -0.0023052 0.000106152 0.000353013 
0.714932 0.0228517 -0.00607066 -0.00209425 6.16691e-05 0.000341239 
0.733987 0.0228517 -0.00288213 -0.00190651 2.33794e-05 0.000345014 
0.753042 0.0228517 -2.56043e-05 -0.00158751 -1.00761e-05 0.000332936 
0.77093 0.0228517 0.00215622 -0.00131038 -3.608e-05 0.000334705 
0.788819 0.0228517 0.00396016 -0.000964017 -5.64983e-05 0.000323913 
0.805462 0.0228517 0.00512736 -0.000669063 -7.01098e-05 0.000324189 
0.822106 0.0228517 0.00595384 -0.00035642 -7.8657e-05 0.00031562 
0.837463 0.0228517 0.00628565 -9.42553e-05 -8.21057e-05 0.00031494 
0.85282 0.0228517 0.00635586 0.000151996 -8.16444e-05 0.000308875 
0.866881 0.0228517 0.00610564 0.000355171 -7.80538e-05 0.000307674 
0.880943 0.0228517 0.00568252 0.000524046 -7.18429e-05 0.000303932 
0.893728 0.0228517 0.00509954 0.000658307 -6.42557e-05 0.000302519 
0.906513 0.0228517 0.00442543 0.000748815 -5.52281e-05 0.000300682 
0.918063 0.0228517 0.00371923 0.000810777 -4.619e-05 0.000299265 
0.929613 0.0228517 0.00299141 0.000823679 -3.67171e-05 0.000298822 
0.939988 0.0228517 0.00232261 0.000811671 -2.82025e-05 0.000297539 
0.950362 0.0228517 0.00168751 0.000748183 -2.00783e-05 0.000297964 
0.959633 0.0228517 0.00116618 0.000664616 -1.35037e-05 0.00029691 
0.968903 0.0228517 0.000716199 0.000533033 -7.92663e-06 0.00029772 
0.977148 0.0228517 0.000397537 0.00039564 -4.09043e-06 0.000296958 
0.985394 0.0228517 0.000164508 0.000229622 -1.50629e-06 0.000297814 
0.992697 0.0228517 4.31126e-05 0.000100067 -3.35162e-07 0.000297348 
1 0.0228517 0 0 0 0.000298201 

0 0.031097 0 0 0 0.000361209 
0.00730325 0.031097 2.59061e-05 -0.000145211 -5.50406e-07 0.000362092 
0.0146065 0.031097 9.16303e-05 -0.000233703 -1.94961e-06 0.000361603 
0.0228517 0.031097 0.000181358 -0.000280241 -4.082e-06 0.000362263 
0.031097 0.031097 0.000274423 -0.000273606 -6.37703e-06 0.000361783 
0.0403673 0.031097 0.000346251 -0.000221237 -8.67122e-06 0.000361856 
0.0496377 0.031097 0.000384812 -0.000131892 -1.03083e-05 0.000361437 
0.0600123 0.031097 0.000346283 -5.12376e-06 -1.10028e-05 0.000360696 
0.0703869 0.031097 0.000239056 0.00013821 -1.02963e-05 0.000360438 
0.0819372 0.031097 -5.34293e-06 0.00030771 -7.68703e-06 0.000358754 
0.0934875 0.031097 -0.000346946 0.000475889 -3.12629e-06 0.000358758 
0.106272 0.031097 -0.000882886 0.000662369 4.20212e-06 0.000356083 
0.119057 0.031097 -0.00153554 0.0008353 1.38319e-05 0.000356427 
0.133119 0.031097 -0.00243493 0.00102532 2.69838e-05 0.000352741 
0.14718 0.031097 -0.0034642 0.00119529 4.26732e-05 0.000353485 
0.162537 0.031097 -0.00479093 0.00138801 6.26e-05 0.000348755 
0.177894 0.031097 -0.00625933 0.0015564 8.53086e-05 0.000349956 
0.194538 0.031097 -0.00807665 0.00175722 0.000113004 0.000344124 
0.211181 0.031097 -0.0100479 0.00192529 0.00014378 0.000345857 
0.22907 0.031097 -0.0124128 0.0021346 0.000180258 0.00033891 
0.246958 0.031097 -0.0149375 0.00229205 0.000220029 0.00034127 
0.266013 0.031097 -0.0178689 0.00249335 0.000265855 0.000333359 
0.285068 0.031097 -0.0209408 0.00261003 0.00031472 0.000336454 
0.305174 0.031097 -0.0243607 0.00276263 0.000369045 0.000328049 
0.32528 0.031097 -0.0278503 0.00278738 0.000425153 0.000331964 
0.346282 0.031097 -0.0315146 0.00282773 0.000484507 0.000323955 
0.367284 0.031097 -0.0351037 0.00269723 0.000542898 0.000328692 
0.388994 0.031097 -0.0385605 0.00255295 0.000600309 0.00032235 
0.410703 0.031097 -0.0417223 0.00221273 0.00065242 0.000327719 
0.432902 0.031097 -0.0443456 0.00183116 0.000697673 0.000324432 
0.455101 0.031097 -0.0464173 0.00126684 0.000732365 0.000329889 
0.477551 0.031097 -0.0475479 0.000651259 0.0007541 0.000330664 
0.5 0.031097 -0.0479123 -8.18152e-05 0.000760624 0.000335176 
0.522449 0.031097 -0.0470836 -0.00084778 0.000750143 0.00034011 
0.544899 0.031097 -0.045407 -0.00161772 0.000722352 0.000342222 
0.567098 0.031097 -0.0425616 -0.00237937 0.000677664 0.000350268 
0.589297 0.031097 -0.0389749 -0.00301045 0.000617462 0.000348535 
0.611006 0.031097 -0.0345487 -0.00359131 0.000545268 0.000357815 
0.632716 0.031097 -0.029658 -0.00392978 0.000463058 0.000351498 
0.653718 0.031097 -0.0244633 -0.00420042 0.000377071 0.000360038 
0.67472 0.031097 -0.0191613 -0.00417892 0.000288452 0.000349618 
0.694826 0.031097 -0.0141147 -0.00410712 0.000204602 0.000356069 
0.714932 0.031097 -0.00928325 -0.00376754 0.000124892 0.000343172 
0.733987 0.031097 -0.00511604 -0.00342053 5.60039e-05 0.000347095 
0.753042 0.031097 -0.00136899 -0.0028827 -4.43591e-06 0.000333835 
0.77093 0.031097 0.00153969 -0.00238415 -5.1781e-05 0.000335512 
0.788819 0.031097 0.00396172 -0.00178651 -8.92966e-05 0.000323707 
0.805462 0.031097 0.00558504 -0.00126025 -0.000114754 0.00032375 
0.822106 0.031097 0.00676263 -0.000711169 -0.000131237 0.000314477 
0.837463 0.031097 0.0073124 -0.000244951 -0.000138594 0.000313505 
0.85282 0.031097 0.00751455 0.00019443 -0.000138977 0.00030708 
0.866881 0.031097 0.00730415 0.00055474 -0.000133678 0.000305584 
0.880943 0.031097 0.00686003 0.000861137 -0.000123679 0.000301796 
0.893728 0.031097 0.00620492 0.00109811 -0.000111101 0.00030012 
0.906513 0.031097 0.00542269 0.00126727 -9.59211e-05 0.000298492 
0.918063 0.031097 0.00459083 0.00137596 -8.05963e-05 0.000296875 
0.929613 0.031097 0.00372197 0.00140906 -6.44509e-05 0.00029684 
0.939988 0.031097 0.00291749 0.00138942 -4.98762e-05 0.000295447 
0.950362 0.031097 0.00214594 0.00129099 -3.59122e-05 0.000296433 
0.959633 0.031097 0.00150551 0.00115172 -2.45392e-05 0.000295359 
0.968903 0.031097 0.000944518 0.000939972 -1.47893e-05 0.000296839 
0.977148 0.031097 0.000536179 0.000713719 -7.94059e-06 0.000296078 
0.985394 0.031097 0.000228555 0.000443545 -3.13501e-06 0.000297641 
0.992697 0.031097 5.97037e-05 0.000210692 -7.55447e-07 0.000297055 
1 0.031097 0 0 0 0.000298488 

0 0.0403673 0 0 0 0.000361322 
0.00730325 0.0403673 2.46316e-05 -0.000202404 -7.86065e-07 0.000362274 
0.0146065 0.0403673 8.25636e-05 -0.00032095 -2.74714e-06 0.00036156 
0.0228517 0.0403673 0.000151501 -0.000368903 -5.64088e-06 0.0003621 
0.031097 0.0403673 0.000213976 -0.000343712 -8.62915e-06 0.00036146 
0.0403673 0.0403673 0.000236094 -0.000247408 -1.14091e-05 0.00036145 
0.0496377 0.0403673 0.000210821 -0.00010055 -1.30616e-05 0.000361039 
0.0600123 0.0403673 8.12363e-05 0.000106342 -1.30527e-05 0.000360312 
0.0703869 0.0403673 -0.000135645 0.000336085 -1.07782e-05 0.000360238 
0.0819372 0.0403673 -0.000527473 0.000609526 -5.31771e-06 0.000358643 
0.0934875 0.0403673 -0.00104067 0.000881162 3.29092e-06 0.000358971 
0.106272 0.0403673 -0.00179871 0.00118337 1.65026e-05 0.000356408 
0.119057 0.0403673 -0.00270373 0.00146709 3.34596e-05 0.000357176 
0.133119 0.0403673 -0.00391983 0.00177712 5.62881e-05 0.000353579 
0.14718 0.0403673 -0.005302 0.00206035 8.32873e-05 0.000354822 
0.162537 0.0403673 -0.00705984 0.00237541 0.000117366 0.00035013 
0.177894 0.0403673 -0.0090005 0.0026587 0.000156038 0.000351901 
0.194538 0.0403673 -0.0113804 0.0029845 0.000203023 0.000346053 
0.211181 0.0403673 -0.013958 0.00326767 0.000255077 0.000348432 
0.22907 0.0403673 -0.0170259 0.00360069 0.000316559 0.000341408 
0.246958 0.0403673 -0.0202941 0.00386504 0.000383388 0.000344481 
0.266013 0.0403673 -0.0240601 0.00417406 0.000460096 0.000336415 
0.285068 0.0403673 -0.0279925 0.004369 0.000541611 0.000340231 
0.305174 0.0403673 -0.0323375 0.00458467 0.000631838 0.000331548 
0.32528 0.0403673 -0.0367472 0.00462611 0.000724655 0.000336077 
0.346282 0.0403673 -0.0413435 0.00464551 0.000822356 0.0003276 
0.367284 0.0403673 -0.0458102 0.00443101 0.00091801 0.000332681 
0.388994 0.0403673 -0.0500808 0.00414314 0.00101152 0.000325622 
0.410703 0.0403673 -0.053941 0.00358689 0.00109586 0.000330908 
0.432902 0.0403673 -0.0571162 0.00291947 0.00116853 0.000326639 
0.455101 0.0403673 -0.0595672 0.00200229 0.00122359 0.000331507 
0.477551 0.0403673 -0.0608664 0.00097619 0.00125735 0.000331117 
0.5 0.0403673 -0.0611916 -0.0002099 0.00126624 0.000334593 
0.522449 0.0403673 -0.0600898 -0.00144946 0.00124769 0.000338375 
0.544899 0.0403673 -0.0579328 -0.00269432 0.0012012 0.000339207 
0.567098 0.0403673 -0.0543988 -0.00389968 0.00112776 0.000346384 
0.589297 0.0403673 -0.0499528 -0.00492795 0.00102948 0.000343409 
0.611006 0.0403673 -0.0445262 -0.00582804 0.000912205 0.000352358 
0.632716 0.0403673 -0.0385263 -0.00639936 0.000778925 0.000345089 
0.653718 0.0403673 -0.0321717 -0.00680214 0.000639667 0.000353967 
0.67472 0.0403673 -0.0256725 -0.00680787 0.0004961 0.000343029 
0.694826 0.0403673 -0.019469 -0.0066714 0.000360039 0.000350434 
0.714932 0.0403673 -0.013509 -0.00616981 0.000230386 0.000337458 
0.733987 0.0403673 -0.00832595 -0.00560242 0.000117852 0.000342736 
0.753042 0.0403673 -0.00363823 -0.00477405 1.8621e-05 0.000329735 
0.77093 0.0403673 5.81515e-05 -0.00396914 -5.97573e-05 0.00033288 
0.788819 0.0403673 0.00316965 -0.00302872 -0.000122515 0.000321529 
0.805462 0.0403673 0.00532412 -0.00218027 -0.000165896 0.00032289 
0.822106 0.0403673 0.00693396 -0.00130161 -0.000194895 0.000314134 
0.837463 0.0403673 0.00777959 -0.000548933 -0.000209058 0.000314161 
0.85282 0.0403673 0.00819382 0.000164719 -0.000211955 0.000308218 
0.866881 0.0403673 0.00809566 0.000747075 -0.000205465 0.000307329 
0.880943 0.0403673 0.00770261 0.0012522 -0.000191325 0.000303927 
0.893728 0.0403673 0.00703773 0.00163542 -0.000172776 0.000302473 
0.906513 0.0403673 0.00620769 0.00192161 -0.000149945 0.000301097 
0.918063 0.0403673 0.00530017 0.00209936 -0.000126633 0.000299362 
0.929613 0.0403673 0.00433666 0.00216934 -0.000101889 0.000299432 
0.939988 0.0403673 0.00343238 0.00214631 -7.9418e-05 0.00029765 
0.950362 0.0403673 0.00255521 0.00201211 -5.77621e-05 0.000298625 
0.959633 0.0403673 0.0018163 0.0018078 -3.99894e-05 0.000296976 
0.968903 0.0403673 0.00115984 0.00150217 -2.45809e-05 0.000298435 
0.977148 0.0403673 0.000669895 0.00116553 -1.35494e-05 0.000297025 
0.985394 0.0403673 0.000294034 0.000761424 -5.57244e-06 0.000298742 
0.992697 0.0403673 7.92494e-05 0.000384479 -1.39642e-06 0.000297594 
1 0.0403673 0 0 0 0.000299554 

0 0.0496377 0 0 0 0.000361946 
0.00730325 0.0496377 1.65549e-05 -0.000254648 -9.76166e-07 0.000362705 
0.0146065 0.0496377 5.36245e-05 -0.000390399 -3.36899e-06 0.000362176 
0.0228517 0.0496377 8.83066e-05 -0.00042832 -6.76841e-06 0.000362722 
0.031097 0.0496377 0.000102482 -0.000370431 -1.00829e-05 0.000362254 
0.0403673 0.0496377 5.43511e-05 -0.00021483 -1.27948e-05 0.000362222 
0.0496377 0.0496377 -5.78653e-05 5.87228e-06 -1.3761e-05 0.000361905 
0.0600123 0.0496377 -0.000304598 0.000310337 -1.20869e-05 0.000361055 
0.0703869 0.0496377 -0.000657987 0.000644479 -7.09877e-06 0.000361004 
0.0819372 0.0496377 -0.00122577 0.00104129 2.70696e-06 0.000359184 
0.0934875 0.0496377 -0.00193783 0.00143613 1.70872e-05 0.000359506 
0.106272 0.0496377 -0.00294528 0.0018754 3.83607e-05 0.000356636 
0.119057 0.0496377 -0.00412717 0.00229142 6.51068e-05 0.000357415 
0.133119 0.0496377 -0.00568338 0.0027444 0.000100647 0.000353443 
0.14718 0.0496377 -0.00743812 0.00316396 0.00014233 0.000354748 
0.162537 0.0496377 -0.00964498 0.00362532 0.000194627 0.000349605 
0.177894 0.0496377 -0.0120714 0.00404745 0.00025372 0.000351507 
0.194538 0.0496377 -0.0150247 0.00452199 0.000325243 0.000345106 
0.211181 0.0496377 -0.0182138 0.00494344 0.000404237 0.000347688 
0.22907 0.0496377 -0.0219857 0.00542114 0.000497226 0.000339985 
0.246958 0.0496377 -0.0259904 0.00581145 0.000597992 0.000343333 
0.266013 0.0496377 -0.0305764 0.00624179 0.000713233 0.000334469 
0.285068 0.0496377 -0.0353447 0.00652463 0.000835275 0.000338642 
0.305174 0.0496377 -0.0405791 0.00680323 0.000969803 0.000329104 
0.32528 0.0496377 -0.0458619 0.00685495 0.00110764 0.00033409 
0.346282 0.0496377 -0.0513303 0.00683315 0.00125206 0.000324831 
0.367284 0.0496377 -0.0566063 0.00650633 0.00139278 0.000330495 
0.388994 0.0496377 -0.0616132 0.00603082 0.00152959 0.000322896 
0.410703 0.0496377 -0.0660939 0.00520612 0.00165223 0.000328908 
0.432902 0.0496377 -0.0697446 0.00418694 0.00175712 0.0003245 
0.455101 0.0496377 -0.0725108 0.00284413 0.00183572 0.000330208 
0.477551 0.0496377 -0.0739304 0.00132782 0.0018829 0.000330156 
0.5 0.0496377 -0.0741946 -0.00039481 0.00189364 0.000334481 
0.522449 0.0496377 -0.0728245 -0.00218942 0.00186456 0.000339022 
0.544899 0.0496377 -0.0702251 -0.00399067 0.00179505 0.000340523 
0.567098 0.0496377 -0.0660678 -0.00571068 0.00168682 0.00034871 
0.589297 0.0496377 -0.0608569 -0.00720303 0.00154289 0.000346003 
0.611006 0.0496377 -0.0545407 -0.00847305 0.00137182 0.000355981 
0.632716 0.0496377 -0.047558 -0.00932009 0.00117774 0.000348418 
0.653718 0.0496377 -0.0401687 -0.00987963 0.00097507 0.00035814 
0.67472 0.0496377 -0.032596 -0.00992665 0.000766008 0.000346333 
0.694826 0.0496377 -0.0253433 -0.00972261 0.000567524 0.000354281 
0.714932 0.0496377 -0.0183462 -0.00904497 0.000377893 0.000340017 
0.733987 0.0496377 -0.012215 -0.00823008 0.0002126 0.000345529 
0.753042 0.0496377 -0.00663141 -0.0070748 6.60873e-05 0.000331086 
0.77093 0.0496377 -0.00216848 -0.00591951 -5.05549e-05 0.000334222 
0.788819 0.0496377 0.001634 -0.00458668 -0.00014492 0.000321547 
0.805462 0.0496377 0.00433873 -0.00336447 -0.000211273 0.000322752 
0.822106 0.0496377 0.00641793 -0.00210307 -0.00025693 0.000312978 
0.837463 0.0496377 0.0076061 -0.0010136 -0.000280894 0.000312788 
0.85282 0.0496377 0.00829079 2.29258e-05 -0.00028851 0.000306215 
0.866881 0.0496377 0.00836548 0.000870085 -0.00028218 0.00030511 
0.880943 0.0496377 0.00808979 0.00161275 -0.000264656 0.000301456 
0.893728 0.0496377 0.0074781 0.0021741 -0.000240359 0.000299827 
0.906513 0.0496377 0.0066639 0.00260418 -0.000209714 0.000298518 
0.918063 0.0496377 0.00573731 0.00287147 -0.000177988 0.000296679 
0.929613 0.0496377 0.00473284 0.00299365 -0.000144007 0.000297058 
0.939988 0.0496377 0.00377375 0.00297768 -0.000112931 0.000295251 
0.950362 0.0496377 0.00283133 0.00281349 -8.27849e-05 0.000296708 
0.959633 0.0496377 0.00202669 0.00254611 -5.78568e-05 0.000295094 
0.968903 0.0496377 0.00130314 0.00214373 -3.60302e-05 0.000297145 
0.977148 0.0496377 0.000755644 0.0016885 -2.01764e-05 0.000295781 
0.985394 0.0496377 0.000331022 0.0011345 -8.48156e-06 0.000298098 
0.992697 0.0496377 8.79883e-05 0.000589328 -2.1693e-06 0.00029693 
1 0.0496377 0 0 0 0.000299265 

0 0.0600123 0 0 0 0.000362852 
0.00730325 0.0600123 7.30106e-06 -0.000278668 -1.10198e-06 0.000363535 
0.0146065 0.0600123 1.68097e-05 -0.000413591 -3.71929e-06 0.00036291 
0.0228517 0.0600123 -2.975e-06 -0.000416444 -7.22528e-06 0.000363205 
0.031097 0.0600123 -6.2072e-05 -0.000301323 -1.02695e-05 0.000362693 
0.0403673 0.0600123 -0.000214794 -5.71676e-05 -1.19984e-05 0.000362442 
0.0496377 0.0600123 -0.000451379 0.000266567 -1.10956e-05 0.000362227 
0.0600123 0.0600123 -0.000860376 0.000702076 -6.11033e-06 0.000361262 
0.0703869 0.0600123 -0.00139726 0.00117367 3.57981e-06 0.000361478 
0.0819372 0.0600123 -0.00219455 0.0017312 2.03472e-05 0.000359645 
0.0934875 0.0600123 -0.0031597 0.00228594 4.35372e-05 0.000360379 
0.106272 0.0600123 -0.00447667 0.00290332 7.67237e-05 0.000357552 
0.119057 0.0600123 -0.0059955 0.00349187 0.000117618 0.000358862 
0.133119 0.0600123 -0.00795794 0.00413204 0.000171242 0.000354929 
0.14718 0.0600123 -0.0101512 0.00473125 0.00023358 0.000356867 
0.162537 0.0600123 -0.0128796 0.0053853 0.000311283 0.00035171 
0.177894 0.0600123 -0.0158641 0.00599139 0.000398662 0.000354343 
0.194538 0.0600123 -0.0194698 0.00666066 0.000503985 0.000347838 
0.211181 0.0600123 -0.0233482 0.00726397 0.000619901 0.000351245 
0.22907 0.0600123 -0.0279061 0.00792652 0.000755858 0.00034332 
0.246958 0.0600123 -0.0327262 0.00847818 0.00090268 0.000347551 
0.266013 0.0600123 -0.0382101 0.00905495 0.00106994 0.000338309 
0.285068 0.0600123 -0.0438848 0.00944244 0.00124639 0.000343331 
0.305174 0.0600123 -0.050071 0.00978173 0.00144004 0.00033321 
0.32528 0.0600123 -0.0562776 0.00982923 0.00163759 0.000338857 
0.346282 0.0600123 -0.0626547 0.00972465 0.00184353 0.000328758 
0.367284 0.0600123 -0.0687622 0.0092291 0.00204317 0.00033472 
0.388994 0.0600123 -0.0745119 0.00847918 0.00223614 0.000326007 
0.410703 0.0600123 -0.0796079 0.0072846 0.002408 0.000331819 
0.432902 0.0600123 -0.0837189 0.00578654 0.00255383 0.000326077 
0.455101 0.0600123 -0.0867815 0.00387971 0.00266184 0.000331071 
0.477551 0.0600123 -0.0883031 0.00172166 0.00272522 0.000329615 
0.5 0.0600123 -0.0884928 -0.000694811 0.00273723 0.000332834 
0.522449 0.0600123 -0.0868498 -0.00319821 0.0026936 0.000336133 
0.544899 0.0600123 -0.0838128 -0.00570904 0.00259364 0.000336357 
0.567098 0.0600123 -0.0790464 -0.00807752 0.00244015 0.000343719 
0.589297 0.0600123 -0.0730907 -0.0101607 0.00223721 0.000339801 
0.611006 0.0600123 -0.065906 -0.0118968 0.00199689 0.000349576 
0.632716 0.0600123 -0.057959 -0.0131021 0.0017246 0.000341048 
0.653718 0.0600123 -0.0495436 -0.0138656 0.00144035 0.000351273 
0.67472 0.0600123 -0.0408948 -0.0139824 0.00114683 0.000338838 
0.694826 0.0600123 -0.0325728 -0.0137056 0.000867552 0.000347921 
0.714932 0.0600123 -0.0245033 -0.0128264 0.00059988 0.000333379 
0.733987 0.0600123 -0.0173704 -0.0117124 0.000365451 0.000340443 
0.753042 0.0600123 -0.0108225 -0.010161 0.00015642 0.000326026 
0.77093 0.0600123 -0.00551251 -0.00857123 -1.14217e-05 0.00033085 
0.788819 0.0600123 -0.000927295 -0.00675026 -0.00014875 0.000318416 
0.805462 0.0600123 0.00242306 -0.00505597 -0.000247042 0.000321172 
0.822106 0.0600123 0.00507325 -0.00330884 -0.000316688 0.00031175 
0.837463 0.0600123 0.00670162 -0.00178713 -0.000355716 0.00031278 
0.85282 0.0600123 0.00775624 -0.000333646 -0.000371894 0.000306565 
0.866881 0.0600123 0.00809421 0.000858613 -0.00036804 0.000306257 
0.880943 0.0600123 0.00802489 0.00191369 -0.000348381 0.000302885 
0.893728 0.0600123 0.00754378 0.0027122 -0.000318629 0.000301629 
0.906513 0.0600123 0.00681927 0.00333779 -0.000279772 0.000300479 
0.918063 0.0600123 0.00593509 0.00373162 -0.000238768 0.000298644 
0.929613 0.0600123 0.00494648 0.00393539 -0.000194311 0.000299055 
0.939988 0.0600123 0.00397768 0.00394386 -0.000153279 0.000296974 
0.950362 0.0600123 0.0030105 0.00375988 -0.000113156 0.00029838 
0.959633 0.0600123 0.00217098 0.00342944 -7.97029e-05 0.000296309 
0.968903 0.0600123 0.00140777 0.0029223 -5.01321e-05 0.000298308 
0.977148 0.0600123 0.000822455 0.00233028 -2.83882e-05 0.00029641 
0.985394 0.0600123 0.000365223 0.00159736 -1.21073e-05 0.000298777 
0.992697 0.0600123 9.90447e-05 0.000845729 -3.13641e-06 0.000297149 
1 0.0600123 0 0 0 0.000299829 

0 0.0703869 0 0 0 0.000363646 
0.00730325 0.0703869 -6.69929e-06 -0.000283392 -1.10255e-06 0.000363901 
0.0146065 0.0703869 -3.62296e-05 -0.000387372 -3.60552e-06 0.000363543 
0.0228517 0.0703869 -0.000121562 -0.000330017 -6.59288e-06 0.000363608 
0.031097 0.0703869 -0.000269257 -0.000132963 -8.52721e-06 0.00036336 
0.0403673 0.0703869 -0.00054476 0.000223849 -8.09451e-06 0.000362887 
0.0496377 0.0703869 -0.000926801 0.000673225 -3.92133e-06 0.000362863 
0.0600123 0.0703869 -0.00152249 0.00126223 6.18322e-06 0.0003616 
0.0703869 0.0703869 -0.00226855 0.00189238 2.26155e-05 0.000361926 
0.0819372 0.0703869 -0.00332342 0.00263198 4.88676e-05 0.000359707 
0.0934875 0.0703869 -0.00456917 0.00336727 8.36416e-05 0.000360501 
0.106272 0.0703869 -0.00622391 0.0041843 0.000132092 0.00035721 
0.119057 0.0703869 -0.00810558 0.00496688 0.000190775 0.000358576 
0.133119 0.0703869 -0.0104992 0.00581711 0.000266816 0.000354103 
0.14718 0.0703869 -0.0131521 0.00661904 0.000354482 0.000356137 
0.162537 0.0703869 -0.016421 0.00748983 0.000463082 0.000350347 
0.177894 0.0703869 -0.0199776 0.00830378 0.000584632 0.000353145 
0.194538 0.0703869 -0.0242456 0.00919103 0.000730552 0.000345885 
0.211181 0.0703869 -0.0288172 0.00999811 0.000890586 0.000349537 
0.22907 0.0703869 -0.0341586 0.0108638 0.00107763 0.000340723 
0.246958 0.0703869 -0.0397838 0.0115917 0.00127893 0.000345285 
0.266013 0.0703869 -0.0461459 0.012322 0.00150741 0.000335058 
0.285068 0.0703869 -0.0526982 0.0128156 0.00174753 0.000340505 
0.305174 0.0703869 -0.0597958 0.0132049 0.00200997 0.000329404 
0.32528 0.0703869 -0.0668769 0.0132299 0.00227654 0.000335594 
0.346282 0.0703869 -0.0741033 0.0130097 0.00255314 0.000324683 
0.367284 0.0703869 -0.0809791 0.0123042 0.00281996 0.000331335 
0.388994 0.0703869 -0.087406 0.0112253 0.00307649 0.000322151 
0.410703 0.0703869 -0.0930577 0.00959908 0.00330359 0.000328824 
0.432902 0.0703869 -0.0975803 0.00755209 0.00349494 0.000323074 
0.455101 0.0703869 -0.100908 0.00500627 0.00363523 0.000329076 
0.477551 0.0703869 -0.102524 0.00213042 0.00371589 0.000328091 
0.5 0.0703869 -0.102657 -0.00105839 0.00372842 0.000332362 
0.522449 0.0703869 -0.100788 -0.00434392 0.00366771 0.000336515 
0.544899 0.0703869 -0.0973846 -0.00763805 0.00353308 0.000337646 
0.567098 0.0703869 -0.092101 -0.0107196 0.00332855 0.00034607 
0.589297 0.0703869 -0.0855088 -0.0134564 0.00305937 0.000342672 
0.611006 0.0703869 -0.0775691 -0.0157101 0.00274143 0.000353515 
0.632716 0.0703869 -0.0687744 -0.0173203 0.00238149 0.000344912 
0.653718 0.0703869 -0.0594388 -0.0183217 0.00200561 0.000356037 
0.67472 0.0703869 -0.049811 -0.0185338 0.00161694 0.000342854 
0.694826 0.0703869 -0.0404958 -0.018197 0.00124619 0.000352562 
0.714932 0.0703869 -0.0314133 -0.0171179 0.000889643 0.000336708 
0.733987 0.0703869 -0.0233151 -0.0156947 0.000575881 0.0003441 
0.753042 0.0703869 -0.01582 -0.0137261 0.000294429 0.000328065 
0.77093 0.0703869 -0.00966012 -0.0116721 6.6564e-05 0.000332973 
0.788819 0.0703869 -0.00427197 -0.00932496 -0.000121918 0.000318923 
0.805462 0.0703869 -0.000242105 -0.00711589 -0.000259062 0.000321611 
0.822106 0.0703869 0.00302618 -0.00483618 -0.000358822 0.000310826 
0.837463 0.0703869 0.00514831 -0.00283512 -0.000417802 0.00031173 
0.85282 0.0703869 0.00663475 -0.000917192 -0.000446661 0.000304549 
0.866881 0.0703869 0.00729796 0.00066449 -0.000448372 0.000304129 
0.880943 0.0703869 0.0075007 0.002074 -0.000429031 0.000300218 
0.893728 0.0703869 0.00721128 0.00314681 -0.000395523 0.000298909 
0.906513 0.0703869 0.00663769 0.00400148 -0.000349681 0.000297595 
0.918063 0.0703869 0.00585003 0.00455025 -0.000300137 0.000295784 
0.929613 0.0703869 0.00492929 0.00486014 -0.000245626 0.000296323 
0.939988 0.0703869 0.00399534 0.00491276 -0.000194779 0.000294334 
0.950362 0.0703869 0.00304488 0.00472459 -0.000144631 0.000296065 
0.959633 0.0703869 0.0022057 0.00434166 -0.000102479 0.000294138 
0.968903 0.0703869 0.0014342 0.003735 -6.49114e-05 0.000296558 
0.977148 0.0703869 0.000837709 0.00300608 -3.70253e-05 0.000294826 
0.985394 0.0703869 0.00036901 0.00208706 -1.59308e-05 0.000297566 
0.992697 0.0703869 9.87824e-05 0.00111927 -4.15767e-06 0.000296054 
1 0.0703869 0 0 0 0.000298816 

0 0.0819372 0 0 0 0.000365523 
0.00730325 0.0819372 -2.29879e-05 -0.000224539 -9.35827e-07 0.000365594 
0.0146065 0.0819372 -9.73314e-05 -0.000255905 -2.81368e-06 0.000365251 
0.0228517 0.0819372 -0.000268722 -8.91292e-05 -4.35196e-06 0.000364957 
0.031097 0.0819372 -0.000530973 0.000234162 -3.87151e-06 0.000364796 
0.0403673 0.0819372 -0.00096663 0.00075102 6.02494e-07 0.000363975 
0.0496377 0.0819372 -0.00153548 0.00137029 1.03409e-05 0.000364182 
0.0600123 0.0819372 -0.0023685 0.0021596 2.85948e-05 0.000362678 
0.0703869 0.0819372 -0.00337674 0.00299239 5.5261e-05 0.000363393 
0.0819372 0.0819372 -0.00474995 0.00396082 9.53985e-05 0.000361052 
0.0934875 0.0819372 -0.00633796 0.00492141 0.000146674 0.000362377 
0.106272 0.0819372 -0.00839878 0.00598617 0.00021641 0.000359044 
0.119057 0.0819372 -0.0107114 0.00700965 0.000299494 0.000361062 
0.133119 0.0819372 -0.0136104 0.00812054 0.00040589 0.000356564 
0.14718 0.0819372 -0.0167963 0.00917503 0.000527509 0.000359356 
0.162537 0.0819372 -0.0206847 0.0103153 0.00067719 0.000353488 
0.177894 0.0819372 -0.0248909 0.0113884 0.000843866 0.000357143 
0.194538 0.0819372 -0.0299035 0.0125448 0.00104309 0.000349692 
0.211181 0.0819372 -0.0352478 0.0136028 0.00126074 0.000354277 
0.22907 0.0819372 -0.0414539 0.0147127 0.00151415 0.000345102 
0.246958 0.0819372 -0.0479597 0.01565 0.00178588 0.000350601 
0.266013 0.0819372 -0.0552721 0.0165524 0.00209305 0.000339786 
0.285068 0.0819372 -0.0627649 0.0171577 0.00241458 0.000346038 
0.305174 0.0819372 -0.0708274 0.017579 0.00276443 0.000334068 
0.32528 0.0819372 -0.0788256 0.0175464 0.00311819 0.000340753 
0.346282 0.0819372 -0.0869316 0.0171461 0.00348345 0.000328658 
0.367284 0.0819372 -0.0945966 0.0161479 0.00383402 0.000335344 
0.388994 0.0819372 -0.101714 0.0146287 0.00416923 0.000324685 
0.410703 0.0819372 -0.107931 0.0124433 0.00446422 0.00033088 
0.432902 0.0819372 -0.112878 0.00969995 0.00471108 0.000323472 
0.455101 0.0819372 -0.116488 0.00635611 0.00489036 0.000328576 
0.477551 0.0819372 -0.118228 0.00259632 0.00499153 0.00032594 
0.5 0.0819372 -0.118343 -0.00153754 0.00500409 0.000329088 
0.522449 0.0819372 -0.116299 -0.00577228 0.00492207 0.000331832 
0.544899 0.0819372 -0.112587 -0.0100183 0.00474483 0.000331827 
0.567098 0.0819372 -0.106847 -0.0139651 0.00447789 0.00033932 
0.589297 0.0819372 -0.0996745 -0.0175029 0.00412786 0.000334924 
0.611006 0.0819372 -0.0910246 -0.0203962 0.00371513 0.0003455 
0.632716 0.0819372 -0.0814118 -0.0225203 0.00324791 0.000336106 
0.653718 0.0819372 -0.0711616 -0.0238371 0.00275952 0.000347711 
0.67472 0.0819372 -0.060539 -0.0242 0.00225347 0.00033396 
0.694826 0.0819372 -0.0501873 -0.0238255 0.00176926 0.000344841 
0.714932 0.0819372 -0.0400276 -0.0225419 0.00130171 0.000328643 
0.733987 0.0819372 -0.0308775 -0.0207761 0.000888028 0.000337708 
0.753042 0.0819372 -0.0223323 -0.0183315 0.000514457 0.000321547 
0.77093 0.0819372 -0.0152078 -0.0157352 0.000209302 0.000328341 
0.788819 0.0819372 -0.00889171 -0.0127654 -4.60675e-05 0.000314352 
0.805462 0.0819372 -0.00405649 -0.00993796 -0.000235059 0.000318848 
0.822106 0.0819372 -3.9688e-05 -0.00701285 -0.000376176 0.000308239 
0.837463 0.0819372 0.00269918 -0.00442374 -0.000463817 0.000310641 
0.85282 0.0819372 0.00474047 -0.00193183 -0.000512442 0.000303657 
0.866881 0.0819372 0.00583949 0.000137041 -0.000524782 0.000304298 
0.880943 0.0819372 0.00642189 0.00199384 -0.000509521 0.000300519 
0.893728 0.0819372 0.00641711 0.00341868 -0.000474616 0.000299809 
0.906513 0.0819372 0.00608282 0.00457235 -0.000423227 0.000298516 
0.918063 0.0819372 0.00546543 0.00533086 -0.00036574 0.000296898 
0.929613 0.0819372 0.00468135 0.00579301 -0.000301203 0.000297346 
0.939988 0.0819372 0.00383806 0.00592222 -0.000240169 0.000295244 
0.950362 0.0819372 0.00295563 0.0057533 -0.000179341 0.000296807 
0.959633 0.0819372 0.00215722 0.00532928 -0.000127751 0.00029457 
0.968903 0.0819372 0.0014135 0.00462495 -8.13915e-05 0.000296801 
0.977148 0.0819372 0.000831103 0.00375093 -4.66882e-05 0.000294681 
0.985394 0.0819372 0.000370481 0.00262876 -2.02158e-05 0.000297305 
0.992697 0.0819372 0.000100748 0.00141932 -5.30614e-06 0.000295468 
1 0.0819372 0 0 0 0.000298389 

0 0.0934875 0 0 0 0.000366249 
0.00730325 0.0934875 -4.19021e-05 -0.000132233 -5.57324e-07 0.000365697 
0.0146065 0.0934875 -0.00017138 -4.08934e-05 -1.24376e-06 0.000365676 
0.0228517 0.0934875 -0.000437671 0.000278044 -2.84645e-07 0.000364927 
0.031097 0.0934875 -0.000827326 0.000766384 4.00863e-06 0.000365087 
0.0403673 0.0934875 -0.00143821 0.00147957 1.44596e-05 0.000363826 
0.0496377 0.0934875 -0.00221189 0.00230009 3.20264e-05 0.000364292 
0.0600123 0.0934875 -0.00330337 0.00331908 6.12914e-05 0.000362287 
0.0703869 0.0934875 -0.00459642 0.00437999 0.000101352 0.00036318 
0.0819372 0.0934875 -0.00631298 0.00560143 0.000159194 0.000360264 
0.0934875 0.0934875 -0.00826805 0.00680917 0.000231072 0.000361703 
0.106272 0.0934875 -0.0107605 0.00814332 0.000326927 0.000357729 
0.119057 0.0934875 -0.0135276 0.00942862 0.000439534 0.000359833 
0.133119 0.0934875 -0.0169543 0.0108219 0.000582241 0.00035462 
0.14718 0.0934875 -0.0206921 0.0121507 0.000744095 0.000357515 
0.162537 0.0934875 -0.0252154 0.0135828 0.000942081 0.000350832 
0.177894 0.0934875 -0.0300818 0.0149368 0.00116147 0.000354639 
0.194538 0.0934875 -0.0358441 0.0163827 0.0014226 0.000346245 
0.211181 0.0934875 -0.0419598 0.0177098 0.00170681 0.000351049 
0.22907 0.0934875 -0.0490212 0.0190766 0.0020365 0.00034081 
0.246958 0.0934875 -0.0563907 0.0202312 0.00238875 0.000346606 
0.266013 0.0934875 -0.0646263 0.0213037 0.00278542 0.000334672 
0.285068 0.0934875 -0.0730249 0.0220115 0.00319903 0.000341315 
0.305174 0.0934875 -0.0820079 0.0224426 0.00364718 0.000328307 
0.32528 0.0934875 -0.0908741 0.0223221 0.00409841 0.00033551 
0.346282 0.0934875 -0.0998074 0.0216985 0.00456221 0.000322624 
0.367284 0.0934875 -0.108212 0.0203571 0.00500532 0.000330004 
0.388994 0.0934875 -0.115979 0.0183387 0.00542699 0.000318946 
0.410703 0.0934875 -0.122735 0.0155306 0.00579621 0.000326055 
0.432902 0.0934875 -0.1281 0.0120249 0.00610349 0.000318708 
0.455101 0.0934875 -0.13201 0.00781472 0.00632507 0.000324955 
0.477551 0.0934875 -0.13392 0.00310466 0.00644851 0.000322815 
0.5 0.0934875 -0.134089 -0.00204246 0.00646125 0.000327271 
0.522449 0.0934875 -0.131964 -0.00729133 0.00635649 0.000330855 
0.544899 0.0934875 -0.128054 -0.0125569 0.00613366 0.000332152 
0.567098 0.0934875 -0.121978 -0.0174335 0.00579981 0.000340703 
0.589297 0.0934875 -0.114348 -0.0218395 0.00536284 0.000337331 
0.611006 0.0934875 -0.105102 -0.0254352 0.00484786 0.000349031 
0.632716 0.0934875 -0.0947758 -0.0281355 0.00426443 0.000340077 
0.653718 0.0934875 -0.0836936 -0.0298219 0.00365353 0.000352711 
0.67472 0.0934875 -0.0721415 -0.0303841 0.00301892 0.000338607 
0.694826 0.0934875 -0.0607923 -0.0300085 0.00240957 0.000350288 
0.714932 0.0934875 -0.0495752 -0.0285456 0.00181863 0.000332949 
0.733987 0.0934875 -0.0393698 -0.0264492 0.0012929 0.000342514 
0.753042 0.0934875 -0.0297544 -0.0235267 0.000814959 0.000324661 
0.77093 0.0934875 -0.0216294 -0.0203743 0.000421159 0.000331676 
0.788819 0.0934875 -0.014337 -0.0167561 8.79322e-05 0.000315801 
0.805462 0.0934875 -0.00864026 -0.0132765 -0.000162567 0.000320329 
0.822106 0.0934875 -0.00381076 -0.0096643 -0.000354014 0.000307983 
0.837463 0.0934875 -0.000389969 -0.00644212 -0.000477862 0.00031034 
0.85282 0.0934875 0.00227554 -0.00332775 -0.000553016 0.000301996 
0.866881 0.0934875 0.00387597 -0.000723934 -0.000581442 0.000302612 
0.880943 0.0934875 0.00490476 0.00162803 -0.000574994 0.00029794 
0.893728 0.0934875 0.00524483 0.00344939 -0.000542362 0.000297278 
0.906513 0.0934875 0.00520909 0.00494479 -0.000488506 0.000295534 
0.918063 0.0934875 0.00481385 0.00595103 -0.000425366 0.00029405 
0.929613 0.0934875 0.00421613 0.00660068 -0.000352652 0.000294396 
0.939988 0.0934875 0.00350623 0.00683637 -0.000282739 0.000292501 
0.950362 0.0934875 0.00273151 0.0067131 -0.000212237 0.000294188 
0.959633 0.0934875 0.00200742 0.00626893 -0.000151879 0.000292208 
0.968903 0.0934875 0.00132088 0.00548376 -9.72161e-05 0.000294648 
0.977148 0.0934875 0.000777189 0.00447743 -5.60005e-05 0.000292801 
0.985394 0.0934875 0.000343849 0.00316072 -2.4358e-05 0.000295547 
0.992697 0.0934875 9.27449e-05 0.00172008 -6.41426e-06 0.000293924 
1 0.0934875 0 0 0 0.000296668 

0 0.106272 0 0 0 0.000369238 
0.00730325 0.106272 -6.49745e-05 6.81099e-05 1.15724e-07 0.000368396 
0.0146065 0.106272 -0.000255617 0.000354446 1.51515e-06 0.0003685 
0.0228517 0.106272 -0.000637905 0.000906183 6.57879e-06 0.000367307 
0.031097 0.106272 -0.00118152 0.00163013 1.68993e-05 0.000367703 
0.0403673 0.106272 -0.00200641 0.00261132 3.64553e-05 0.000365999 
0.0496377 0.106272 -0.003028 0.00369704 6.55886e-05 0.000366853 
0.0600123 0.106272 -0.00443102 0.00500963 0.00011069 0.000364507 
0.0703869 0.106272 -0.00606445 0.0063561 0.000169582 0.000365939 
0.0819372 0.106272 -0.00818804 0.00788834 0.000251824 0.000362809 
0.0934875 0.106272 -0.0105747 0.00939651 0.000351622 0.000364911 
0.106272 0.106272 -0.0135698 0.011055 0.000482364 0.000360816 
0.119057 0.106272 -0.0168621 0.0126547 0.00063393 0.000363682 
0.133119 0.106272 -0.0208925 0.0143857 0.000824059 0.000358377 
0.14718 0.106272 -0.0252566 0.0160429 0.00103801 0.000362117 
0.162537 0.106272 -0.0304938 0.0178233 0.00129807 0.000355289 
0.177894 0.106272 -0.0360966 0.0195122 0.00158478 0.000360004 
0.194538 0.106272 -0.042687 0.0212999 0.0019245 0.000351329 
0.211181 0.106272 -0.0496481 0.0229422 0.00229276 0.000357053 
0.22907 0.106272 -0.0576373 0.0246029 0.00271827 0.000346315 
0.246958 0.106272 -0.0659364 0.0260002 0.00317114 0.000352929 
0.266013 0.106272 -0.0751547 0.0272496 0.00367905 0.000340199 
0.285068 0.106272 -0.0845103 0.02805 0.0042065 0.000347389 
0.305174 0.106272 -0.0944568 0.0284548 0.00477551 0.000333226 
0.32528 0.106272 -0.104227 0.0281908 0.00534595 0.00034054 
0.346282 0.106272 -0.114018 0.02726 0.00592961 0.000326126 
0.367284 0.106272 -0.123193 0.0254735 0.00648474 0.000333103 
0.388994 0.106272 -0.131644 0.0228306 0.00701065 0.000320207 
0.410703 0.106272 -0.138982 0.01926 0.0074691 0.000326477 
0.432902 0.106272 -0.144826 0.014838 0.00784899 0.000317123 
0.455101 0.106272 -0.14911 0.00959667 0.00812162 0.000322302 
0.477551 0.106272 -0.151285 0.00376496 0.00827246 0.000318186 
0.5 0.106272 -0.151612 -0.00257565 0.00828667 0.000321581 
0.522449 0.106272 -0.149526 -0.00901996 0.00815649 0.000323444 
0.544899 0.106272 -0.145535 -0.0154938 0.0078813 0.000323855 
0.567098 0.106272 -0.139236 -0.021483 0.00746985 0.000331169 
0.589297 0.106272 -0.131245 -0.0269426 0.00693133 0.000327132 
0.611006 0.106272 -0.121475 -0.0314089 0.00629609 0.000338291 
0.632716 0.106272 -0.110477 -0.0348458 0.00557506 0.000328849 
0.653718 0.106272 -0.0985667 -0.0370317 0.00481807 0.00034178 
0.67472 0.106272 -0.0860555 -0.0379011 0.00402899 0.000327299 
0.694826 0.106272 -0.0736393 -0.0375932 0.00326805 0.000340109 
0.714932 0.106272 -0.0612662 -0.0359868 0.00252635 0.000322481 
0.733987 0.106272 -0.0498781 -0.0335571 0.00186237 0.000333835 
0.753042 0.106272 -0.0390451 -0.0301187 0.00125429 0.000315802 
0.77093 0.106272 -0.0297601 -0.0263438 0.000748602 0.000324957 
0.788819 0.106272 -0.0213217 -0.0219821 0.000315683 0.000309029 
0.805462 0.106272 -0.014597 -0.0177413 -1.49817e-05 0.000315698 
0.822106 0.106272 -0.00878612 -0.0133164 -0.000273537 0.000303394 
0.837463 0.106272 -0.00452776 -0.00933544 -0.000447208 0.000307603 
0.85282 0.106272 -0.00108532 -0.00546771 -0.000560619 0.000299317 
0.866881 0.106272 0.00115132 -0.0022084 -0.000614166 0.000301317 
0.880943 0.106272 0.00275576 0.000756388 -0.000623957 0.000296636 
0.893728 0.106272 0.00355095 0.0030762 -0.000598994 0.000296842 
0.906513 0.106272 0.0039176 0.00500787 -0.000546857 0.000294979 
0.918063 0.106272 0.00383063 0.00633928 -0.000480883 0.0002939 
0.929613 0.106272 0.00349913 0.0072446 -0.000401993 0.000294013 
0.939988 0.106272 0.00298707 0.007639 -0.000324392 0.000292172 
0.950362 0.106272 0.00237865 0.00760389 -0.000244928 0.000293546 
0.959633 0.106272 0.00177388 0.00716881 -0.000176119 0.000291401 
0.968903 0.106272 0.00118345 0.00632317 -0.000113247 0.000293508 
0.977148 0.106272 0.000703803 0.00519511 -6.54875e-05 0.000291412 
0.985394 0.106272 0.000316306 0.00368887 -2.85905e-05 0.000293911 
0.992697 0.106272 8.65068e-05 0.0020128 -7.55643e-06 0.000292083 
1 0.106272 0 0 0 0.000294842 

0 0.119057 0 0 0 0.000369543 
0.00730325 0.119057 -8.81958e-05 0.000316845 1.09942e-06 0.000367917 
0.0146065 0.119057 -0.000348704 0.000870675 5.40521e-06 0.000368375 
0.0228517 0.119057 -0.000853387 0.00171836 1.61008e-05 0.000366515 
0.031097 0.119057 -0.00156091 0.00273328 3.4483e-05 0.000367254 
0.0403673 0.119057 -0.00261089 0.00403338 6.59484e-05 0.000364884 
0.0496377 0.119057 -0.00389396 0.00542618 0.000109906 0.000366026 
0.0600123 0.119057 -0.00562417 0.00706999 0.000174926 0.000362964 
0.0703869 0.119057 -0.00761491 0.00873257 0.000257108 0.000364604 
0.0819372 0.119057 -0.0101639 0.0106029 0.000369072 0.000360703 
0.0934875 0.119057 -0.0130002 0.0124343 0.000502424 0.000362937 
0.106272 0.119057 -0.016516 0.0144384 0.000674593 0.000358021 
0.119057 0.119057 -0.0203495 0.0163719 0.000871941 0.000360967 
0.133119 0.119057 -0.0249976 0.01846 0.00111729 0.000354776 
0.14718 0.119057 -0.0299987 0.0204644 0.00139142 0.000358575 
0.162537 0.119057 -0.0359558 0.0226115 0.00172272 0.000350761 
0.177894 0.119057 -0.0422964 0.0246527 0.00208619 0.000355544 
0.194538 0.119057 -0.0497091 0.0267968 0.00251503 0.00034576 
0.211181 0.119057 -0.0575037 0.0287654 0.0029781 0.00035158 
0.22907 0.119057 -0.0663996 0.0307246 0.00351113 0.000339634 
0.246958 0.119057 -0.0756004 0.0323627 0.00407634 0.000346387 
0.266013 0.119057 -0.0857644 0.0337766 0.00470782 0.000332445 
0.285068 0.119057 -0.0960354 0.0346495 0.00536106 0.000339844 
0.305174 0.119057 -0.106899 0.0349964 0.00606297 0.000324602 
0.32528 0.119057 -0.117527 0.0345504 0.00676385 0.000332245 
0.346282 0.119057 -0.128138 0.0332658 0.00747813 0.000317028 
0.367284 0.119057 -0.138054 0.0309838 0.00815491 0.000324534 
0.388994 0.119057 -0.147182 0.0276637 0.00879378 0.0003112 
0.410703 0.119057 -0.155114 0.0232775 0.00934897 0.000318294 
0.432902 0.119057 -0.16148 0.0178871 0.00980788 0.000308897 
0.455101 0.119057 -0.166205 0.0115629 0.0101368 0.000315279 
0.477551 0.119057 -0.168742 0.00455777 0.010319 0.00031151 
0.5 0.119057 -0.169344 -0.0030309 0.0103374 0.000316511 
0.522449 0.119057 -0.167432 -0.0107299 0.0101832 0.0003191 
0.544899 0.119057 -0.163504 -0.0184784 0.00985553 0.000321404 
0.567098 0.119057 -0.157126 -0.025654 0.00936461 0.000329783 
0.589297 0.119057 -0.148912 -0.0322505 0.00872069 0.000327621 
0.611006 0.119057 -0.138737 -0.0376745 0.00795937 0.00034008 
0.632716 0.119057 -0.12717 -0.0419419 0.00709268 0.000332029 
0.653718 0.119057 -0.114503 -0.0447159 0.0061796 0.000346306 
0.67472 0.119057 -0.10108 -0.0459797 0.00522395 0.000332292 
0.694826 0.119057 -0.0876107 -0.0458122 0.004298 0.000346275 
0.714932 0.119057 -0.0740714 -0.0441231 0.00339059 0.000327998 
0.733987 0.119057 -0.0614633 -0.041402 0.00257309 0.000340187 
0.753042 0.119057 -0.0493576 -0.0374714 0.00181891 0.000320555 
0.77093 0.119057 -0.0388424 -0.0330793 0.00118608 0.000330166 
0.788819 0.119057 -0.0291777 -0.0279617 0.000638317 0.000312118 
0.805462 0.119057 -0.0213414 -0.0229337 0.000213787 0.000318948 
0.822106 0.119057 -0.0144619 -0.0176567 -0.000124938 0.000304483 
0.837463 0.119057 -0.00928365 -0.0128707 -0.000359715 0.000308708 
0.85282 0.119057 -0.00498224 -0.00819562 -0.000521787 0.000298587 
0.866881 0.119057 -0.00203637 -0.00422543 -0.000609109 0.000300597 
0.880943 0.119057 0.000214409 -0.000589381 -0.000642903 0.000294591 
0.893728 0.119057 0.00152553 0.00228472 -0.000631863 0.000294888 
0.906513 0.119057 0.00235223 0.00470862 -0.000586921 0.000292223 
0.918063 0.119057 0.00262213 0.00641623 -0.000522397 0.000291339 
0.929613 0.119057 0.00260201 0.00762668 -0.000441001 0.000291077 
0.939988 0.119057 0.00232534 0.00822333 -0.000358501 0.000289516 
0.950362 0.119057 0.00191699 0.00831762 -0.000272406 0.000290789 
0.959633 0.119057 0.00145926 0.0079274 -0.000196855 0.000288971 
0.968903 0.119057 0.000988503 0.00705508 -0.00012715 0.000291074 
0.977148 0.119057 0.000592597 0.00583583 -7.37933e-05 0.000289298 
0.985394 0.119057 0.000266057 0.00416922 -3.23283e-05 0.000291704 
0.992697 0.119057 7.29342e-05 0.00229074 -8.56127e-06 0.000290126 
1 0.119057 0 0 0 0.000292533 

0 0.133119 0 0 0 0.00037369 
0.00730325 0.133119 -0.000118078 0.000727583 2.53129e-06 0.000371649 
0.0146065 0.133119 -0.000455738 0.0016585 1.11049e-05 0.000372356 
0.0228517 0.133119 -0.00110435 0.00291982 2.98566e-05 0.000369978 
0.031097 0.133119 -0.00200223 0.0043273 5.96079e-05 0.000371122 
0.0403673 0.133119 -0.00331515 0.00604627 0.000107606 0.000368252 
0.0496377 0.133119 -0.00490134 0.00783268 0.000171847 0.000369959 
0.0600123 0.133119 -0.00700954 0.00989078 0.000263743 0.000366502 
0.0703869 0.133119 -0.00941039 0.0119412 0.000376946 0.000368838 
0.0819372 0.133119 -0.0124447 0.0142185 0.000528018 0.000364669 
0.0934875 0.133119 -0.0157909 0.0164343 0.000705033 0.000367687 
0.106272 0.133119 -0.0198931 0.0188444 0.000930565 0.000362597 
0.119057 0.133119 -0.0243325 0.021168 0.00118635 0.000366377 
0.133119 0.133119 -0.029667 0.0236709 0.00150162 0.000360036 
0.14718 0.133119 -0.0353716 0.0260777 0.0018514 0.000364693 
0.162537 0.133119 -0.0421172 0.0286477 0.00227165 0.000356663 
0.177894 0.133119 -0.0492603 0.0310933 0.00273041 0.000362292 
0.194538 0.133119 -0.0575593 0.0336421 0.00326928 0.000352124 
0.211181 0.133119 -0.0662459 0.0359769 0.00384879 0.000358687 
0.22907 0.133119 -0.0761023 0.0382619 0.00451323 0.000346084 
0.246958 0.133119 -0.0862519 0.040154 0.00521502 0.000353328 
0.266013 0.133119 -0.0974019 0.0417252 0.005996 0.000338353 
0.285068 0.133119 -0.108623 0.0426449 0.00680072 0.000345815 
0.305174 0.133119 -0.120433 0.0428835 0.00766192 0.000329103 
0.32528 0.133119 -0.131951 0.0421872 0.00851852 0.000336271 
0.346282 0.133119 -0.143417 0.0404581 0.00938824 0.000319152 
0.367284 0.133119 -0.154119 0.0375756 0.0102095 0.00032569 
0.388994 0.133119 -0.163987 0.0334568 0.0109826 0.000310114 
0.410703 0.133119 -0.172593 0.0281232 0.0116531 0.000315956 
0.432902 0.133119 -0.179587 0.0216201 0.0122069 0.000304133 
0.455101 0.133119 -0.184876 0.0140585 0.0126047 0.000309269 
0.477551 0.133119 -0.187925 0.00571121 0.0128277 0.000303074 
0.5 0.133119 -0.188961 -0.00330732 0.0128557 0.000307081 
0.522449 0.133119 -0.187395 -0.0124594 0.0126787 0.000307452 
0.544899 0.133119 -0.183698 -0.0216972 0.0122953 0.000309135 
0.567098 0.133119 -0.177403 -0.0302857 0.011717 0.000315752 
0.589297 0.133119 -0.169108 -0.0382601 0.0109549 0.000313317 
0.611006 0.133119 -0.158643 -0.0448779 0.0100501 0.000324748 
0.632716 0.133119 -0.146584 -0.0502152 0.00901557 0.000316639 
0.653718 0.133119 -0.133192 -0.0537875 0.00792053 0.000330863 
0.67472 0.133119 -0.118843 -0.055639 0.00676855 0.000316845 
0.694826 0.133119 -0.104254 -0.0557555 0.00564599 0.000331843 
0.714932 0.133119 -0.0894407 -0.0540896 0.004539 0.000313526 
0.733987 0.133119 -0.0754619 -0.0511272 0.00353456 0.000327656 
0.753042 0.133119 -0.0619035 -0.0467061 0.00260046 0.000307958 
0.77093 0.133119 -0.0499576 -0.0416529 0.00180916 0.000320078 
0.788819 0.133119 -0.0388524 -0.0356918 0.00111635 0.000301991 
0.805462 0.133119 -0.0296926 -0.0297625 0.000571478 0.000311448 
0.822106 0.133119 -0.0215309 -0.0234906 0.000128122 0.000296981 
0.837463 0.133119 -0.0152373 -0.0177502 -0.0001882 0.000303551 
0.85282 0.133119 -0.00988727 -0.0121058 -0.000417122 0.000293412 
0.866881 0.133119 -0.00606715 -0.00727162 -0.00055277 0.000297235 
0.880943 0.133119 -0.00301417 -0.00281061 -0.00062308 0.000291124 
0.893728 0.133119 -0.00105647 0.00075401 -0.000635575 0.000292618 
0.906513 0.133119 0.000351224 0.00379991 -0.000605821 0.000289719 
0.918063 0.133119 0.00107624 0.00599325 -0.000548643 0.000289474 
0.929613 0.133119 0.0014566 0.00760895 -0.000469473 0.000288854 
0.939988 0.133119 0.00148498 0.00848902 -0.000385416 0.00028751 
0.950362 0.133119 0.00133799 0.00878435 -0.000295265 0.000288349 
0.959633 0.133119 0.00107183 0.00849529 -0.000214703 0.000286491 
0.968903 0.133119 0.000757449 0.00764498 -0.000139425 0.000288163 
0.977148 0.133119 0.000466958 0.00637205 -8.12548e-05 0.000286247 
0.985394 0.133119 0.000216236 0.00457947 -3.57249e-05 0.000288342 
0.992697 0.133119 6.02654e-05 0.00252114 -9.49622e-06 0.000286639 
1 0.133119 0 0 0 0.000288979 

0 0.14718 0 0 0 0.000373048 
0.00730325 0.14718 -0.000144779 0.0012028 4.38476e-06 0.000370101 
0.0146065 0.14718 -0.000564939 0.00260703 1.8323e-05 0.000371173 
0.0228517 0.14718 -0.00136014 0.00436694 4.7177e-05 0.000367934 
0.031097 0.14718 -0.00245377 0.00623953 9.10159e-05 0.000369412 
0.0403673 0.14718 -0.00403487 0.00844327 0.000159277 0.000365655 
0.0496377 0.14718 -0.00593097 0.0106757 0.000248113 0.000367639 
0.0600123 0.14718 -0.0084243 0.0131936 0.00037225 0.000363253 
0.0703869 0.14718 -0.0112428 0.0156669 0.000522291 0.000365782 
0.0819372 0.14718 -0.0147697 0.0183805 0.000719349 0.000360654 
0.0934875 0.14718 -0.0186322 0.0210036 0.000947239 0.000363773 
0.106272 0.14718 -0.0233254 0.0238394 0.00123441 0.000357694 
0.119057 0.14718 -0.0283732 0.0265697 0.00155718 0.00036149 
0.133119 0.14718 -0.0343927 0.0295025 0.001952 0.000354103 
0.14718 0.14718 -0.0407959 0.0323256 0.0023873 0.000358705 
0.162537 0.14718 -0.0483191 0.0353308 0.0029075 0.000349531 
0.177894 0.14718 -0.0562493 0.0381911 0.00347274 0.000355048 
0.194538 0.14718 -0.0654106 0.0411509 0.00413393 0.000343621 
0.211181 0.14718 -0.0749597 0.0438534 0.00484223 0.000350028 
0.22907 0.14718 -0.0857376 0.0464584 0.00565128 0.00033609 
0.246958 0.14718 -0.0967925 0.0485921 0.0065027 0.00034315 
0.266013 0.14718 -0.108878 0.0502986 0.0074467 0.000326857 
0.285068 0.14718 -0.120997 0.051237 0.00841586 0.000334146 
0.305174 0.14718 -0.133706 0.0513321 0.00944935 0.000316246 
0.32528 0.14718 -0.14607 0.0503473 0.0104739 0.000323323 
0.346282 0.14718 -0.158361 0.0481342 0.0115109 0.000305234 
0.367284 0.14718 -0.169837 0.0446129 0.0124876 0.000311884 
0.388994 0.14718 -0.180457 0.0396602 0.0134054 0.000295606 
0.410703 0.14718 -0.18977 0.0333477 0.0142008 0.000301941 
0.432902 0.14718 -0.197457 0.0257017 0.0148589 0.000289734 
0.455101 0.14718 -0.203396 0.0168744 0.0153342 0.000295954 
0.477551 0.14718 -0.20707 0.00715048 0.0156058 0.000289785 
0.5 0.14718 -0.208667 -0.00333663 0.0156505 0.00029564 
0.522449 0.14718 -0.207596 -0.0139961 0.0154565 0.000296565 
0.544899 0.14718 -0.204286 -0.0247894 0.0150217 0.000300868 
0.567098 0.14718 -0.198237 -0.0348771 0.0143584 0.000308634 
0.589297 0.14718 -0.190021 -0.0443333 0.0134781 0.00030929 
0.611006 0.14718 -0.179416 -0.0522639 0.0124269 0.000322387 
0.632716 0.14718 -0.166999 -0.0588074 0.0112184 0.000317196 
0.653718 0.14718 -0.152986 -0.0633142 0.00993207 0.000333349 
0.67472 0.14718 -0.137788 -0.0658971 0.00857108 0.000321281 
0.694826 0.14718 -0.122113 -0.0664233 0.00723661 0.000338112 
0.714932 0.14718 -0.106028 -0.0648975 0.00591196 0.000320215 
0.733987 0.14718 -0.0906402 -0.0617811 0.00470121 0.000335766 
0.753042 0.14718 -0.0755656 -0.0569342 0.00356621 0.000314927 
0.77093 0.14718 -0.062101 -0.0512542 0.00259578 0.000327912 
0.788819 0.14718 -0.0494525 -0.044457 0.00173693 0.000307598 
0.805462 0.14718 -0.0388612 -0.0376104 0.00105234 0.000317424 
0.822106 0.14718 -0.0293056 -0.0303056 0.000485581 0.000300331 
0.837463 0.14718 -0.0217932 -0.0235593 7.12533e-05 0.000306974 
0.85282 0.14718 -0.0152947 -0.0168802 -0.0002399 0.000294403 
0.866881 0.14718 -0.010515 -0.0111124 -0.000436835 0.000298218 
0.880943 0.14718 -0.00658065 -0.00574975 -0.000555435 0.000290216 
0.893728 0.14718 -0.00391213 -0.00142014 -0.000601069 0.000291768 
0.906513 0.14718 -0.0018657 0.00232459 -0.000595031 0.000287612 
0.918063 0.14718 -0.00064022 0.00507472 -0.000551962 0.000287544 
0.929613 0.14718 0.000180262 0.00716661 -0.000480895 0.000286214 
0.939988 0.14718 0.000544204 0.008394 -0.000399815 0.00028515 
0.950362 0.14718 0.000684286 0.00895338 -0.000309445 0.000285641 
0.959633 0.14718 0.000629591 0.00882203 -0.00022672 0.000284108 
0.968903 0.14718 0.000487561 0.00805 -0.000148171 0.000285583 
0.977148 0.14718 0.000316001 0.00677534 -8.6771e-05 0.000283967 
0.985394 0.14718 0.000151072 0.00490851 -3.8315e-05 0.000285818 
0.992697 0.14718 4.36345e-05 0.00272512 -1.02077e-05 0.000284341 
1 0.14718 0 0 0 0.000286249 

0 0.162537 0 0 0 0.00037819 
0.00730325 0.162537 -0.000181119 0.00190015 6.85873e-06 0.000374679 
0.0146065 0.162537 -0.000692906 0.00392891 2.80475e-05 0.000376141 
0.0228517 0.162537 -0.00165523 0.00634444 7.03343e-05 0.000372325 
0.031097 0.162537 -0.00296874 0.00881625 0.000132766 0.000374389 
0.0403673 0.162537 -0.00485081 0.0116333 0.000227536 0.000370118 
0.0496377 0.162537 -0.00709204 0.0144204 0.000348276 0.000372846 
0.0600123 0.162537 -0.0100122 0.0174991 0.000513879 0.000368063 
0.0703869 0.162537 -0.013291 0.0204796 0.000710907 0.000371433 
0.0819372 0.162537 -0.0173576 0.0237074 0.000966143 0.000366028 
0.0934875 0.162537 -0.0217831 0.0268041 0.0012579 0.000370015 
0.106272 0.162537 -0.0271169 0.0301287 0.00162189 0.000363737 
0.119057 0.162537 -0.0328211 0.0333223 0.00202754 0.000368375 
0.133119 0.162537 -0.039575 0.0367413 0.00252017 0.000360789 
0.14718 0.162537 -0.0467233 0.0400329 0.00305998 0.000366164 
0.162537 0.162537 -0.0550694 0.0435243 0.00370166 0.000356692 
0.177894 0.162537 -0.0638274 0.0468446 0.00439564 0.000362846 
0.194538 0.162537 -0.0738873 0.0502542 0.00520396 0.0003509 
0.211181 0.162537 -0.0843294 0.0533527 0.00606643 0.000357684 
0.22907 0.162537 -0.0960521 0.0562923 0.00704779 0.000342877 
0.246958 0.162537 -0.10803 0.0586668 0.00807668 0.00034988 
0.266013 0.162537 -0.121062 0.0604889 0.0092132 0.000332256 
0.285068 0.162537 -0.13409 0.06141 0.0103759 0.000338905 
0.305174 0.162537 -0.147706 0.061307 0.0116114 0.000319153 
0.32528 0.162537 -0.160933 0.0599661 0.0128324 0.000324989 
0.346282 0.162537 -0.174079 0.0571869 0.014065 0.000304557 
0.367284 0.162537 -0.18637 0.0529369 0.0152238 0.000309533 
0.388994 0.162537 -0.197806 0.0470486 0.0163116 0.000290536 
0.410703 0.162537 -0.207907 0.0396493 0.0172552 0.000295069 
0.432902 0.162537 -0.216392 0.0307367 0.0180386 0.000279923 
0.455101 0.162537 -0.223103 0.020511 0.0186095 0.000284547 
0.477551 0.162537 -0.227547 0.00925235 0.0189449 0.000275388 
0.5 0.162537 -0.229868 -0.0028768 0.0190178 0.000280126 
0.522449 0.162537 -0.229472 -0.0152507 0.0188143 0.000278205 
0.544899 0.162537 -0.22674 -0.0278299 0.0183309 0.000282023 
0.567098 0.162537 -0.221141 -0.0396801 0.0175801 0.000287343 
0.589297 0.162537 -0.213204 -0.05091 0.0165732 0.000288135 
0.611006 0.162537 -0.202651 -0.0604614 0.0153615 0.000299527 
0.632716 0.162537 -0.190044 -0.0685417 0.0139584 0.000294904 
0.653718 0.162537 -0.175539 -0.0742958 0.0124548 0.000310458 
0.67472 0.162537 -0.159574 -0.0779228 0.0108527 0.000299097 
0.694826 0.162537 -0.14283 -0.0791149 0.00927035 0.000316682 
0.714932 0.162537 -0.125432 -0.0779515 0.00768776 0.000299376 
0.733987 0.162537 -0.108528 -0.0748249 0.00622936 0.000316994 
0.753042 0.162537 -0.0917793 -0.069635 0.00485021 0.000296535 
0.77093 0.162537 -0.076592 -0.0633363 0.00365934 0.000312514 
0.788819 0.162537 -0.0621673 -0.0556459 0.00259359 0.000292414 
0.805462 0.162537 -0.049899 -0.0477744 0.00173257 0.000305562 
0.822106 0.162537 -0.0386959 -0.0392797 0.00100773 0.000288582 
0.837463 0.162537 -0.0297266 -0.0313502 0.000465791 0.000298296 
0.85282 0.162537 -0.0218472 -0.023433 4.55042e-05 0.000285738 
0.866881 0.162537 -0.0159053 -0.0165324 -0.00023471 0.000291989 
0.880943 0.162537 -0.0108996 -0.0100621 -0.000420946 0.000283857 
0.893728 0.162537 -0.00736304 -0.00478072 -0.000514956 0.00028707 
0.906513 0.162537 -0.00453481 -0.000154736 -0.000545653 0.000282616 
0.918063 0.162537 -0.00269581 0.00330977 -0.000526601 0.000283492 
0.929613 0.162537 -0.00133551 0.00602621 -0.000471866 0.000281724 
0.939988 0.162537 -0.000561491 0.00772521 -0.000399802 0.000281059 
0.950362 0.162537 -7.15077e-05 0.00866327 -0.000314066 0.000281048 
0.959633 0.162537 0.000127757 0.00878412 -0.000232581 0.00027958 
0.968903 0.162537 0.000191013 0.00817728 -0.000153352 0.000280597 
0.977148 0.162537 0.000155438 0.0069721 -9.03993e-05 0.000278899 
0.985394 0.162537 8.6996e-05 0.00509944 -4.01379e-05 0.000280448 
0.992697 0.162537 2.6759e-05 0.00284249 -1.0752e-05 0.000278864 
1 0.162537 0 0 0 0.000280698 

0 0.177894 0 0 0 0.000375842 
0.00730325 0.177894 -0.000209542 0.00267793 9.86493e-06 0.000371374 
0.0146065 0.177894 -0.000811798 0.00544939 3.96672e-05 0.000373174 
0.0228517 0.177894 -0.00193746 0.00862578 9.79272e-05 0.000368347 
0.031097 0.177894 -0.00346838 0.0117844 0.000182315 0.000370694 
0.0403673 0.177894 -0.00564737 0.0152931 0.000308181 0.000365348 
0.0496377 0.177894 -0.00822989 0.0186952 0.000466094 0.000368292 
0.0600123 0.177894 -0.0115712 0.0223856 0.000679677 0.000362398 
0.0703869 0.177894 -0.0153038 0.0259105 0.000930702 0.000365892 
0.0819372 0.177894 -0.0199007 0.029682 0.00125234 0.000359366 
0.0934875 0.177894 -0.0248781 0.0332731 0.00161651 0.000363363 
0.106272 0.177894 -0.030837 0.0371025 0.00206704 0.00035595 
0.119057 0.177894 -0.0371795 0.0407711 0.00256551 0.000360468 
0.133119 0.177894 -0.0446434 0.0446854 0.00316705 0.000351692 
0.14718 0.177894 -0.0525089 0.0484522 0.00382261 0.000356808 
0.162537 0.177894 -0.0616416 0.0524338 0.00459812 0.000346041 
0.177894 0.177894 -0.071187 0.0562145 0.00543324 0.000351788 
0.194538 0.177894 -0.0820949 0.0600697 0.0064021 0.000338427 
0.211181 0.177894 -0.0933748 0.0635547 0.00743203 0.000344656 
0.22907 0.177894 -0.105978 0.0668121 0.00859972 0.000328349 
0.246958 0.177894 -0.118811 0.0694054 0.00981971 0.000334657 
0.266013 0.177894 -0.132717 0.0713151 0.0111628 0.000315517 
0.285068 0.177894 -0.146584 0.0721881 0.0125323 0.00032137 
0.305174 0.177894 -0.161041 0.0718552 0.0139834 0.00030015 
0.32528 0.177894 -0.175072 0.0701283 0.0154137 0.00030518 
0.346282 0.177894 -0.189026 0.0667578 0.0168547 0.000283372 
0.367284 0.177894 -0.202099 0.0617598 0.0182077 0.000287703 
0.388994 0.177894 -0.214335 0.0549222 0.019478 0.000267485 
0.410703 0.177894 -0.225223 0.0464292 0.0205818 0.000271808 
0.432902 0.177894 -0.234525 0.036243 0.0215028 0.000255736 
0.455101 0.177894 -0.242045 0.0246161 0.0221817 0.000260957 
0.477551 0.177894 -0.247321 0.0118099 0.0225931 0.00025139 
0.5 0.177894 -0.250446 -0.00197599 0.022706 0.000257921 
0.522449 0.177894 -0.250843 -0.0161007 0.0225042 0.000256353 
0.544899 0.177894 -0.24883 -0.0305145 0.0219821 0.000263397 
0.567098 0.177894 -0.243859 -0.0442075 0.021152 0.000269995 
0.589297 0.177894 -0.2364 -0.0573159 0.0200244 0.000275292 
0.611006 0.177894 -0.226119 -0.0686252 0.0186546 0.000288849 
0.632716 0.177894 -0.213545 -0.0784116 0.0170557 0.000289273 
0.653718 0.177894 -0.19876 -0.0855989 0.015329 0.000307574 
0.67472 0.177894 -0.182217 -0.0904818 0.0134752 0.00030058 
0.694826 0.177894 -0.164548 -0.092539 0.01163 0.000320977 
0.714932 0.177894 -0.145939 -0.0919407 0.00976979 0.00030617 
0.733987 0.177894 -0.127555 -0.0889672 0.00804103 0.000326135 
0.753042 0.177894 -0.109127 -0.083574 0.00639175 0.000305782 
0.77093 0.177894 -0.0921598 -0.0767475 0.00495376 0.00032332 
0.788819 0.177894 -0.075871 -0.0682157 0.00365305 0.000301298 
0.805462 0.177894 -0.061814 -0.0593289 0.00258906 0.000315205 
0.822106 0.177894 -0.0488393 -0.049617 0.00167989 0.000295204 
0.837463 0.177894 -0.0382913 -0.0404504 0.000987005 0.000305113 
0.85282 0.177894 -0.0289112 -0.0312155 0.000435532 0.000289395 
0.866881 0.177894 -0.0217042 -0.0230917 5.33195e-05 0.000295597 
0.880943 0.177894 -0.015533 -0.0154094 -0.000217644 0.000284813 
0.893728 0.177894 -0.0110547 -0.00907259 -0.00037401 0.000287979 
0.906513 0.177894 -0.00738103 -0.00345587 -0.000453869 0.00028164 
0.918063 0.177894 -0.00488208 0.000825438 -0.000468679 0.000282587 
0.929613 0.177894 -0.00294407 0.00427038 -0.000438808 0.00027966 
0.939988 0.177894 -0.0017338 0.00653537 -0.000382305 0.000279185 
0.950362 0.177894 -0.000873867 0.00794641 -0.000306699 0.000278538 
0.959633 0.177894 -0.000406745 0.00840419 -0.000230487 0.000277313 
0.968903 0.177894 -0.000128212 0.00804704 -0.000153792 0.000277962 
0.977148 0.177894 -1.92861e-05 0.0069878 -9.14542e-05 0.000276485 
0.985394 0.177894 1.43569e-05 0.00518402 -4.09113e-05 0.000277705 
0.992697 0.177894 9.09428e-06 0.00292729 -1.10055e-05 0.000276285 
1 0.177894 0 0 0 0.00027768 

0 0.194538 0 0 0 0.000381452 
0.00730325 0.194538 -0.000250827 0.00373447 1.36579e-05 0.000376267 
0.0146065 0.194538 -0.000954535 0.00743967 5.44643e-05 0.000378605 
0.0228517 0.194538 -0.00225999 0.0115693 0.000132889 0.000373174 
0.031097 0.194538 -0.00402597 0.0155772 0.000244858 0.000376279 
0.0403673 0.194538 -0.00652314 0.0199299 0.000409562 0.000370458 
0.0496377 0.194538 -0.00946847 0.0240732 0.000613641 0.000374302 
0.0600123 0.194538 -0.0132545 0.028489 0.000886462 0.000368064 
0.0703869 0.194538 -0.0174638 0.0326504 0.00120377 0.0003725 
0.0819372 0.194538 -0.0226148 0.0370473 0.00160644 0.000365732 
0.0934875 0.194538 -0.0281663 0.0411999 0.00205849 0.000370619 
0.106272 0.194538 -0.0347721 0.0455952 0.00261344 0.000363002 
0.119057 0.194538 -0.0417723 0.0497915 0.00322332 0.000368286 
0.133119 0.194538 -0.0499631 0.0542509 0.00395491 0.000359258 
0.14718 0.194538 -0.0585591 0.0585369 0.00474798 0.000364947 
0.162537 0.194538 -0.0684865 0.0630493 0.00568176 0.000353765 
0.177894 0.194538 -0.0788218 0.0673236 0.00668301 0.000359789 
0.194538 0.194538 -0.0905719 0.071649 0.00783998 0.000345712 
0.211181 0.194538 -0.102678 0.0755338 0.00906527 0.000351761 
0.22907 0.194538 -0.116139 0.079109 0.0104494 0.000334288 
0.246958 0.194538 -0.129802 0.0819072 0.0118906 0.000339785 
0.266013 0.194538 -0.14455 0.0838761 0.0134718 0.00031891 
0.285068 0.194538 -0.159222 0.0846608 0.0150793 0.00032322 
0.305174 0.194538 -0.174487 0.084046 0.0167777 0.000299656 
0.32528 0.194538 -0.189294 0.0818741 0.0184481 0.000302481 
0.346282 0.194538 -0.204033 0.0778446 0.0201283 0.000277785 
0.367284 0.194538 -0.217873 0.0720277 0.021705 0.000279491 
0.388994 0.194538 -0.230902 0.0641592 0.0231863 0.000255989 
0.410703 0.194538 -0.242579 0.0544891 0.0244772 0.000257623 
0.432902 0.194538 -0.252711 0.0429292 0.0255611 0.00023805 
0.455101 0.194538 -0.261065 0.0297981 0.0263709 0.000240915 
0.477551 0.194538 -0.267225 0.0153157 0.026879 0.000227801 
0.5 0.194538 -0.271233 -0.000263902 0.0270496 0.000232697 
0.522449 0.194538 -0.272545 -0.0163138 0.0268638 0.000227697 
0.544899 0.194538 -0.271413 -0.0327579 0.0263133 0.000234124 
0.567098 0.194538 -0.267289 -0.0485394 0.0254096 0.000237604 
0.589297 0.194538 -0.260567 -0.0638122 0.0241611 0.000243401 
0.611006 0.194538 -0.250863 -0.077216 0.0226272 0.000254471 
0.632716 0.194538 -0.238644 -0.0890955 0.0208188 0.000256327 
0.653718 0.194538 -0.2239 -0.0981244 0.0188483 0.000273234 
0.67472 0.194538 -0.207073 -0.104708 0.016714 0.000268153 
0.694826 0.194538 -0.188713 -0.108037 0.0145705 0.000288724 
0.714932 0.194538 -0.16906 -0.108403 0.0123899 0.000275775 
0.733987 0.194538 -0.149266 -0.105888 0.0103442 0.000297687 
0.753042 0.194538 -0.129146 -0.100535 0.00837351 0.000278764 
0.77093 0.194538 -0.11029 -0.0933102 0.00663725 0.000299732 
0.788819 0.194538 -0.0919657 -0.0839744 0.00504913 0.000278634 
0.805462 0.194538 -0.0758928 -0.0740161 0.00373353 0.000296725 
0.822106 0.194538 -0.060888 -0.0629478 0.00259289 0.000277244 
0.837463 0.194538 -0.0484954 -0.052353 0.00170789 0.000291246 
0.85282 0.194538 -0.0373445 -0.0415571 0.000987095 0.000275745 
0.866881 0.194538 -0.0286278 -0.0319566 0.000471182 0.000285319 
0.880943 0.194538 -0.0210583 -0.0227874 8.71855e-05 0.000274488 
0.893728 0.194538 -0.015444 -0.0151377 -0.000154126 0.000280031 
0.906513 0.194538 -0.0107486 -0.00827191 -0.000302686 0.000273409 
0.918063 0.194538 -0.00745196 -0.00294592 -0.000366391 0.000275769 
0.929613 0.194538 -0.0048166 0.00144677 -0.000373995 0.00027239 
0.939988 0.194538 -0.00308322 0.0044645 -0.000342391 0.000272574 
0.950362 0.194538 -0.0017821 0.0065241 -0.000284463 0.000271418 
0.959633 0.194538 -0.00100121 0.00746521 -0.000218841 0.000270372 
0.968903 0.194538 -0.000473286 0.00749409 -0.000148729 0.000270586 
0.977148 0.194538 -0.000203658 0.00669274 -8.96192e-05 0.000269048 
0.985394 0.194538 -5.82789e-05 0.00506433 -4.05287e-05 0.000270023 
0.992697 0.194538 -1.02806e-05 0.00288904 -1.10102e-05 0.000268458 
1 0.194538 0 0 0 0.00026984 

0 0.211181 0 0 0 0.000376369 
0.00730325 0.211181 -0.000277671 0.00488335 1.80632e-05 0.000370293 
0.0146065 0.211181 -0.00107087 0.00965456 7.14199e-05 0.000372884 
0.0228517 0.211181 -0.00254198 0.0148561 0.000172885 0.000366379 
0.031097 0.211181 -0.00452803 0.0198097 0.000316227 0.000369658 
0.0403673 0.211181 -0.00732528 0.0250913 0.000524913 0.000362643 
0.0496377 0.211181 -0.0106138 0.0300391 0.000781029 0.000366583 
0.0600123 0.211181 -0.0148206 0.0352321 0.0011203 0.000359108 
0.0703869 0.211181 -0.0194806 0.0400656 0.00151159 0.000363538 
0.0819372 0.211181 -0.0251537 0.0451143 0.00200427 0.000355531 
0.0934875 0.211181 -0.0312447 0.0498445 0.00255343 0.000360271 
0.106272 0.211181 -0.0384552 0.0548157 0.00322325 0.000351401 
0.119057 0.211181 -0.0460677 0.0595442 0.00395508 0.000356354 
0.133119 0.211181 -0.0549308 0.0645494 0.00482838 0.000346 
0.14718 0.211181 -0.0641988 0.0693517 0.00577063 0.000351135 
0.162537 0.211181 -0.0748512 0.0743877 0.00687534 0.000338495 
0.177894 0.211181 -0.0859027 0.0791444 0.00805523 0.000343707 
0.194538 0.211181 -0.0984088 0.0839231 0.00941364 0.000328017 
0.211181 0.211181 -0.111251 0.088186 0.0108473 0.000332967 
0.22907 0.211181 -0.125469 0.0920519 0.0124614 0.000313742 
0.246958 0.211181 -0.139858 0.0950247 0.0141366 0.000317845 
0.266013 0.211181 -0.155335 0.0970203 0.0159692 0.000295108 
0.285068 0.211181 -0.170701 0.0976852 0.017827 0.000297758 
0.305174 0.211181 -0.186658 0.0967603 0.0197853 0.000272246 
0.32528 0.211181 -0.202127 0.0941207 0.0217077 0.000273241 
0.346282 0.211181 -0.217534 0.0894159 0.0236391 0.000246566 
0.367284 0.211181 -0.232025 0.0827721 0.0254514 0.000246485 
0.388994 0.211181 -0.245728 0.0738711 0.0271558 0.000221112 
0.410703 0.211181 -0.258079 0.0630325 0.0286461 0.000221368 
0.432902 0.211181 -0.268934 0.0501111 0.0299057 0.000200274 
0.455101 0.211181 -0.27803 0.0354996 0.0308597 0.000202694 
0.477551 0.211181 -0.285009 0.0193637 0.0314785 0.000188705 
0.5 0.211181 -0.289872 0.00202128 0.0317215 0.000194712 
0.522449 0.211181 -0.292129 -0.0159365 0.0315669 0.000189785 
0.544899 0.211181 -0.291965 -0.0343974 0.0310037 0.000199458 
0.567098 0.211181 -0.288855 -0.0522892 0.0300415 0.000204211 
0.589297 0.211181 -0.283101 -0.0697734 0.0286866 0.000215613 
0.611006 0.211181 -0.27428 -0.0853746 0.0270004 0.00022924 
0.632716 0.211181 -0.262766 -0.0994983 0.0249914 0.000238517 
0.653718 0.211181 -0.248451 -0.110574 0.0227812 0.000259017 
0.67472 0.211181 -0.231732 -0.11912 0.0203646 0.000261672 
0.694826 0.211181 -0.213045 -0.124003 0.0179146 0.000286246 
0.714932 0.211181 -0.192671 -0.125649 0.0153986 0.000279329 
0.733987 0.211181 -0.171705 -0.123876 0.0130149 0.000304873 
0.753042 0.211181 -0.150065 -0.118837 0.0106956 0.00028877 
0.77093 0.211181 -0.129395 -0.111418 0.00863069 0.000312395 
0.788819 0.211181 -0.10905 -0.101434 0.00672115 0.000290712 
0.805462 0.211181 -0.0909073 -0.0904871 0.00512015 0.000310284 
0.822106 0.211181 -0.0737813 -0.0780846 0.00371343 0.00028784 
0.837463 0.211181 -0.0594282 -0.0660295 0.00260468 0.000302359 
0.85282 0.211181 -0.0463797 -0.0535926 0.0016841 0.00028298 
0.866881 0.211181 -0.0360345 -0.0424076 0.00100829 0.000292529 
0.880943 0.211181 -0.0269536 -0.0316151 0.000487161 0.000278077 
0.893728 0.211181 -0.0201124 -0.0225105 0.000141126 0.000283445 
0.906513 0.211181 -0.0143158 -0.0142404 -9.36991e-05 0.00027406 
0.918063 0.211181 -0.0101642 -0.00772198 -0.000220155 0.00027632 
0.929613 0.211181 -0.00678533 -0.00222959 -0.000277148 0.000271142 
0.939988 0.211181 -0.0044983 0.0016791 -0.000279478 0.000271356 
0.950362 0.211181 -0.00273338 0.00452546 -0.00024671 0.000269171 
0.959633 0.211181 -0.00162413 0.00607265 -0.000197069 0.000268233 
0.968903 0.211181 -0.000836978 0.00660829 -0.000137746 0.000267886 
0.977148 0.211181 -0.000398668 0.00617063 -8.46303e-05 0.000266462 
0.985394 0.211181 -0.000136938 0.00481757 -3.88849e-05 0.000267046 
0.992697 0.211181 -2.86546e-05 0.00281585 -1.06648e-05 0.000265572 
1 0.211181 0 0 0 0.000266521 

0 0.22907 0 0 0 0.000381416 
0.00730325 0.22907 -0.000320502 0.0063467 2.33695e-05 0.000374514 
0.0146065 0.22907 -0.00121546 0.0124021 9.20094e-05 0.000377762 
0.0228517 0.22907 -0.00286036 0.0188894 0.000221283 0.000370698 
0.031097 0.22907 -0.00507199 0.0249681 0.000402358 0.00037486 
0.0403673 0.22907 -0.00817103 0.0313434 0.000663728 0.000367483 
0.0496377 0.22907 -0.011802 0.0372301 0.000981929 0.000372418 
0.0600123 0.22907 -0.0164251 0.0433181 0.00140015 0.00036471 
0.0703869 0.22907 -0.021529 0.0489167 0.00187898 0.000370113 
0.0819372 0.22907 -0.0277138 0.0546963 0.0024777 0.000361929 
0.0934875 0.22907 -0.0343315 0.0600663 0.00314081 0.000367502 
0.106272 0.22907 -0.0421294 0.0656668 0.00394482 0.000358429 
0.119057 0.22907 -0.0503337 0.0709708 0.00481853 0.000363979 
0.133119 0.22907 -0.0598417 0.0765595 0.00585599 0.000353295 
0.14718 0.22907 -0.06975 0.0819085 0.00697035 0.000358688 
0.162537 0.22907 -0.0810852 0.0874923 0.00827143 0.000345462 
0.177894 0.22907 -0.0928047 0.0927468 0.00965574 0.00035045 
0.194538 0.22907 -0.106005 0.0979847 0.0112437 0.000333757 
0.211181 0.22907 -0.119515 0.10262 0.0129139 0.000337815 
0.22907 0.22907 -0.134407 0.106759 0.014788 0.000317008 
0.246958 0.22907 -0.149434 0.109878 0.0167271 0.000319375 
0.266013 0.22907 -0.16554 0.11186 0.018842 0.000294367 
0.285068 0.22907 -0.181496 0.112356 0.0209805 0.000294378 
0.305174 0.22907 -0.198027 0.111064 0.0232296 0.000265904 
0.32528 0.22907 -0.214036 0.107893 0.0254338 0.000263468 
0.346282 0.22907 -0.229973 0.102443 0.0276461 0.000233266 
0.367284 0.22907 -0.24497 0.0949 0.029722 0.00022924 
0.388994 0.22907 -0.259186 0.0848877 0.0316772 0.000200003 
0.410703 0.22907 -0.272048 0.0728075 0.0333926 0.000196222 
0.432902 0.22907 -0.283459 0.0584493 0.0348526 0.000171181 
0.455101 0.22907 -0.293143 0.0422953 0.035974 0.000170007 
0.477551 0.22907 -0.300817 0.0244427 0.0367253 0.000152178 
0.5 0.22907 -0.306449 0.00528803 0.0370611 0.00015561 
0.522449 0.22907 -0.309636 -0.0146427 0.0369568 0.000147015 
0.544899 0.22907 -0.310494 -0.0351893 0.0363982 0.000155608 
0.567098 0.22907 -0.308561 -0.0553113 0.0353926 0.000156866 
0.589297 0.22907 -0.304027 -0.0751659 0.0339432 0.000168923 
0.611006 0.22907 -0.296459 -0.0932133 0.0321123 0.000179357 
0.632716 0.22907 -0.286106 -0.109908 0.0299044 0.000190934 
0.653718 0.22907 -0.272758 -0.123455 0.0274488 0.000208989 
0.67472 0.22907 -0.256723 -0.134477 0.0247353 0.000215111 
0.694826 0.22907 -0.238281 -0.141466 0.0219552 0.000238726 
0.714932 0.22907 -0.217718 -0.145 0.0190695 0.000235639 
0.733987 0.22907 -0.19601 -0.144511 0.0163054 0.000262363 
0.753042 0.22907 -0.17318 -0.140302 0.0135863 0.000249621 
0.77093 0.22907 -0.150869 -0.133059 0.0111372 0.000276646 
0.788819 0.22907 -0.128564 -0.122691 0.00884581 0.000257382 
0.805462 0.22907 -0.108273 -0.110862 0.0069004 0.000281885 
0.822106 0.22907 -0.0888692 -0.0971011 0.00516796 0.000260909 
0.837463 0.22907 -0.0723285 -0.0834483 0.00378158 0.000280751 
0.85282 0.22907 -0.0571191 -0.0691324 0.00260992 0.000262111 
0.866881 0.22907 -0.044877 -0.0560748 0.00173062 0.000276344 
0.880943 0.22907 -0.0340142 -0.0433182 0.00103276 0.000262108 
0.893728 0.22907 -0.0257078 -0.0324204 0.000549986 0.000270953 
0.906513 0.22907 -0.0185876 -0.0223922 0.000200919 0.000261406 
0.918063 0.22907 -0.0134028 -0.0143603 -9.95982e-06 0.000265848 
0.929613 0.22907 -0.00912318 -0.00745247 -0.000134603 0.000260269 
0.939988 0.22907 -0.00616666 -0.00238025 -0.00018441 0.000261591 
0.950362 0.22907 -0.00384172 0.00151181 -0.000187742 0.000258924 
0.959633 0.22907 -0.00234074 0.00388153 -0.00016176 0.000258365 
0.968903 0.22907 -0.00124618 0.00512534 -0.000119039 0.000257613 
0.977148 0.22907 -0.000614329 0.00521543 -7.56292e-05 0.000256164 
0.985394 0.22907 -0.000220228 0.00429101 -3.56629e-05 0.000256551 
0.992697 0.22907 -5.08733e-05 0.00257895 -9.98727e-06 0.000254876 
1 0.22907 0 0 0 0.000255894 

0 0.246958 0 0 0 0.000372362 
0.00730325 0.246958 -0.000340707 0.0079036 2.92891e-05 0.000364801 
0.0146065 0.246958 -0.00131021 0.0153728 0.000114746 0.000368138 
0.0228517 0.246958 -0.00310016 0.0232638 0.000274677 0.00036007 
0.031097 0.246958 -0.00550506 0.0305612 0.000497235 0.000364223 
0.0403673 0.246958 -0.00886889 0.0381118 0.000816355 0.000355642 
0.0496377 0.246958 -0.0128018 0.0449967 0.0012024 0.000360481 
0.0600123 0.246958 -0.0177941 0.0520266 0.0017066 0.000351495 
0.0703869 0.246958 -0.0232911 0.0584206 0.00228044 0.000356694 
0.0819372 0.246958 -0.0299281 0.064951 0.00299385 0.000347209 
0.0934875 0.246958 -0.0370095 0.07097 0.00377974 0.000352416 
0.106272 0.246958 -0.045321 0.0772014 0.0047278 0.000341994 
0.119057 0.246958 -0.0540396 0.0830761 0.00575326 0.000346942 
0.133119 0.246958 -0.0641024 0.089238 0.00696564 0.000334795 
0.14718 0.246958 -0.0745565 0.0951186 0.00826268 0.000339273 
0.162537 0.246958 -0.0864656 0.101229 0.00977142 0.000324402 
0.177894 0.246958 -0.0987395 0.106956 0.0113711 0.000328091 
0.194538 0.246958 -0.112505 0.112622 0.0131999 0.000309535 
0.211181 0.246958 -0.126548 0.117595 0.0151173 0.000311851 
0.22907 0.246958 -0.141964 0.121966 0.0172623 0.000288954 
0.246958 0.246958 -0.157473 0.125189 0.0194751 0.000289102 
0.266013 0.246958 -0.174034 0.127116 0.0218822 0.00026178 
0.285068 0.246958 -0.1904 0.127403 0.0243102 0.000259104 
0.305174 0.246958 -0.207304 0.125706 0.0268586 0.000228133 
0.32528 0.246958 -0.223643 0.121973 0.0293523 0.000222644 
0.346282 0.246958 -0.239873 0.115749 0.031853 0.00018989 
0.367284 0.246958 -0.255131 0.107291 0.0341994 0.000182689 
0.388994 0.246958 -0.269593 0.0961608 0.036412 0.000151075 
0.410703 0.246958 -0.282696 0.0828491 0.0383593 0.000144412 
0.432902 0.246958 -0.294389 0.0670834 0.0400272 0.000117431 
0.455101 0.246958 -0.304407 0.0494408 0.0413243 0.000114265 
0.477551 0.246958 -0.312549 0.029949 0.0422183 9.51684e-05 
0.5 0.246958 -0.318771 0.0090853 0.0426595 9.82697e-05 
0.522449 0.246958 -0.322779 -0.0127031 0.0426208 8.93238e-05 
0.544899 0.246958 -0.32463 -0.0352063 0.0420852 0.000100141 
0.567098 0.246958 -0.32395 -0.0574499 0.0410574 0.000102287 
0.589297 0.246958 -0.320817 -0.0795805 0.0395374 0.0001199 
0.611006 0.246958 -0.314813 -0.100048 0.0375867 0.000132772 
0.632716 0.246958 -0.306037 -0.119342 0.0352045 0.000153349 
0.653718 0.246958 -0.29418 -0.135493 0.0325253 0.000175405 
0.67472 0.246958 -0.279422 -0.149213 0.0295324 0.000192763 
0.694826 0.246958 -0.261853 -0.158625 0.0264324 0.000221404 
0.714932 0.246958 -0.24173 -0.164451 0.0231787 0.000229189 
0.733987 0.246958 -0.219842 -0.16567 0.0200266 0.000260983 
0.753042 0.246958 -0.196318 -0.162755 0.01689 0.000255834 
0.77093 0.246958 -0.172727 -0.156086 0.0140315 0.000286999 
0.788819 0.246958 -0.148727 -0.145698 0.011325 0.000270467 
0.805462 0.246958 -0.12642 -0.133238 0.00899838 0.000297635 
0.822106 0.246958 -0.104789 -0.118285 0.00689965 0.000275039 
0.837463 0.246958 -0.0860259 -0.103098 0.00519641 0.000296101 
0.85282 0.246958 -0.0685782 -0.086881 0.00373432 0.00027336 
0.866881 0.246958 -0.0543352 -0.0718618 0.00261665 0.000287823 
0.880943 0.246958 -0.0415754 -0.0569937 0.00170928 0.00026896 
0.893728 0.246958 -0.031699 -0.0441284 0.00106248 0.000277595 
0.906513 0.246958 -0.0231567 -0.0321379 0.000574757 0.00026415 
0.918063 0.246958 -0.0168625 -0.0223899 0.000260144 0.000268332 
0.929613 0.246958 -0.011617 -0.0138531 5.12724e-05 0.000260037 
0.939988 0.246958 -0.00794535 -0.00742074 -5.85155e-05 0.000261214 
0.950362 0.246958 -0.00502443 -0.00228548 -0.000108208 0.000256924 
0.959633 0.246958 -0.00310736 0.0010811 -0.000113189 0.000256335 
0.968903 0.246958 -0.00168759 0.00320303 -9.2685e-05 0.000254708 
0.977148 0.246958 -0.000848423 0.00396657 -6.26099e-05 0.000253286 
0.985394 0.246958 -0.000313252 0.00360567 -3.08561e-05 0.000253152 
0.992697 0.246958 -7.22309e-05 0.0023013 -8.8685e-06 0.000251531 
1 0.246958 0 0 0 0.000252047 

0 0.266013 0 0 0 0.000375278 
0.00730325 0.266013 -0.000379516 0.00976638 3.6109e-05 0.000366892 
0.0146065 0.266013 -0.00143623 0.0188675 0.000141103 0.000370933 
0.0228517 0.266013 -0.00336704 0.0283718 0.000336436 0.000362465 
0.031097 0.266013 -0.00595328 0.0370641 0.000606783 0.000367531 
0.0403673 0.266013 -0.00955692 0.0459502 0.000992264 0.000358799 
0.0496377 0.266013 -0.0137612 0.0539626 0.00145607 0.000364628 
0.0600123 0.266013 -0.0190817 0.0620462 0.00205856 0.000355585 
0.0703869 0.266013 -0.0249277 0.0693214 0.00274071 0.000361694 
0.0819372 0.266013 -0.0319643 0.0766729 0.00358447 0.000352127 
0.0934875 0.266013 -0.0394541 0.0833927 0.00450948 0.000358021 
0.106272 0.266013 -0.0482151 0.0902957 0.00562025 0.000347391 
0.119057 0.266013 -0.0573807 0.0967695 0.00681653 0.000352678 
0.133119 0.266013 -0.067919 0.103524 0.00822514 0.000340087 
0.14718 0.266013 -0.0788344 0.109947 0.00972641 0.000344417 
0.162537 0.266013 -0.0912171 0.116586 0.0114664 0.000328725 
0.177894 0.266013 -0.103938 0.122777 0.013305 0.00033159 
0.194538 0.266013 -0.118141 0.12885 0.0154001 0.00031166 
0.211181 0.266013 -0.132583 0.134129 0.0175897 0.000312259 
0.22907 0.266013 -0.148366 0.13869 0.0200318 0.000287267 
0.246958 0.266013 -0.164192 0.141962 0.022544 0.00028463 
0.266013 0.266013 -0.181018 0.143765 0.0252692 0.000254407 
0.285068 0.266013 -0.197591 0.143766 0.0280116 0.000247832 
0.305174 0.266013 -0.214635 0.141574 0.0308839 0.000213221 
0.32528 0.266013 -0.231055 0.137182 0.03369 0.000202851 
0.346282 0.266013 -0.247295 0.130081 0.0365009 0.000165965 
0.367284 0.266013 -0.262513 0.120605 0.0391377 0.000153247 
0.388994 0.266013 -0.276891 0.108263 0.0416263 0.000117384 
0.410703 0.266013 -0.289899 0.0936451 0.0438223 0.000105142 
0.432902 0.266013 -0.301532 0.0764277 0.0457138 7.41686e-05 
0.455101 0.266013 -0.311555 0.0572897 0.0472016 6.60852e-05 
0.477551 0.266013 -0.319864 0.0361958 0.0482536 4.34352e-05 
0.5 0.266013 -0.326415 0.0137035 0.0488163 4.29719e-05 
0.522449 0.266013 -0.331048 -0.00983205 0.0488609 3.07943e-05 
0.544899 0.266013 -0.333765 -0.0341538 0.0483684 3.98919e-05 
0.567098 0.266013 -0.334324 -0.0584006 0.0473406 3.87924e-05 
0.589297 0.266013 -0.332686 -0.0827042 0.0457738 5.6793e-05 
0.611006 0.266013 -0.328498 -0.105588 0.0437273 6.61502e-05 
0.632716 0.266013 -0.321694 -0.127557 0.0411939 8.92922e-05 
0.653718 0.266013 -0.311902 -0.146559 0.0383105 0.000107775 
0.67472 0.266013 -0.299133 -0.163367 0.035051 0.000129684 
0.694826 0.266013 -0.283275 -0.175761 0.0316348 0.000155572 
0.714932 0.266013 -0.26449 -0.18459 0.0280054 0.000169223 
0.733987 0.266013 -0.243312 -0.188289 0.0244452 0.000200326 
0.753042 0.266013 -0.219926 -0.18751 0.0208573 0.000201186 
0.77093 0.266013 -0.195727 -0.182147 0.0175447 0.00023456 
0.788819 0.266013 -0.170564 -0.172405 0.0143673 0.000222989 
0.805462 0.266013 -0.146544 -0.159768 0.0115993 0.000255043 
0.822106 0.266013 -0.122843 -0.143912 0.00906849 0.000235793 
0.837463 0.266013 -0.101834 -0.127271 0.00698512 0.000263172 
0.85282 0.266013 -0.0820242 -0.109059 0.00516938 0.000242299 
0.866881 0.266013 -0.0655708 -0.0918527 0.00375754 0.000262969 
0.880943 0.266013 -0.0506622 -0.0745316 0.00258841 0.000244909 
0.893728 0.266013 -0.038958 -0.0593125 0.00173435 0.000258541 
0.906513 0.266013 -0.0287333 -0.044922 0.00106951 0.000245206 
0.918063 0.266013 -0.0211046 -0.0330385 0.00062096 0.000252767 
0.929613 0.266013 -0.014685 -0.0224449 0.000302162 0.000244174 
0.939988 0.266013 -0.0101362 -0.0142738 0.000113206 0.000247242 
0.950362 0.266013 -0.00647873 -0.00752977 1.58121e-06 0.00024248 
0.959633 0.266013 -0.00404695 -0.00285738 -4.53146e-05 0.000242687 
0.968903 0.266013 -0.00222283 0.000431418 -5.53285e-05 0.00024062 
0.977148 0.266013 -0.00113 0.00210446 -4.38857e-05 0.000239329 
0.985394 0.266013 -0.000421428 0.00252607 -2.38153e-05 0.000238955 
0.992697 0.266013 -0.000101018 0.00179731 -7.28271e-06 0.000237139 
1 0.266013 0 0 0 0.000237719 

0 0.285068 0 0 0 0.000361036 
0.00730325 0.285068 -0.000386826 0.0117054 4.34082e-05 0.000352414 
0.0146065 0.285068 -0.00148548 0.0225395 0.000169139 0.000356288 
0.0228517 0.285068 -0.00351104 0.0337517 0.000402111 0.000347065 
0.031097 0.285068 -0.00622597 0.0439134 0.000723207 0.00035185 
0.0403673 0.285068 -0.0100107 0.0542003 0.00117906 0.000342053 
0.0496377 0.285068 -0.0144224 0.0633872 0.00172518 0.000347514 
0.0600123 0.285068 -0.0199983 0.0725607 0.00243152 0.000337257 
0.0703869 0.285068 -0.0261157 0.0807389 0.00322788 0.000342898 
0.0819372 0.285068 -0.0334631 0.088923 0.00420876 0.000332029 
0.0934875 0.285068 -0.0412685 0.0963445 0.00527978 0.000337286 
0.106272 0.285068 -0.0503729 0.103911 0.00656084 0.000325246 
0.119057 0.285068 -0.0598748 0.110968 0.00793537 0.00032962 
0.133119 0.285068 -0.0707628 0.118292 0.00954812 0.000315444 
0.14718 0.285068 -0.082009 0.125228 0.0112611 0.000318468 
0.162537 0.285068 -0.0947169 0.132358 0.0132401 0.000300948 
0.177894 0.285068 -0.107731 0.13897 0.0153245 0.000302009 
0.194538 0.285068 -0.122198 0.1454 0.0176927 0.000279968 
0.211181 0.285068 -0.136859 0.150932 0.0201603 0.000278177 
0.22907 0.285068 -0.152805 0.155622 0.0229047 0.000250777 
0.246958 0.285068 -0.168736 0.158883 0.0257201 0.00024511 
0.266013 0.285068 -0.185588 0.160498 0.0287664 0.000212211 
0.285068 0.285068 -0.202117 0.16015 0.0318246 0.000201976 
0.305174 0.285068 -0.219019 0.157398 0.0350209 0.000164543 
0.32528 0.285068 -0.235222 0.152287 0.038138 0.000150008 
0.346282 0.285068 -0.25114 0.144255 0.0412562 0.000110381 
0.367284 0.285068 -0.265978 0.13372 0.0441794 9.32701e-05 
0.388994 0.285068 -0.279908 0.120148 0.0469389 5.50037e-05 
0.410703 0.285068 -0.292458 0.104232 0.0493784 3.85534e-05 
0.432902 0.285068 -0.303664 0.0856125 0.0514886 5.66492e-06 
0.455101 0.285068 -0.313341 0.0650663 0.0531642 -5.91425e-06 
0.477551 0.285068 -0.321486 0.0425081 0.054374 -2.99624e-05 
0.5 0.285068 -0.328069 0.0185665 0.055062 -3.25306e-05 
0.522449 0.285068 -0.333076 -0.00649296 0.0551991 -4.5523e-05 
0.544899 0.285068 -0.336468 -0.0323762 0.0547648 -3.62074e-05 
0.567098 0.285068 -0.338161 -0.0583542 0.0537589 -3.72385e-05 
0.589297 0.285068 -0.338009 -0.0845473 0.0521745 -1.55055e-05 
0.611006 0.285068 -0.335765 -0.109606 0.0500674 -4.65765e-06 
0.632716 0.285068 -0.331197 -0.134044 0.0474236 2.67909e-05 
0.653718 0.285068 -0.323904 -0.155812 0.0443787 4.86516e-05 
0.67472 0.285068 -0.313703 -0.17572 0.0408963 8.34186e-05 
0.694826 0.285068 -0.300278 -0.191289 0.0372033 0.000114466 
0.714932 0.285068 -0.283651 -0.203458 0.0332313 0.000143438 
0.733987 0.285068 -0.264035 -0.210116 0.0292849 0.000180584 
0.753042 0.285068 -0.241638 -0.21208 0.0252557 0.000195304 
0.77093 0.285068 -0.217579 -0.208646 0.0214854 0.00023431 
0.788819 0.285068 -0.191909 -0.200206 0.0178204 0.000231404 
0.805462 0.285068 -0.166652 -0.187934 0.0145837 0.000267657 
0.822106 0.285068 -0.141237 -0.171638 0.0115841 0.000250586 
0.837463 0.285068 -0.118169 -0.153842 0.00908016 0.000280369 
0.85282 0.285068 -0.0960917 -0.133806 0.00686644 0.000256686 
0.866881 0.285068 -0.0774248 -0.114446 0.00511847 0.000278253 
0.880943 0.285068 -0.0603174 -0.094595 0.00364621 0.000255112 
0.893728 0.285068 -0.0467057 -0.0768676 0.00254923 0.000268763 
0.906513 0.285068 -0.034707 -0.0598555 0.00167449 0.000250348 
0.918063 0.285068 -0.0256599 -0.0455922 0.0010656 0.000257631 
0.929613 0.285068 -0.0179869 -0.0326678 0.000613915 0.000245127 
0.939988 0.285068 -0.0124997 -0.0224956 0.000328325 0.000247951 
0.950362 0.285068 -0.00805372 -0.013873 0.000140355 0.000240673 
0.959633 0.285068 -0.00506962 -0.00765338 4.12543e-05 0.00024077 
0.968903 0.285068 -0.00281172 -0.00296012 -7.1943e-06 0.00023728 
0.977148 0.285068 -0.00144277 -0.000173721 -1.95015e-05 0.00023599 
0.985394 0.285068 -0.000545487 0.00122102 -1.45399e-05 0.000234796 
0.992697 0.285068 -0.000129682 0.00123148 -5.07235e-06 0.00023306 
1 0.285068 0 0 0 0.000232935 

0 0.305174 0 0 0 0.000359907 
0.00730325 0.305174 -0.000414481 0.0138755 5.1434e-05 0.000350633 
0.0146065 0.305174 -0.00156746 0.0266195 0.00020007 0.000355144 
0.0228517 0.305174 -0.00366965 0.0397095 0.000474503 0.000345822 
0.031097 0.305174 -0.00648174 0.0514862 0.00085145 0.00035142 
0.0403673 0.305174 -0.0103932 0.0633081 0.00138467 0.000341794 
0.0496377 0.305174 -0.014949 0.0737791 0.00202122 0.000348115 
0.0600123 0.305174 -0.0207006 0.0841373 0.00284152 0.000338053 
0.0703869 0.305174 -0.0270053 0.0932905 0.00376303 0.000344435 
0.0819372 0.305174 -0.0345669 0.102364 0.00489393 0.000333617 
0.0934875 0.305174 -0.0425889 0.110525 0.00612437 0.000339334 
0.106272 0.305174 -0.0519249 0.118779 0.00759095 0.000327088 
0.119057 0.305174 -0.0616488 0.12643 0.0091592 0.00033148 
0.133119 0.305174 -0.0727555 0.13432 0.0109931 0.000316735 
0.14718 0.305174 -0.0841963 0.141754 0.0129348 0.000319147 
0.162537 0.305174 -0.0970721 0.149347 0.0151709 0.000300554 
0.177894 0.305174 -0.110214 0.156342 0.0175191 0.000300146 
0.194538 0.305174 -0.124756 0.163076 0.0201788 0.000276346 
0.211181 0.305174 -0.139436 0.168794 0.0229422 0.000271984 
0.22907 0.305174 -0.155318 0.173531 0.0260066 0.000241985 
0.246958 0.305174 -0.171114 0.176685 0.0291416 0.000232466 
0.266013 0.305174 -0.187718 0.177998 0.0325246 0.000196101 
0.285068 0.305174 -0.203917 0.177175 0.0359122 0.000180709 
0.305174 0.305174 -0.22035 0.173721 0.0394444 0.000139123 
0.32528 0.305174 -0.235998 0.167745 0.0428817 0.000118349 
0.346282 0.305174 -0.251225 0.158638 0.0463142 7.4303e-05 
0.367284 0.305174 -0.265307 0.146911 0.0495278 5.03958e-05 
0.388994 0.305174 -0.278397 0.132008 0.0525603 7.99771e-06 
0.410703 0.305174 -0.290108 0.114728 0.0552434 -1.50205e-05 
0.432902 0.305174 -0.300509 0.0947046 0.057572 -5.12945e-05 
0.455101 0.305174 -0.309483 0.0728039 0.0594352 -6.84004e-05 
0.477551 0.305174 -0.317122 0.0489163 0.0608043 -9.49767e-05 
0.5 0.305174 -0.323418 0.023722 0.0616223 -0.000101467 
0.522449 0.305174 -0.328501 -0.00259029 0.0618611 -0.000116468 
0.544899 0.305174 -0.332302 -0.0297091 0.0615 -0.000109246 
0.567098 0.305174 -0.334899 -0.0570537 0.0605373 -0.000112445 
0.589297 0.305174 -0.336062 -0.0847441 0.0589636 -9.09436e-05 
0.611006 0.305174 -0.335687 -0.111627 0.0568306 -8.3153e-05 
0.632716 0.305174 -0.333401 -0.138215 0.0541171 -4.99681e-05 
0.653718 0.305174 -0.328844 -0.162599 0.0509544 -3.23642e-05 
0.67472 0.305174 -0.321642 -0.18559 0.0472942 6.38277e-06 
0.694826 0.305174 -0.311335 -0.204595 0.0433651 3.26055e-05 
0.714932 0.305174 -0.297756 -0.220591 0.0390841 6.79246e-05 
0.733987 0.305174 -0.280785 -0.230964 0.034773 0.000101335 
0.753042 0.305174 -0.260559 -0.236646 0.0303092 0.000124076 
0.77093 0.305174 -0.237814 -0.236192 0.026071 0.00016232 
0.788819 0.305174 -0.212746 -0.230184 0.0218909 0.000167444 
0.805462 0.305174 -0.187142 -0.219237 0.0181441 0.00020678 
0.822106 0.305174 -0.160728 -0.203337 0.014621 0.000196058 
0.837463 0.305174 -0.136025 -0.184935 0.0116363 0.000231991 
0.85282 0.305174 -0.111929 -0.163386 0.00895852 0.000212314 
0.866881 0.305174 -0.0910789 -0.141927 0.00681158 0.000241209 
0.880943 0.305174 -0.0716885 -0.119386 0.00497401 0.000220077 
0.893728 0.305174 -0.0559876 -0.0988446 0.0035803 0.000240395 
0.906513 0.305174 -0.0419854 -0.0787797 0.00244612 0.000222647 
0.918063 0.305174 -0.0312825 -0.0616685 0.00163693 0.000234902 
0.929613 0.305174 -0.0221152 -0.0458986 0.00101756 0.000222279 
0.939988 0.305174 -0.0154838 -0.0332441 0.000608889 0.000228194 
0.950362 0.305174 -0.01006 -0.0222614 0.00032278 0.000220412 
0.959633 0.305174 -0.00638079 -0.0140753 0.000155939 0.000222057 
0.968903 0.305174 -0.00356859 -0.00757816 5.71267e-05 0.000217974 
0.977148 0.305174 -0.00184608 -0.00334451 1.3362e-05 0.000217209 
0.985394 0.305174 -0.000703315 -0.00066345 -1.9099e-06 0.000215562 
0.992697 0.305174 -0.000171905 0.000335891 -2.14922e-06 0.000213806 
1 0.305174 0 0 0 0.000213526 

0 0.32528 0 0 0 0.000339712 
0.00730325 0.32528 -0.000403017 0.0160809 5.96321e-05 0.00033079 
0.0146065 0.32528 -0.00154803 0.0307756 0.000231638 0.000334804 
0.0228517 0.32528 -0.00366416 0.0457869 0.000548432 0.000325156 
0.031097 0.32528 -0.00650163 0.0592146 0.000982472 0.000330125 
0.0403673 0.32528 -0.0104609 0.0726057 0.00159481 0.000319731 
0.0496377 0.32528 -0.0150755 0.0843869 0.00232384 0.000325341 
0.0600123 0.32528 -0.0209068 0.0959506 0.00326065 0.000314246 
0.0703869 0.32528 -0.0272978 0.10609 0.00431005 0.00031984 
0.0819372 0.32528 -0.0349598 0.116055 0.00559415 0.000307798 
0.0934875 0.32528 -0.0430805 0.12495 0.00698717 0.000312574 
0.106272 0.32528 -0.0525157 0.133873 0.00864261 0.000298911 
0.119057 0.32528 -0.062325 0.142091 0.0104076 0.000302076 
0.133119 0.32528 -0.0734972 0.15051 0.0124656 0.000285681 
0.14718 0.32528 -0.0849754 0.158397 0.0146383 0.000286428 
0.162537 0.32528 -0.0978426 0.166397 0.0171333 0.000265907 
0.177894 0.32528 -0.110932 0.173714 0.0197458 0.000263262 
0.194538 0.32528 -0.125345 0.180679 0.0226967 0.000237235 
0.211181 0.32528 -0.139836 0.18651 0.0257539 0.000229968 
0.22907 0.32528 -0.155422 0.191208 0.0291349 0.000197467 
0.246958 0.32528 -0.170845 0.194171 0.0325843 0.000184336 
0.266013 0.32528 -0.186938 0.195089 0.0362964 0.000145296 
0.285068 0.32528 -0.202536 0.193699 0.040004 0.000125645 
0.305174 0.32528 -0.218209 0.189453 0.0438598 8.14368e-05 
0.32528 0.32528 -0.233007 0.182526 0.0476031 5.59507e-05 
0.346282 0.32528 -0.247233 0.172274 0.0513329 9.61715e-06 
0.367284 0.32528 -0.260254 0.159307 0.0548187 -1.9136e-05 
0.388994 0.32528 -0.2722 0.143062 0.0581042 -6.33051e-05 
0.410703 0.32528 -0.282777 0.124443 0.0610112 -9.09515e-05 
0.432902 0.32528 -0.292085 0.103092 0.063539 -0.000128537 
0.455101 0.32528 -0.300078 0.0799559 0.065573 -0.000149749 
0.477551 0.32528 -0.306933 0.0549168 0.0670882 -0.000177412 
0.5 0.32528 -0.312668 0.0286894 0.0680282 -0.000187171 
0.522449 0.32528 -0.317542 0.00140167 0.0683669 -0.000203202 
0.544899 0.32528 -0.321469 -0.0266343 0.0680849 -0.000197854 
0.567098 0.32528 -0.324689 -0.0549772 0.0671801 -0.000201876 
0.589297 0.32528 -0.326916 -0.0837585 0.0656418 -0.000179753 
0.611006 0.32528 -0.328213 -0.112037 0.0635177 -0.000172003 
0.632716 0.32528 -0.328098 -0.140334 0.0607802 -0.000134027 
0.653718 0.32528 -0.326312 -0.166948 0.0575542 -0.000114844 
0.67472 0.32528 -0.322304 -0.192688 0.0537791 -6.55609e-05 
0.694826 0.32528 -0.315526 -0.214979 0.0496799 -3.55645e-05 
0.714932 0.32528 -0.305596 -0.234801 0.0451577 1.59551e-05 
0.733987 0.32528 -0.292064 -0.249157 0.0405429 5.50264e-05 
0.753042 0.32528 -0.274931 -0.259046 0.0356968 9.65262e-05 
0.77093 0.32528 -0.254474 -0.262257 0.0310276 0.000141075 
0.788819 0.32528 -0.230984 -0.259538 0.0263532 0.0001622 
0.805462 0.32528 -0.205886 -0.250767 0.0220991 0.000207038 
0.822106 0.32528 -0.179226 -0.236131 0.0180389 0.00020526 
0.837463 0.32528 -0.153427 -0.217813 0.0145471 0.000244999 
0.85282 0.32528 -0.127725 -0.195307 0.0113681 0.000226572 
0.866881 0.32528 -0.104919 -0.172087 0.00878118 0.000257454 
0.880943 0.32528 -0.0833788 -0.147019 0.00653355 0.00023244 
0.893728 0.32528 -0.0656205 -0.123659 0.00480158 0.000253401 
0.906513 0.32528 -0.0496006 -0.100405 0.00336764 0.000229981 
0.918063 0.32528 -0.0371965 -0.0802254 0.00232426 0.000242214 
0.929613 0.32528 -0.026477 -0.0613172 0.00150677 0.000224449 
0.939988 0.32528 -0.018647 -0.0458713 0.000951269 0.000230195 
0.950362 0.32528 -0.012194 -0.0321903 0.000547006 0.000218732 
0.959633 0.32528 -0.00777994 -0.021722 0.000297878 0.000220298 
0.968903 0.32528 -0.00438092 -0.0130996 0.000137333 0.000213954 
0.977148 0.32528 -0.00228035 -0.0071358 5.46493e-05 0.000213247 
0.985394 0.32528 -0.000875331 -0.00289463 1.40849e-05 0.000210257 
0.992697 0.32528 -0.000212041 -0.000669245 1.71629e-06 0.000208675 
1 0.32528 0 0 0 0.000207353 

0 0.346282 0 0 0 0.00033275 
0.00730325 0.346282 -0.000412548 0.0183684 6.81897e-05 0.000323545 
0.0146065 0.346282 -0.00156183 0.0351031 0.000264574 0.000327996 
0.0228517 0.346282 -0.00366268 0.0521263 0.000625617 0.000318689 
0.031097 0.346282 -0.00647813 0.0672907 0.00111936 0.000324229 
0.0403673 0.346282 -0.0104065 0.0823367 0.00181453 0.000314433 
0.0496377 0.346282 -0.0149893 0.095503 0.00264047 0.000320648 
0.0600123 0.346282 -0.0207876 0.108341 0.0036995 0.000310081 
0.0703869 0.346282 -0.0271472 0.11952 0.00488311 0.000316158 
0.0819372 0.346282 -0.0347757 0.130419 0.00632795 0.000304364 
0.0934875 0.346282 -0.0428598 0.140069 0.00789147 0.000309318 
0.106272 0.346282 -0.0522433 0.14967 0.00974474 0.000295509 
0.119057 0.346282 -0.0619856 0.158447 0.0117155 0.000298343 
0.133119 0.346282 -0.073052 0.167368 0.0140072 0.000281317 
0.14718 0.346282 -0.084392 0.175669 0.01642 0.000280996 
0.162537 0.346282 -0.0970515 0.184018 0.0191832 0.000259239 
0.177894 0.346282 -0.109883 0.191585 0.0220685 0.000254525 
0.194538 0.346282 -0.123935 0.198693 0.0253184 0.000226497 
0.211181 0.346282 -0.137997 0.204534 0.0286761 0.000215914 
0.22907 0.346282 -0.153019 0.209074 0.0323788 0.000180533 
0.246958 0.346282 -0.167795 0.211711 0.0361456 0.000162693 
0.266013 0.346282 -0.183075 0.212083 0.0401878 0.000119956 
0.285068 0.346282 -0.197769 0.209965 0.0442134 9.42801e-05 
0.305174 0.346282 -0.212361 0.204761 0.048388 4.5884e-05 
0.32528 0.346282 -0.225995 0.196722 0.0524294 1.3474e-05 
0.346282 0.346282 -0.238912 0.185184 0.0564454 -3.69538e-05 
0.367284 0.346282 -0.250585 0.170862 0.0601899 -7.27622e-05 
0.388994 0.346282 -0.261123 0.153211 0.0637125 -0.000120279 
0.410703 0.346282 -0.270333 0.133232 0.0668268 -0.000154206 
0.432902 0.346282 -0.278345 0.110611 0.069537 -0.000193974 
0.455101 0.346282 -0.285174 0.0863449 0.0717268 -0.000220019 
0.477551 0.346282 -0.29107 0.0603403 0.0733758 -0.000248727 
0.5 0.346282 -0.296067 0.0333179 0.0744294 -0.000261682 
0.522449 0.346282 -0.300527 0.00537222 0.0748653 -0.00027809 
0.544899 0.346282 -0.304344 -0.0232078 0.0746665 -0.000274526 
0.567098 0.346282 -0.307894 -0.0520965 0.0738316 -0.000279059 
0.589297 0.346282 -0.310853 -0.0814538 0.07235 -0.000257654 
0.611006 0.346282 -0.313445 -0.110558 0.0702659 -0.000251558 
0.632716 0.346282 -0.315128 -0.139947 0.0675466 -0.00021335 
0.653718 0.346282 -0.315792 -0.168214 0.064309 -0.000197896 
0.67472 0.346282 -0.314768 -0.196161 0.0604809 -0.000147008 
0.694826 0.346282 -0.311534 -0.221419 0.0562785 -0.000122999 
0.714932 0.346282 -0.305516 -0.24494 0.0515856 -6.75144e-05 
0.733987 0.346282 -0.296036 -0.26355 0.0467328 -3.53798e-05 
0.753042 0.346282 -0.282901 -0.27824 0.0415627 1.32324e-05 
0.77093 0.346282 -0.265912 -0.286081 0.0365046 5.25462e-05 
0.788819 0.346282 -0.245332 -0.287914 0.0313603 8.31956e-05 
0.805462 0.346282 -0.222076 -0.282663 0.0266019 0.000126975 
0.822106 0.346282 -0.196439 -0.270706 0.021987 0.00013472 
0.837463 0.346282 -0.170557 -0.253652 0.0179537 0.000178187 
0.85282 0.346282 -0.144065 -0.231173 0.0142244 0.000166968 
0.866881 0.346282 -0.119792 -0.206815 0.0111422 0.000204825 
0.880943 0.346282 -0.0964007 -0.179542 0.00842317 0.000184006 
0.893728 0.346282 -0.0766512 -0.153389 0.0062952 0.000212724 
0.906513 0.346282 -0.0585617 -0.12673 0.00450485 0.000191091 
0.918063 0.346282 -0.0443047 -0.103116 0.00317924 0.000209919 
0.929613 0.346282 -0.0318347 -0.0805748 0.00212014 0.000192427 
0.939988 0.346282 -0.0226 -0.0618155 0.00138365 0.000202767 
0.950362 0.346282 -0.0149096 -0.0448733 0.000832299 0.000190771 
0.959633 0.346282 -0.00958728 -0.0316029 0.000479765 0.000194991 
0.968903 0.346282 -0.0054466 -0.0203395 0.000240911 0.000187785 
0.977148 0.346282 -0.00285953 -0.0121969 0.000108371 0.000188304 
0.985394 0.346282 -0.00110896 -0.00596342 3.50781e-05 0.000184447 
0.992697 0.346282 -0.000275337 -0.00214933 6.67219e-06 0.000183264 
1 0.346282 0 0 0 0.000181262 

0 0.367284 0 0 0 0.000306837 
0.00730325 0.367284 -0.000379096 0.0206296 7.64527e-05 0.00029864 
0.0146065 0.367284 -0.00145961 0.0393562 0.000296582 0.000302242 
0.0228517 0.367284 -0.00347187 0.0583575 0.000700775 0.000293167 
0.031097 0.367284 -0.00618123 0.0752375 0.00125289 0.000297699 
0.0403673 0.367284 -0.00998713 0.0919275 0.00202927 0.000287568 
0.0496377 0.367284 -0.0144395 0.106476 0.00295044 0.000292692 
0.0600123 0.367284 -0.0200951 0.120589 0.00412982 0.000281387 
0.0703869 0.367284 -0.0263086 0.132808 0.00544579 0.000286321 
0.0819372 0.367284 -0.0337764 0.144635 0.00704932 0.000273474 
0.0934875 0.367284 -0.0416932 0.15503 0.00878119 0.000277175 
0.106272 0.367284 -0.0508808 0.165284 0.0108297 0.000262035 
0.119057 0.367284 -0.0604095 0.174584 0.0130032 0.000263361 
0.133119 0.367284 -0.0712085 0.183958 0.0155247 0.000244745 
0.14718 0.367284 -0.082247 0.192613 0.018173 0.000242489 
0.162537 0.367284 -0.0945196 0.201239 0.0211982 0.000218888 
0.177894 0.367284 -0.106912 0.20898 0.024349 0.000211673 
0.194538 0.367284 -0.120408 0.216141 0.0278884 0.00018158 
0.211181 0.367284 -0.133846 0.221902 0.0315353 0.000167857 
0.22907 0.367284 -0.148094 0.226184 0.0355458 0.000130274 
0.246958 0.367284 -0.162017 0.228395 0.0396142 0.000108678 
0.266013 0.367284 -0.176273 0.22812 0.0439673 6.37892e-05 
0.285068 0.367284 -0.18986 0.225178 0.0482897 3.38994e-05 
0.305174 0.367284 -0.203175 0.21893 0.0527584 -1.63249e-05 
0.32528 0.367284 -0.21547 0.209709 0.0570715 -5.31142e-05 
0.346282 0.367284 -0.226921 0.196847 0.0613447 -0.000104806 
0.367284 0.367284 -0.237116 0.181158 0.065318 -0.000144819 
0.388994 0.367284 -0.246146 0.162135 0.0690473 -0.000193015 
0.410703 0.367284 -0.253911 0.140867 0.0723393 -0.000230747 
0.432902 0.367284 -0.260564 0.117088 0.0752041 -0.000270877 
0.455101 0.367284 -0.266174 0.091838 0.0775248 -0.000300329 
0.477551 0.367284 -0.271038 0.065052 0.0792864 -0.000329486 
0.5 0.367284 -0.275203 0.0374413 0.0804375 -0.000345594 
0.522449 0.367284 -0.279095 0.00908262 0.0809599 -0.000362841 
0.544899 0.367284 -0.2826 -0.0197706 0.0808403 -0.000362186 
0.567098 0.367284 -0.28619 -0.0488823 0.0800787 -0.000367958 
0.589297 0.367284 -0.289533 -0.0784487 0.0786662 -0.000348698 
0.611006 0.367284 -0.293001 -0.107941 0.0766442 -0.000343865 
0.632716 0.367284 -0.296041 -0.13792 0.0739772 -0.00030559 
0.653718 0.367284 -0.298723 -0.167283 0.070774 -0.000290634 
0.67472 0.367284 -0.30032 -0.196837 0.0669529 -0.000235074 
0.694826 0.367284 -0.300417 -0.224516 0.0627182 -0.0002098 
0.714932 0.367284 -0.298275 -0.251249 0.0579375 -0.000142768 
0.733987 0.367284 -0.293079 -0.273873 0.0529331 -0.000107036 
0.753042 0.367284 -0.284403 -0.293344 0.0475281 -4.01455e-05 
0.77093 0.367284 -0.271594 -0.306162 0.0421613 4.55488e-06 
0.788819 0.367284 -0.254793 -0.313203 0.0366166 5.59835e-05 
0.805462 0.367284 -0.234331 -0.312373 0.0314034 0.000105493 
0.822106 0.367284 -0.210682 -0.304206 0.0262641 0.000129955 
0.837463 0.367284 -0.185561 -0.289484 0.021698 0.000178151 
0.85282 0.367284 -0.159029 -0.268081 0.0174083 0.00017517 
0.866881 0.367284 -0.133823 -0.243394 0.0138068 0.000216129 
0.880943 0.367284 -0.108996 -0.214527 0.0105813 0.000195373 
0.893728 0.367284 -0.0874959 -0.185928 0.00801862 0.000225644 
0.906513 0.367284 -0.0674929 -0.155998 0.00582991 0.000199355 
0.918063 0.367284 -0.0514475 -0.128894 0.00418392 0.000218723 
0.929613 0.367284 -0.037252 -0.102519 0.00284684 0.000195437 
0.939988 0.367284 -0.0266084 -0.0801615 0.00189966 0.000205903 
0.950362 0.367284 -0.0176657 -0.059597 0.00117527 0.000189063 
0.959633 0.367284 -0.011419 -0.0431547 0.000699887 0.00019338 
0.968903 0.367284 -0.00652212 -0.0288495 0.000367132 0.000182873 
0.977148 0.367284 -0.00343835 -0.0181576 0.000174267 0.000183598 
0.985394 0.367284 -0.00133709 -0.00955544 6.10071e-05 0.000177686 
0.992697 0.367284 -0.000328744 -0.00381825 1.30086e-05 0.000176832 
1 0.367284 0 0 0 0.000173372 

0 0.388994 0 0 0 0.000293023 
0.00730325 0.388994 -0.000366161 0.0227668 8.4566e-05 0.000285054 
0.0146065 0.388994 -0.0013913 0.0434499 0.000327821 0.000288794 
0.0228517 0.388994 -0.00328249 0.064409 0.000774331 0.000280571 
0.031097 0.388994 -0.00583294 0.083006 0.00138392 0.000285329 
0.0403673 0.388994 -0.00942704 0.101358 0.00224059 0.000276282 
0.0496377 0.388994 -0.0136458 0.117315 0.00325628 0.000281671 
0.0600123 0.388994 -0.019029 0.132738 0.00455552 0.000271306 
0.0703869 0.388994 -0.0249607 0.146029 0.00600369 0.000276414 
0.0819372 0.388994 -0.032113 0.15881 0.00776606 0.00026412 
0.0934875 0.388994 -0.0397069 0.169962 0.00966665 0.000267708 
0.106272 0.388994 -0.0485269 0.180866 0.0119108 0.000252613 
0.119057 0.388994 -0.0576705 0.190669 0.0142874 0.000253304 
0.133119 0.388994 -0.0680126 0.200455 0.0170386 0.000234162 
0.14718 0.388994 -0.0785593 0.209407 0.0199216 0.000230484 
0.162537 0.388994 -0.0902336 0.218232 0.023207 0.000205711 
0.177894 0.388994 -0.101975 0.226055 0.0266201 0.000196022 
0.194538 0.388994 -0.11468 0.233163 0.0304442 0.000164003 
0.211181 0.388994 -0.127259 0.238726 0.0343738 0.000146547 
0.22907 0.388994 -0.140486 0.24262 0.0386829 0.000106243 
0.246958 0.388994 -0.153314 0.244271 0.0430416 7.96116e-05 
0.266013 0.388994 -0.166304 0.243208 0.0476913 3.13595e-05 
0.285068 0.388994 -0.178561 0.239307 0.0522936 -4.61237e-06 
0.305174 0.388994 -0.190398 0.231893 0.0570363 -5.84072e-05 
0.32528 0.388994 -0.201187 0.221391 0.0615989 -0.000101686 
0.346282 0.388994 -0.211054 0.207142 0.0661046 -0.000156519 
0.367284 0.388994 -0.2197 0.190061 0.0702813 -0.000202526 
0.388994 0.388994 -0.227206 0.169695 0.0741909 -0.000252851 
0.410703 0.388994 -0.233551 0.147203 0.0776352 -0.000295283 
0.432902 0.388994 -0.23891 0.122385 0.0806304 -0.00033628 
0.455101 0.388994 -0.243381 0.0962947 0.0830605 -0.000368818 
0.477551 0.388994 -0.247293 0.0689088 0.0849165 -0.000397738 
0.5 0.388994 -0.250685 0.040908 0.0861508 -0.000415558 
0.522449 0.388994 -0.254015 0.0123719 0.0867498 -0.000431898 
0.544899 0.388994 -0.257156 -0.0164947 0.0867046 -0.000432159 
0.567098 0.388994 -0.260627 -0.0455042 0.0860174 -0.000436965 
0.589297 0.388994 -0.264102 -0.0748972 0.084682 -0.00041843 
0.611006 0.388994 -0.26805 -0.104284 0.0827383 -0.000413431 
0.632716 0.388994 -0.271943 -0.134263 0.08015 -0.000376076 
0.653718 0.388994 -0.276015 -0.164011 0.0770187 -0.000362946 
0.67472 0.388994 -0.279544 -0.194368 0.0732559 -0.000308398 
0.694826 0.388994 -0.282293 -0.223659 0.0690525 -0.000288109 
0.714932 0.388994 -0.283446 -0.25282 0.0642611 -0.000221192 
0.733987 0.388994 -0.28221 -0.278936 0.0591898 -0.00019365 
0.753042 0.388994 -0.277965 -0.302924 0.0536409 -0.000124069 
0.77093 0.388994 -0.269757 -0.320969 0.048051 -8.86302e-05 
0.788819 0.388994 -0.257518 -0.333906 0.0421841 -3.02173e-05 
0.805462 0.388994 -0.240984 -0.338642 0.036575 1.26397e-05 
0.822106 0.388994 -0.220644 -0.33578 0.0309506 4.73528e-05 
0.837463 0.388994 -0.19762 -0.324972 0.025866 9.42969e-05 
0.85282 0.388994 -0.172318 -0.306272 0.0210083 0.000101469 
0.866881 0.388994 -0.147177 -0.282579 0.0168616 0.000146596 
0.880943 0.388994 -0.121719 -0.253174 0.0130885 0.00013306 
0.893728 0.388994 -0.0989406 -0.22277 0.0100439 0.000170579 
0.906513 0.388994 -0.0773168 -0.189862 0.00740417 0.000148016 
0.918063 0.388994 -0.0595565 -0.159252 0.00538886 0.000174914 
0.929613 0.388994 -0.0436022 -0.128776 0.00372633 0.000152746 
0.939988 0.388994 -0.0314283 -0.102408 0.00252918 0.000169221 
0.950362 0.388994 -0.0210734 -0.0776854 0.00159702 0.000151968 
0.959633 0.388994 -0.0137388 -0.0575173 0.000972547 0.000160232 
0.968903 0.388994 -0.0079252 -0.0395783 0.000524669 0.000148561 
0.977148 0.388994 -0.00421796 -0.02579 0.000257106 0.000151473 
0.985394 0.388994 -0.00166209 -0.0142693 9.38576e-05 0.000144115 
0.992697 0.388994 -0.000418235 -0.0061219 2.08992e-05 0.000144331 
1 0.388994 0 0 0 0.000139364 

0 0.410703 0 0 0 0.000263043 
0.00730325 0.410703 -0.000312194 0.024809 9.18406e-05 0.000256654 
0.0146065 0.410703 -0.00120894 0.0472977 0.000356325 0.000259261 
0.0228517 0.410703 -0.00290569 0.0700885 0.000841727 0.000251841 
0.031097 0.410703 -0.00521284 0.0903115 0.00150445 0.000255263 
0.0403673 0.410703 -0.00850365 0.110258 0.00243579 0.00024638 
0.0496377 0.410703 -0.0123901 0.127585 0.0035399 0.000250321 
0.0600123 0.410703 -0.017392 0.144293 0.00495186 0.000239595 
0.0703869 0.410703 -0.0229285 0.158642 0.00652494 0.000243217 
0.0819372 0.410703 -0.0296415 0.172367 0.00843791 0.000230129 
0.0934875 0.410703 -0.0367867 0.184262 0.0104989 0.000232175 
0.106272 0.410703 -0.0451031 0.19579 0.0129293 0.000215948 
0.119057 0.410703 -0.0537261 0.20606 0.015499 0.00021492 
0.133119 0.410703 -0.0634662 0.216204 0.0184685 0.000194401 
0.14718 0.410703 -0.0733781 0.22539 0.0215739 0.000188666 
0.162537 0.410703 -0.0843031 0.234336 0.0251049 0.000162359 
0.177894 0.410703 -0.0952466 0.24216 0.0287646 0.000150152 
0.194538 0.410703 -0.10701 0.249123 0.0328547 0.000116538 
0.211181 0.410703 -0.11859 0.2544 0.0370466 9.60815e-05 
0.22907 0.410703 -0.130657 0.257815 0.0416309 5.42589e-05 
0.246958 0.410703 -0.142269 0.258824 0.0462547 2.42559e-05 
0.266013 0.410703 -0.153887 0.256902 0.0511722 -2.5231e-05 
0.285068 0.410703 -0.164736 0.251987 0.0560247 -6.46907e-05 
0.305174 0.410703 -0.17505 0.243379 0.061009 -0.000119212 
0.32528 0.410703 -0.184322 0.231593 0.0657883 -0.000165748 
0.346282 0.410703 -0.192639 0.215993 0.0704925 -0.000220701 
0.367284 0.410703 -0.199803 0.197588 0.0748396 -0.000269452 
0.388994 0.410703 -0.205894 0.175984 0.0788975 -0.000319445 
0.410703 0.410703 -0.210952 0.152397 0.0824649 -0.000364067 
0.432902 0.410703 -0.215167 0.126688 0.085564 -0.000404651 
0.455101 0.410703 -0.21865 0.0999164 0.0880806 -0.000439088 
0.477551 0.410703 -0.221741 0.0720928 0.0900115 -0.000467902 
0.5 0.410703 -0.224462 0.0438605 0.0913133 -0.00048777 
0.522449 0.410703 -0.22727 0.015306 0.0919773 -0.000504546 
0.544899 0.410703 -0.230026 -0.0134158 0.0919982 -0.000507402 
0.567098 0.410703 -0.233252 -0.0421438 0.0913815 -0.00051323 
0.589297 0.410703 -0.236642 -0.0711596 0.0901239 -0.000497925 
0.611006 0.410703 -0.240717 -0.10017 0.0882648 -0.000494408 
0.632716 0.410703 -0.245008 -0.129807 0.0857694 -0.000460289 
0.653718 0.410703 -0.249893 -0.15948 0.0827332 -0.000448712 
0.67472 0.410703 -0.254715 -0.190069 0.0790648 -0.000395548 
0.694826 0.410703 -0.259454 -0.220285 0.0749418 -0.000376098 
0.714932 0.410703 -0.26328 -0.251105 0.0702061 -0.000305576 
0.733987 0.410703 -0.265538 -0.279986 0.0651471 -0.000277156 
0.753042 0.410703 -0.265436 -0.307838 0.0595486 -0.000196088 
0.77093 0.410703 -0.261837 -0.330776 0.0538345 -0.000157588 
0.788819 0.410703 -0.254415 -0.349584 0.0477475 -8.0232e-05 
0.805462 0.410703 -0.242348 -0.360321 0.0418336 -3.28702e-05 
0.822106 0.410703 -0.226031 -0.363597 0.0358027 2.28223e-05 
0.837463 0.410703 -0.205918 -0.357799 0.030255 7.43073e-05 
0.85282 0.410703 -0.182685 -0.34312 0.0248638 9.71433e-05 
0.866881 0.410703 -0.158341 -0.321643 0.0201826 0.000145848 
0.880943 0.410703 -0.132906 -0.292844 0.0158541 0.000138786 
0.893728 0.410703 -0.109318 -0.261485 0.0123061 0.000178607 
0.906513 0.410703 -0.0864448 -0.226197 0.0091837 0.000154743 
0.918063 0.410703 -0.0671969 -0.19238 0.0067648 0.000182858 
0.929613 0.410703 -0.0496464 -0.157867 0.00474037 0.0001556 
0.939988 0.410703 -0.0360324 -0.127361 0.00326104 0.000172675 
0.950362 0.410703 -0.0243263 -0.0982022 0.00209126 0.000149922 
0.959633 0.410703 -0.0159404 -0.0739529 0.00129431 0.000158601 
0.968903 0.410703 -0.00923793 -0.0519452 0.000711872 0.000142649 
0.977148 0.410703 -0.0049302 -0.0346245 0.000356161 0.000146015 
0.985394 0.410703 -0.00194161 -0.0197143 0.000133393 0.000135822 
0.992697 0.410703 -0.000483607 -0.00872076 3.06518e-05 0.000136582 
1 0.410703 0 0 0 0.000129718 

0 0.432902 0 0 0 0.000242625 
0.00730325 0.432902 -0.000277213 0.0265081 9.8439e-05 0.000236993 
0.0146065 0.432902 -0.00106218 0.0506314 0.000381806 0.000239418 
0.0228517 0.432902 -0.00253988 0.075111 0.000902351 0.00023332 
0.031097 0.432902 -0.00456061 0.096865 0.00161351 0.000236601 
0.0403673 0.432902 -0.00746875 0.118343 0.00261353 0.000229268 
0.0496377 0.432902 -0.0109289 0.13701 0.00379964 0.000233122 
0.0600123 0.432902 -0.0154264 0.154997 0.00531696 0.000223801 
0.0703869 0.432902 -0.0204373 0.170412 0.00700755 0.000227305 
0.0819372 0.432902 -0.026559 0.185094 0.009063 0.000215205 
0.0934875 0.432902 -0.0331029 0.197738 0.0112763 0.000216916 
0.106272 0.432902 -0.0407475 0.209888 0.0138839 0.000201118 
0.119057 0.432902 -0.0486844 0.220602 0.0166378 0.000199284 
0.133119 0.432902 -0.0576437 0.231066 0.0198151 0.000178595 
0.14718 0.432902 -0.0667459 0.240428 0.0231317 0.00017131 
0.162537 0.432902 -0.0767343 0.249422 0.0268951 0.000144215 
0.177894 0.432902 -0.086698 0.257163 0.030787 0.000129481 
0.194538 0.432902 -0.0973304 0.263889 0.0351261 9.44329e-05 
0.211181 0.432902 -0.107732 0.268784 0.0395619 7.03524e-05 
0.22907 0.432902 -0.118466 0.271631 0.0443998 2.64783e-05 
0.246958 0.432902 -0.128711 0.271913 0.0492656 -8.14672e-06 
0.266013 0.432902 -0.138834 0.269067 0.0544254 -6.00981e-05 
0.285068 0.432902 -0.148186 0.263092 0.059501 -0.000104756 
0.305174 0.432902 -0.156941 0.253281 0.064698 -0.000161726 
0.32528 0.432902 -0.164708 0.240233 0.0696651 -0.0002133 
0.346282 0.432902 -0.171552 0.22335 0.0745384 -0.000270155 
0.367284 0.432902 -0.177359 0.20372 0.0790283 -0.000322973 
0.388994 0.432902 -0.182216 0.181012 0.0832081 -0.000373939 
0.410703 0.432902 -0.186196 0.156484 0.0868752 -0.000421166 
0.432902 0.432902 -0.189504 0.130048 0.0900574 -0.000461725 
0.455101 0.432902 -0.192238 0.102754 0.0926432 -0.000497366 
0.477551 0.432902 -0.194733 0.0746376 0.0946349 -0.000525353 
0.5 0.432902 -0.196986 0.0463001 0.095993 -0.00054553 
0.522449 0.432902 -0.199426 0.0178368 0.0967132 -0.000560953 
0.544899 0.432902 -0.201903 -0.0106437 0.0967943 -0.000563882 
0.567098 0.432902 -0.204906 -0.0389806 0.0962441 -0.000568113 
0.589297 0.432902 -0.208156 -0.0674886 0.0950631 -0.000553237 
0.611006 0.432902 -0.212175 -0.0959103 0.093291 -0.000548298 
0.632716 0.432902 -0.216561 -0.124908 0.0908956 -0.000515434 
0.653718 0.432902 -0.221778 -0.154037 0.0879686 -0.000503488 
0.67472 0.432902 -0.227258 -0.184229 0.0844187 -0.000452667 
0.694826 0.432902 -0.233172 -0.214542 0.080412 -0.000435406 
0.714932 0.432902 -0.238748 -0.246032 0.0757837 -0.000368027 
0.733987 0.432902 -0.243551 -0.276635 0.0708035 -0.000345859 
0.753042 0.432902 -0.24672 -0.307323 0.0652391 -0.000267215 
0.77093 0.432902 -0.247148 -0.334437 0.0594934 -0.000238875 
0.788819 0.432902 -0.244284 -0.35873 0.0532878 -0.000160444 
0.805462 0.432902 -0.236934 -0.375702 0.0471649 -0.000124087 
0.822106 0.432902 -0.225276 -0.385904 0.0408158 -6.19154e-05 
0.837463 0.432902 -0.209087 -0.386397 0.0348721 -1.77579e-05 
0.85282 0.432902 -0.189119 -0.377429 0.0289937 1.5261e-05 
0.866881 0.432902 -0.166768 -0.359876 0.0237987 6.29622e-05 
0.880943 0.432902 -0.142484 -0.333379 0.0189138 6.55444e-05 
0.893728 0.432902 -0.118944 -0.302394 0.0148437 0.000109843 
0.906513 0.432902 -0.0955038 -0.265729 0.0112062 9.21718e-05 
0.918063 0.432902 -0.0751562 -0.229275 0.00834623 0.000127285 
0.929613 0.432902 -0.0562447 -0.190935 0.00591829 0.000102581 
0.939988 0.432902 -0.0412446 -0.156201 0.00411892 0.000126407 
0.950362 0.432902 -0.028158 -0.12228 0.00267569 0.000103693 
0.959633 0.432902 -0.0186243 -0.0934956 0.00167773 0.00011745 
0.968903 0.432902 -0.010912 -0.066854 0.000936662 0.000100139 
0.977148 0.432902 -0.00588341 -0.0454237 0.000475938 0.000106728 
0.985394 0.432902 -0.00235274 -0.0265036 0.00018154 9.44685e-05 
0.992697 0.432902 -0.000598908 -0.0120797 4.24014e-05 9.71228e-05 
1 0.432902 0 0 0 8.77544e-05 

0 0.455101 0 0 0 0.000211624 
0.00730325 0.455101 -0.000209441 0.0280583 0.000103713 0.000207909 
0.0146065 0.455101 -0.000821622 0.0535723 0.000402955 0.000209066 
0.0228517 0.455101 -0.00201908 0.0795254 0.000953114 0.000204219 
0.031097 0.455101 -0.00368221 0.102649 0.00170558 0.000205977 
0.0403673 0.455101 -0.00613047 0.12553 0.00276492 0.000199267 
0.0496377 0.455101 -0.00908041 0.145455 0.00402268 0.000201421 
0.0600123 0.455101 -0.0129814 0.164665 0.0056331 0.000192132 
0.0703869 0.455101 -0.0173706 0.181117 0.00742851 0.000193874 
0.0819372 0.455101 -0.0227978 0.196736 0.00961212 0.00018129 
0.0934875 0.455101 -0.0286365 0.210116 0.0119632 0.000181232 
0.106272 0.455101 -0.0355005 0.222866 0.0147321 0.000164577 
0.119057 0.455101 -0.0426452 0.233997 0.0176536 0.000160914 
0.133119 0.455101 -0.0507155 0.244733 0.0210202 0.000139175 
0.14718 0.455101 -0.0589056 0.254218 0.0245289 0.000129885 
0.162537 0.455101 -0.0678559 0.263192 0.0285029 0.000101722 
0.177894 0.455101 -0.0767479 0.270781 0.032604 8.47224e-05 
0.194538 0.455101 -0.0861643 0.277199 0.0371662 4.87344e-05 
0.211181 0.455101 -0.0953177 0.281653 0.0418188 2.2154e-05 
0.22907 0.455101 -0.104665 0.283879 0.0468802 -2.23886e-05 
0.246958 0.455101 -0.11351 0.283403 0.0519574 -5.95773e-05 
0.266013 0.455101 -0.122136 0.279626 0.0573261 -0.000111785 
0.285068 0.455101 -0.130019 0.272612 0.062592 -0.000158784 
0.305174 0.455101 -0.137283 0.261652 0.0679678 -0.000215517 
0.32528 0.455101 -0.143644 0.247431 0.0730904 -0.00026891 
0.346282 0.455101 -0.149156 0.229385 0.0781017 -0.000325108 
0.367284 0.455101 -0.153773 0.208677 0.0827062 -0.000379082 
0.388994 0.455101 -0.157592 0.185028 0.0869826 -0.000429225 
0.410703 0.455101 -0.160701 0.159729 0.0907278 -0.000477084 
0.432902 0.455101 -0.163313 0.13273 0.0939752 -0.000516973 
0.455101 0.455101 -0.165506 0.105065 0.0966159 -0.000553103 
0.477551 0.455101 -0.167596 0.0767862 0.0986573 -0.000580786 
0.5 0.455101 -0.169552 0.0484507 0.100063 -0.000601782 
0.522449 0.455101 -0.171758 0.0201596 0.100833 -0.000617314 
0.544899 0.455101 -0.174055 -0.00801891 0.100969 -0.000621836 
0.567098 0.455101 -0.176875 -0.0359147 0.100481 -0.000626564 
0.589297 0.455101 -0.179968 -0.0638673 0.0993731 -0.000614423 
0.611006 0.455101 -0.183814 -0.0916245 0.0976855 -0.000610374 
0.632716 0.455101 -0.188089 -0.119868 0.0953899 -0.000581492 
0.653718 0.455101 -0.193288 -0.148242 0.0925757 -0.000570821 
0.67472 0.455101 -0.19896 -0.177723 0.0891541 -0.000524558 
0.694826 0.455101 -0.205441 -0.207641 0.0852825 -0.000508709 
0.714932 0.455101 -0.212069 -0.239147 0.080794 -0.000444256 
0.733987 0.455101 -0.218669 -0.270652 0.0759394 -0.000422934 
0.753042 0.455101 -0.224382 -0.303239 0.0704752 -0.000341827 
0.77093 0.455101 -0.228245 -0.333641 0.0647792 -0.000312843 
0.788819 0.455101 -0.22951 -0.362651 0.0585528 -0.000223389 
0.805462 0.455101 -0.226739 -0.385494 0.0523227 -0.00018463 
0.822106 0.455101 -0.219834 -0.402664 0.04576 -0.000104031 
0.837463 0.455101 -0.207937 -0.410012 0.0395114 -5.6569e-05 
0.85282 0.455101 -0.191764 -0.407779 0.0332232 -4.26814e-06 
0.866881 0.455101 -0.172034 -0.395395 0.0275668 4.65376e-05 
0.880943 0.455101 -0.149554 -0.37263 0.0221568 6.19365e-05 
0.893728 0.455101 -0.126628 -0.343285 0.0175734 0.000108628 
0.906513 0.455101 -0.103129 -0.306355 0.0134129 9.47531e-05 
0.918063 0.455101 -0.0820485 -0.268035 0.0100925 0.000131491 
0.929613 0.455101 -0.0620751 -0.226356 0.00723382 0.000104089 
0.939988 0.455101 -0.0458865 -0.18758 0.00508621 0.000128974 
0.950362 0.455101 -0.0315737 -0.148843 0.00334061 0.000101093 
0.959633 0.455101 -0.0209976 -0.115295 0.00211731 0.000115657 
0.968903 0.455101 -0.0123607 -0.0836432 0.00119627 9.3489e-05 
0.977148 0.455101 -0.00667955 -0.0576649 0.000615155 0.000100861 
0.985394 0.455101 -0.00266585 -0.0342164 0.000237862 8.50942e-05 
0.992697 0.455101 -0.000672057 -0.0158507 5.64156e-05 8.85743e-05 
1 0.455101 0 0 0 7.68995e-05 

0 0.477551 0 0 0 0.000186149 
0.00730325 0.477551 -0.000158104 0.02909 0.000107925 0.00018358 
0.0146065 0.477551 -0.000619191 0.055713 0.000419347 0.000184311 
0.0228517 0.477551 -0.00153023 0.0828903 0.000993041 0.000181085 
0.031097 0.477551 -0.00281747 0.107198 0.001779 0.000182416 
0.0403673 0.477551 -0.00475789 0.13134 0.00288739 0.000177601 
0.0496377 0.477551 -0.00713636 0.15243 0.00420545 0.000179397 
0.0600123 0.477551 -0.010351 0.17281 0.0058955 0.00017197 
0.0703869 0.477551 -0.0140191 0.190275 0.00778186 0.000173397 
0.0819372 0.477551 -0.0186295 0.206831 0.010078 0.000162354 
0.0934875 0.477551 -0.023638 0.220951 0.0125512 0.000161876 
0.106272 0.477551 -0.0295819 0.234307 0.0154638 0.00014625 
0.119057 0.477551 -0.0357988 0.245847 0.0185356 0.000141823 
0.133119 0.477551 -0.0428373 0.256838 0.0220719 0.000120545 
0.14718 0.477551 -0.0499806 0.266411 0.0257528 0.000109888 
0.162537 0.477551 -0.057757 0.275321 0.0299149 8.16446e-05 
0.177894 0.477551 -0.0654526 0.282708 0.034202 6.24952e-05 
0.194538 0.477551 -0.073535 0.288773 0.038961 2.59327e-05 
0.211181 0.477551 -0.0813391 0.292744 0.0438036 -3.6024e-06 
0.22907 0.477551 -0.0892197 0.294332 0.0490591 -4.91378e-05 
0.246958 0.477551 -0.0966126 0.293102 0.0543177 -8.98779e-05 
0.266013 0.477551 -0.103727 0.288433 0.0598639 -0.000143319 
0.285068 0.477551 -0.110164 0.280451 0.0652895 -0.000193993 
0.305174 0.477551 -0.116012 0.268457 0.0708133 -0.000251899 
0.32528 0.477551 -0.121082 0.253207 0.0760631 -0.000308451 
0.346282 0.477551 -0.125427 0.234176 0.0811857 -0.000365437 
0.367284 0.477551 -0.129043 0.212587 0.0858818 -0.000421518 
0.388994 0.477551 -0.132044 0.188199 0.0902349 -0.00047188 
0.410703 0.477551 -0.13451 0.162327 0.0940424 -0.00052064 
0.432902 0.477551 -0.136656 0.134937 0.0973427 -0.000560193 
0.455101 0.477551 -0.138525 0.107049 0.100029 -0.000596303 
0.477551 0.477551 -0.140413 0.0787116 0.102114 -0.000623214 
0.5 0.477551 -0.142253 0.0504477 0.103564 -0.000643785 
0.522449 0.477551 -0.144383 0.022355 0.104381 -0.000658213 
0.544899 0.477551 -0.146638 -0.00552597 0.104569 -0.000662408 
0.567098 0.477551 -0.149383 -0.0330116 0.104142 -0.000665728 
0.589297 0.477551 -0.152397 -0.0604518 0.103104 -0.000653764 
0.611006 0.477551 -0.156099 -0.0875695 0.101499 -0.000648048 
0.632716 0.477551 -0.16023 -0.11505 0.0993006 -0.000620216 
0.653718 0.477551 -0.165269 -0.142554 0.096598 -0.000607958 
0.67472 0.477551 -0.170873 -0.17109 0.0933069 -0.000564021 
0.694826 0.477551 -0.177465 -0.200154 0.0895785 -0.000547713 
0.714932 0.477551 -0.184513 -0.231001 0.0852478 -0.000487175 
0.733987 0.477551 -0.192061 -0.262462 0.0805496 -0.000468422 
0.753042 0.477551 -0.199328 -0.29579 0.075234 -0.000392437 
0.77093 0.477551 -0.205593 -0.328254 0.0696522 -0.000370812 
0.788819 0.477551 -0.210028 -0.360777 0.0634889 -0.000285644 
0.805462 0.477551 -0.211189 -0.38867 0.0572453 -0.000258427 
0.822106 0.477551 -0.208719 -0.41241 0.050572 -0.000177825 
0.837463 0.477551 -0.201311 -0.426908 0.0441143 -0.000142036 
0.85282 0.477551 -0.189485 -0.432335 0.0375036 -8.37076e-05 
0.866881 0.477551 -0.173251 -0.426503 0.0314509 -3.97903e-05 
0.880943 0.477551 -0.153583 -0.409229 0.0255609 -1.50618e-05 
0.893728 0.477551 -0.132239 -0.383208 0.0204847 3.14455e-05 
0.906513 0.477551 -0.10957 -0.347595 0.0158028 2.55527e-05 
0.918063 0.477551 -0.0883975 -0.308588 0.0120085 6.69856e-05 
0.929613 0.477551 -0.067855 -0.264386 0.00869493 4.38522e-05 
0.939988 0.477551 -0.050738 -0.22197 0.00617166 7.5089e-05 
0.950362 0.477551 -0.0353448 -0.178485 0.00409403 4.8088e-05 
0.959633 0.477551 -0.0237414 -0.139985 0.00261953 6.82983e-05 
0.968903 0.477551 -0.0141398 -0.102929 0.00149523 4.48291e-05 
0.977148 0.477551 -0.00772151 -0.0719086 0.000776589 5.62599e-05 
0.985394 0.477551 -0.00313179 -0.0433346 0.000303613 3.79402e-05 
0.992697 0.477551 -0.000805425 -0.0204182 7.27014e-05 4.40991e-05 
1 0.477551 0 0 0 2.89964e-05 

0 0.5 0 0 0 0.000157968 
0.00730325 0.5 -8.69648e-05 0.0299555 0.000110521 0.000157326 
0.0146065 0.5 -0.000356849 0.0573844 0.00043047 0.00015686 
0.0228517 0.5 -0.000942019 0.085507 0.00102086 0.000155091 
0.031097 0.5 -0.00180594 0.11078 0.00183135 0.000154924 
0.0403673 0.5 -0.00318719 0.135998 0.00297682 0.000151035 
0.0496377 0.5 -0.00493692 0.158126 0.00434174 0.00015106 
0.0600123 0.5 -0.00740244 0.179582 0.00609528 0.000143977 
0.0703869 0.5 -0.0102833 0.198007 0.00805571 0.000143495 
0.0819372 0.5 -0.0140068 0.215466 0.0104452 0.000132251 
0.0934875 0.5 -0.0181148 0.230311 0.0130212 0.000129871 
0.106272 0.5 -0.0230681 0.244257 0.0160561 0.000113666 
0.119057 0.5 -0.0282904 0.256191 0.0192565 0.000107404 
0.133119 0.5 -0.0342344 0.267409 0.0229387 8.54183e-05 
0.14718 0.5 -0.0402752 0.277038 0.0267676 7.29657e-05 
0.162537 0.5 -0.0468295 0.285841 0.0310909 4.41339e-05 
0.177894 0.5 -0.0532911 0.292987 0.0355367 2.31851e-05 
0.194538 0.5 -0.0600134 0.29866 0.0404625 -1.3668e-05 
0.211181 0.5 -0.0664565 0.302132 0.0454644 -4.49677e-05 
0.22907 0.5 -0.0728765 0.303081 0.0508811 -9.04039e-05 
0.246958 0.5 -0.0788412 0.301125 0.0562889 -0.000132718 
0.266013 0.5 -0.0844933 0.295624 0.0619792 -0.000185661 
0.285068 0.5 -0.0895524 0.286768 0.0675329 -0.0002375 
0.305174 0.5 -0.0940805 0.273866 0.0731739 -0.000294598 
0.32528 0.5 -0.0979711 0.257743 0.0785233 -0.00035174 
0.346282 0.5 -0.101281 0.237903 0.0837323 -0.000407808 
0.367284 0.5 -0.10404 0.21562 0.0884992 -0.000463917 
0.388994 0.5 -0.106371 0.190679 0.0929121 -0.000513489 
0.410703 0.5 -0.108341 0.164411 0.0967693 -0.00056195 
0.432902 0.5 -0.110162 0.136785 0.100114 -0.000600996 
0.455101 0.5 -0.111841 0.108807 0.102841 -0.000636824 
0.477551 0.5 -0.113646 0.0805113 0.104966 -0.000663506 
0.5 0.5 -0.115486 0.0523943 0.106458 -0.000684137 
0.522449 0.5 -0.117645 0.0245446 0.107321 -0.000698498 
0.544899 0.5 -0.119958 -0.00301719 0.107562 -0.000703377 
0.567098 0.5 -0.122721 -0.0300941 0.107194 -0.000706703 
0.589297 0.5 -0.125739 -0.0570398 0.106227 -0.000696372 
0.611006 0.5 -0.129354 -0.0835422 0.104701 -0.000690771 
0.632716 0.5 -0.133368 -0.110282 0.102597 -0.000665938 
0.653718 0.5 -0.138203 -0.136902 0.100002 -0.000654065 
0.67472 0.5 -0.14362 -0.164426 0.0968383 -0.000614731 
0.694826 0.5 -0.150073 -0.192449 0.093253 -0.00059921 
0.714932 0.5 -0.157175 -0.222313 0.0890859 -0.000544174 
0.733987 0.5 -0.165155 -0.253185 0.084559 -0.000526434 
0.753042 0.5 -0.17336 -0.286505 0.0794212 -0.000454269 
0.77093 0.5 -0.181351 -0.320087 0.0739986 -0.000433229 
0.788819 0.5 -0.188279 -0.355064 0.0679637 -0.000346014 
0.805462 0.5 -0.192809 -0.387051 0.0617868 -0.000318216 
0.822106 0.5 -0.19435 -0.416604 0.0550987 -0.000226864 
0.837463 0.5 -0.191259 -0.437992 0.0485297 -0.000189364 
0.85282 0.5 -0.1838 -0.451319 0.0416944 -0.000114063 
0.866881 0.5 -0.171312 -0.452794 0.0353269 -6.81301e-05 
0.880943 0.5 -0.154832 -0.44222 0.029023 -2.75428e-05 
0.893728 0.5 -0.135512 -0.420847 0.0234958 2.07188e-05 
0.906513 0.5 -0.114132 -0.387961 0.0183148 2.34118e-05 
0.918063 0.5 -0.0932597 -0.349429 0.0140503 6.62984e-05 
0.929613 0.5 -0.0725021 -0.303637 0.0102723 4.38839e-05 
0.939988 0.5 -0.0547195 -0.258158 0.00735627 7.63493e-05 
0.950362 0.5 -0.0384671 -0.21021 0.00492464 4.55439e-05 
0.959633 0.5 -0.0259984 -0.166768 0.00317789 6.68728e-05 
0.968903 0.5 -0.0155682 -0.124097 0.00183027 3.85967e-05 
0.977148 0.5 -0.00852266 -0.0876823 0.000958727 5.11474e-05 
0.985394 0.5 -0.00345085 -0.0534948 0.000378287 2.89291e-05 
0.992697 0.5 -0.000880098 -0.0254968 9.14448e-05 3.6227e-05 
1 0.5 0 0 0 1.84944e-05 

0 0.522449 0 0 0 0.000129729 
0.00730325 0.522449 -2.86008e-05 0.030215 0.00011193 0.000130368 
0.0146065 0.522449 -0.000134583 0.0581134 0.000436129 0.000129372 
0.0228517 0.522449 -0.000412007 0.0868691 0.00103605 0.000129272 
0.031097 0.522449 -0.000868755 0.112859 0.00186168 0.000128536 
0.0403673 0.522449 -0.00168964 0.138946 0.00303158 0.000126696 
0.0496377 0.522449 -0.00280023 0.161961 0.00442908 0.000126232 
0.0600123 0.522449 -0.0044821 0.184389 0.00622881 0.000121397 
0.0703869 0.522449 -0.00653006 0.203713 0.0082451 0.00012055 
0.0819372 0.522449 -0.00929715 0.222053 0.0107071 0.000111474 
0.0934875 0.522449 -0.0124286 0.237619 0.0133648 0.000108763 
0.106272 0.522449 -0.0163001 0.252172 0.0164986 9.43828e-05 
0.119057 0.522449 -0.020438 0.264512 0.0198042 8.76243e-05 
0.133119 0.522449 -0.0251944 0.275972 0.0236066 6.69871e-05 
0.14718 0.522449 -0.0300486 0.285656 0.0275577 5.36446e-05 
0.162537 0.522449 -0.0353035 0.294354 0.0320139 2.57046e-05 
0.177894 0.522449 -0.0404667 0.301253 0.0365898 3.33763e-06 
0.194538 0.522449 -0.0457795 0.306547 0.0416512 -3.29884e-05 
0.211181 0.522449 -0.0508279 0.309539 0.0467815 -6.61967e-05 
0.22907 0.522449 -0.0557777 0.309906 0.0523265 -0.00011138 
0.246958 0.522449 -0.0603237 0.307303 0.0578515 -0.000155861 
0.266013 0.522449 -0.0645552 0.301096 0.0636535 -0.000208733 
0.285068 0.522449 -0.0682987 0.291521 0.0693051 -0.000262609 
0.305174 0.522449 -0.0716022 0.277906 0.0750347 -0.000319704 
0.32528 0.522449 -0.0744234 0.261125 0.0804587 -0.000378344 
0.346282 0.522449 -0.076831 0.240707 0.0857324 -0.000434365 
0.367284 0.522449 -0.0788657 0.21796 0.0905528 -0.000491201 
0.388994 0.522449 -0.080664 0.192679 0.0950121 -0.000540621 
0.410703 0.522449 -0.0822659 0.166206 0.0989096 -0.000589102 
0.432902 0.522449 -0.083877 0.138499 0.102292 -0.000627872 
0.455101 0.522449 -0.0854679 0.110551 0.105056 -0.000663309 
0.477551 0.522449 -0.0872789 0.0823742 0.107221 -0.000689573 
0.5 0.522449 -0.0891968 0.0544489 0.108756 -0.000709744 
0.522449 0.522449 -0.0914626 0.026848 0.109668 -0.000723498 
0.544899 0.522449 -0.0939116 -0.000415246 0.109964 -0.000728105 
0.567098 0.522449 -0.0967828 -0.0271373 0.109658 -0.000730548 
0.589297 0.522449 -0.0999038 -0.0536642 0.108761 -0.000720317 
0.611006 0.522449 -0.103546 -0.0796489 0.107314 -0.000713454 
0.632716 0.522449 -0.107553 -0.105754 0.105302 -0.000689312 
0.653718 0.522449 -0.11228 -0.131577 0.102811 -0.000675786 
0.67472 0.522449 -0.117563 -0.158137 0.099771 -0.000638107 
0.694826 0.522449 -0.123833 -0.185047 0.0963248 -0.00062094 
0.714932 0.522449 -0.130827 -0.213707 0.0923199 -0.000569063 
0.733987 0.522449 -0.138867 -0.243511 0.0879689 -0.00055098 
0.753042 0.522449 -0.147449 -0.276076 0.0830236 -0.000483898 
0.77093 0.522449 -0.156368 -0.309733 0.0777883 -0.000466061 
0.788819 0.522449 -0.164853 -0.34588 0.0719284 -0.00038527 
0.805462 0.522449 -0.171794 -0.380649 0.0658814 -0.000365935 
0.822106 0.522449 -0.176484 -0.414781 0.0592609 -0.000279684 
0.837463 0.522449 -0.177188 -0.442303 0.0526707 -0.00025446 
0.85282 0.522449 -0.173894 -0.463298 0.0457079 -0.000179203 
0.866881 0.522449 -0.165404 -0.472551 0.0391133 -0.000144385 
0.880943 0.522449 -0.15264 -0.469781 0.0324732 -9.80221e-05 
0.893728 0.522449 -0.136079 -0.454496 0.0265502 -5.50844e-05 
0.906513 0.522449 -0.116784 -0.426027 0.0209072 -4.46118e-05 
0.918063 0.522449 -0.0969072 -0.389476 0.0161884 -6.44835e-07 
0.929613 0.522449 -0.0765425 -0.343394 0.0119471 -1.75479e-05 
0.939988 0.522449 -0.0584918 -0.295742 0.00862847 1.96984e-05 
0.950362 0.522449 -0.0416652 -0.243864 0.00582623 -9.20225e-06 
0.959633 0.522449 -0.0284536 -0.195658 0.00378935 1.75743e-05 
0.968903 0.522449 -0.0172434 -0.147272 0.00220021 -1.16445e-05 
0.977148 0.522449 -0.00953697 -0.105166 0.00116125 5.36111e-06 
0.985394 0.522449 -0.00392255 -0.0649015 0.00046186 -1.95948e-05 
0.992697 0.522449 -0.00101823 -0.0312863 0.000112439 -9.09097e-06 
1 0.522449 0 0 0 -3.08226e-05 

0 0.544899 0 0 0 0.000108041 
0.00730325 0.544899 3.46716e-05 0.0303389 0.000111697 0.000110301 
0.0146065 0.544899 0.000109037 0.0583945 0.000436496 0.000108382 
0.0228517 0.544899 0.000153212 0.0874821 0.00103893 0.000109651 
0.031097 0.544899 0.000123184 0.11394 0.00187034 0.000107674 
0.0403673 0.544899 -0.000117455 0.140669 0.0030519 0.000106811 
0.0496377 0.544899 -0.000564054 0.164406 0.00446737 0.000104731 
0.0600123 0.544899 -0.00143603 0.187669 0.00629538 0.000100362 
0.0703869 0.544899 -0.00262108 0.207809 0.00834855 9.76393e-05 
0.0819372 0.544899 -0.00440155 0.226969 0.0108612 8.85158e-05 
0.0934875 0.544899 -0.00652513 0.24323 0.0135784 8.38936e-05 
0.106272 0.544899 -0.00928623 0.258371 0.0167864 6.91181e-05 
0.119057 0.544899 -0.0123139 0.271113 0.0201727 6.06138e-05 
0.133119 0.544899 -0.015863 0.282803 0.0240684 3.9528e-05 
0.14718 0.544899 -0.0195167 0.292537 0.0281148 2.46996e-05 
0.162537 0.544899 -0.0234668 0.301113 0.0326747 -3.44322e-06 
0.177894 0.544899 -0.0273339 0.307761 0.0373516 -2.70337e-05 
0.194538 0.544899 -0.0312483 0.312669 0.0425171 -6.31323e-05 
0.211181 0.544899 -0.0349219 0.315202 0.0477447 -9.73005e-05 
0.22907 0.544899 -0.0384296 0.315024 0.0533853 -0.000141811 
0.246958 0.544899 -0.0415939 0.311848 0.0589961 -0.000186932 
0.266013 0.544899 -0.0444491 0.305035 0.0648783 -0.000238825 
0.285068 0.544899 -0.0469285 0.294876 0.070599 -0.000292946 
0.305174 0.544899 -0.0490624 0.280706 0.0763902 -0.000348997 
0.32528 0.544899 -0.0508728 0.263449 0.0818657 -0.000407476 
0.346282 0.544899 -0.0524327 0.24264 0.0871842 -0.000462639 
0.367284 0.544899 -0.0537969 0.219621 0.0920426 -0.000519024 
0.388994 0.544899 -0.0551057 0.194176 0.0965366 -0.000567918 
0.410703 0.544899 -0.0563777 0.167661 0.100467 -0.000615867 
0.432902 0.544899 -0.057806 0.140005 0.103882 -0.000654414 
0.455101 0.544899 -0.0593331 0.112201 0.106683 -0.000689446 
0.477551 0.544899 -0.0611692 0.0842288 0.108887 -0.000715621 
0.5 0.544899 -0.0631887 0.0565621 0.110468 -0.000735643 
0.522449 0.544899 -0.0655906 0.0292554 0.111431 -0.000749246 
0.544899 0.544899 -0.0682187 0.00232129 0.111785 -0.00075405 
0.567098 0.544899 -0.0712586 -0.0240335 0.111543 -0.000756167 
0.589297 0.544899 -0.0745621 -0.0501446 0.11072 -0.000746646 
0.611006 0.544899 -0.0783298 -0.0756326 0.109354 -0.000739317 
0.632716 0.544899 -0.082445 -0.101141 0.107435 -0.000716785 
0.653718 0.544899 -0.0871756 -0.126212 0.105048 -0.00070284 
0.67472 0.544899 -0.0924253 -0.151851 0.102129 -0.000668253 
0.694826 0.544899 -0.0985606 -0.177654 0.0988183 -0.000650966 
0.714932 0.544899 -0.105431 -0.205053 0.0949729 -0.000603998 
0.733987 0.544899 -0.113398 -0.233588 0.0907977 -0.000586223 
0.753042 0.544899 -0.122114 -0.265027 0.0860513 -0.000524954 
0.77093 0.544899 -0.131579 -0.298136 0.0810191 -0.000507626 
0.788819 0.544899 -0.141145 -0.334599 0.0753652 -0.000430492 
0.805462 0.544899 -0.149963 -0.371126 0.0694948 -0.000411295 
0.822106 0.544899 -0.157267 -0.408744 0.0630081 -0.000322282 
0.837463 0.544899 -0.161325 -0.441527 0.0564755 -0.000296451 
0.85282 0.544899 -0.161868 -0.469636 0.0494759 -0.000210385 
0.866881 0.544899 -0.157251 -0.486676 0.0427417 -0.0001746 
0.880943 0.544899 -0.148219 -0.492281 0.0358485 -0.000113653 
0.893728 0.544899 -0.134592 -0.484061 0.0295943 -6.99122e-05 
0.906513 0.544899 -0.117636 -0.46134 0.0235376 -4.83474e-05 
0.918063 0.544899 -0.0990419 -0.428059 0.0183915 -3.63232e-06 
0.929613 0.544899 -0.0793617 -0.382916 0.0136978 -1.67312e-05 
0.939988 0.544899 -0.0612906 -0.334001 0.00997444 2.14679e-05 
0.950362 0.544899 -0.0441143 -0.278826 0.00679078 -9.41035e-06 
0.959633 0.544899 -0.0303376 -0.226152 0.00444953 1.85606e-05 
0.968903 0.544899 -0.0185026 -0.172075 0.00260303 -1.49011e-05 
0.977148 0.544899 -0.0102655 -0.124084 0.00138334 3.47497e-06 
0.985394 0.544899 -0.00422038 -0.0773603 0.000554131 -2.54511e-05 
0.992697 0.544899 -0.00108842 -0.0376432 0.000135813 -1.35138e-05 
1 0.544899 0 0 0 -3.80912e-05 

0 0.567098 0 0 0 7.92034e-05 
0.00730325 0.567098 9.00822e-05 0.02987 0.000110443 8.26044e-05 
0.0146065 0.567098 0.000312996 0.057761 0.000431873 8.01912e-05 
0.0228517 0.567098 0.000637376 0.0868656 0.00103009 8.29284e-05 
0.031097 0.567098 0.000982443 0.113524 0.00185821 8.03925e-05 
0.0403673 0.567098 0.00127233 0.140654 0.00303893 8.15294e-05 
0.0496377 0.567098 0.00144193 0.16492 0.00445788 7.89847e-05 
0.0600123 0.567098 0.00134782 0.18887 0.00629616 7.7138e-05 
0.0703869 0.567098 0.00100413 0.20972 0.00836682 7.41502e-05 
0.0819372 0.567098 0.000211943 0.229646 0.0109075 6.78465e-05 
0.0934875 0.567098 -0.000890609 0.246578 0.013661 6.31371e-05 
0.106272 0.567098 -0.0025096 0.262321 0.0169172 5.11354e-05 
0.119057 0.567098 -0.00439032 0.275485 0.0203582 4.25708e-05 
0.133119 0.567098 -0.00669095 0.287446 0.0243188 2.39433e-05 
0.14718 0.567098 -0.00910681 0.29726 0.0284324 8.88302e-06 
0.162537 0.567098 -0.0117238 0.305757 0.0330655 -1.71875e-05 
0.177894 0.567098 -0.0142756 0.312186 0.0378131 -4.13001e-05 
0.194538 0.567098 -0.0167885 0.316765 0.0430506 -7.56335e-05 
0.211181 0.567098 -0.019093 0.318899 0.0483438 -0.000110577 
0.22907 0.567098 -0.0211818 0.318273 0.0540473 -0.000153547 
0.246958 0.567098 -0.0229934 0.314641 0.0597126 -0.000199523 
0.266013 0.567098 -0.0245162 0.307381 0.0656441 -0.0002501 
0.285068 0.567098 -0.0257764 0.296819 0.0714058 -0.000304928 
0.305174 0.567098 -0.0267937 0.282308 0.0772325 -0.000359949 
0.32528 0.567098 -0.0276401 0.264795 0.0827372 -0.000418827 
0.346282 0.567098 -0.0283969 0.24382 0.0880816 -0.000473304 
0.367284 0.567098 -0.029123 0.220741 0.0929634 -0.000529766 
0.388994 0.567098 -0.0299642 0.195324 0.0974812 -0.000578309 
0.410703 0.567098 -0.0309142 0.16893 0.101437 -0.000626141 
0.432902 0.567098 -0.0321571 0.141456 0.104881 -0.000664567 
0.455101 0.567098 -0.0336081 0.113894 0.107716 -0.000699452 
0.477551 0.567098 -0.0354555 0.0861952 0.109961 -0.000725565 
0.5 0.567098 -0.0375619 0.0588344 0.111587 -0.000745514 
0.522449 0.567098 -0.0400983 0.0318463 0.112604 -0.000758942 
0.544899 0.567098 -0.0429134 0.005252 0.11302 -0.000763775 
0.567098 0.567098 -0.0461581 -0.0207462 0.112847 -0.000765475 
0.589297 0.567098 -0.0497001 -0.0464662 0.1121 -0.000756103 
0.611006 0.567098 -0.0536894 -0.0715111 0.11082 -0.000748013 
0.632716 0.567098 -0.0580327 -0.096496 0.108996 -0.000725855 
0.653718 0.567098 -0.0629245 -0.12092 0.106714 -0.000710714 
0.67472 0.567098 -0.0683094 -0.145755 0.103914 -0.000677006 
0.694826 0.567098 -0.0744731 -0.170556 0.100737 -0.000658116 
0.714932 0.567098 -0.0813469 -0.196752 0.0970475 -0.000613061 
0.733987 0.567098 -0.0892624 -0.22395 0.0930445 -0.000593796 
0.753042 0.567098 -0.0980108 -0.254013 0.0884959 -0.000536177 
0.77093 0.567098 -0.107695 -0.286042 0.0836722 -0.000519044 
0.788819 0.567098 -0.117825 -0.32198 0.0782405 -0.000447691 
0.805462 0.567098 -0.127789 -0.359143 0.0725764 -0.000432814 
0.822106 0.567098 -0.136876 -0.398899 0.0662722 -0.000350645 
0.837463 0.567098 -0.143512 -0.435677 0.0598606 -0.000334469 
0.85282 0.567098 -0.147261 -0.46982 0.0529043 -0.000252978 
0.866881 0.567098 -0.146244 -0.494156 0.0461145 -0.000229459 
0.880943 0.567098 -0.140954 -0.508248 0.0390546 -0.000167518 
0.893728 0.567098 -0.130609 -0.507828 0.0325427 -0.000133078 
0.906513 0.567098 -0.116501 -0.492124 0.0261341 -0.000105923 
0.918063 0.567098 -0.0997584 -0.463522 0.0206016 -6.40857e-05 
0.929613 0.567098 -0.0813197 -0.420786 0.0154812 -7.14547e-05 
0.939988 0.567098 -0.063646 -0.371796 0.0113629 -3.07886e-05 
0.950362 0.567098 -0.0464517 -0.314227 0.00779733 -5.88808e-05 
0.959633 0.567098 -0.0322851 -0.25762 0.00514497 -2.6291e-05 
0.968903 0.567098 -0.0199266 -0.198075 0.00303103 -6.01317e-05 
0.977148 0.567098 -0.0111628 -0.144157 0.00162097 -3.73663e-05 
0.985394 0.567098 -0.0046556 -0.0907201 0.00065349 -6.88902e-05 
0.992697 0.567098 -0.00121897 -0.04452 0.000161105 -5.35727e-05 
1 0.567098 0 0 0 -8.22585e-05 

0 0.589297 0 0 0 6.66504e-05 
0.00730325 0.589297 0.000136399 0.0293416 0.000107771 7.11431e-05 
0.0146065 0.589297 0.000504306 0.0567966 0.000422802 6.82337e-05 
0.0228517 0.589297 0.00109955 0.0856415 0.00101073 7.1969e-05 
0.031097 0.589297 0.00181455 0.112257 0.00182728 6.86576e-05 
0.0403673 0.589297 0.00262463 0.139548 0.00299555 7.05078e-05 
0.0496377 0.589297 0.00340405 0.164152 0.00440436 6.67358e-05 
0.0600123 0.589297 0.00407655 0.188612 0.0062358 6.51733e-05 
0.0703869 0.589297 0.00456664 0.210054 0.00830537 6.05607e-05 
0.0819372 0.589297 0.00475084 0.230645 0.0108523 5.41087e-05 
0.0934875 0.589297 0.00465999 0.248197 0.0136195 4.76415e-05 
0.106272 0.589297 0.00416959 0.264502 0.0168988 3.52387e-05 
0.119057 0.589297 0.00342266 0.278082 0.0203691 2.51192e-05 
0.133119 0.589297 0.00235296 0.290307 0.0243671 6.15504e-06 
0.14718 0.589297 0.00115527 0.300211 0.0285207 -1.00221e-05 
0.162537 0.589297 -0.000151953 0.30863 0.0331976 -3.60421e-05 
0.177894 0.589297 -0.00141497 0.314859 0.037987 -6.07776e-05 
0.194538 0.589297 -0.00255323 0.319122 0.0432656 -9.45028e-05 
0.211181 0.589297 -0.0035174 0.320896 0.0485945 -0.000129644 
0.22907 0.589297 -0.00421111 0.319873 0.0543295 -0.000171516 
0.246958 0.589297 -0.00469311 0.31587 0.0600196 -0.000217365 
0.266013 0.589297 -0.00489563 0.308269 0.0659708 -0.00026663 
0.285068 0.589297 -0.00494517 0.297443 0.0717467 -0.000321111 
0.305174 0.589297 -0.00483814 0.282741 0.0775838 -0.000374961 
0.32528 0.589297 -0.00470757 0.265145 0.0830965 -0.000433394 
0.346282 0.589297 -0.00462984 0.244176 0.0884485 -0.000487109 
0.367284 0.589297 -0.00468118 0.221209 0.0933392 -0.000543161 
0.388994 0.589297 -0.00500208 0.195975 0.0978696 -0.000591404 
0.410703 0.589297 -0.00557589 0.169845 0.101843 -0.000638962 
0.432902 0.589297 -0.00657066 0.142673 0.105312 -0.000677381 
0.455101 0.589297 -0.00788763 0.115459 0.108177 -0.00071216 
0.477551 0.589297 -0.00969053 0.0881196 0.110462 -0.000738291 
0.5 0.589297 -0.0118401 0.0611405 0.112137 -0.000758267 
0.522449 0.589297 -0.0144799 0.0345362 0.113211 -0.00077151 
0.544899 0.589297 -0.0174708 0.00834058 0.113692 -0.000776454 
0.567098 0.589297 -0.0209323 -0.0172501 0.113592 -0.000777652 
0.589297 0.589297 -0.0247511 -0.042537 0.112928 -0.000768509 
0.611006 0.589297 -0.0290309 -0.06711 0.111738 -0.000759627 
0.632716 0.589297 -0.0337013 -0.0915605 0.110015 -0.000738052 
0.653718 0.589297 -0.0388822 -0.115347 0.107843 -0.000721985 
0.67472 0.589297 -0.0445532 -0.139413 0.105168 -0.000689757 
0.694826 0.589297 -0.0509014 -0.163259 0.102127 -0.000670044 
0.714932 0.589297 -0.0579291 -0.188301 0.0985944 -0.000628072 
0.733987 0.589297 -0.0658953 -0.21416 0.0947639 -0.000608292 
0.753042 0.589297 -0.0747232 -0.242767 0.0904144 -0.00055559 
0.77093 0.589297 -0.0845643 -0.273459 0.0858032 -0.000538241 
0.788819 0.589297 -0.0951031 -0.308413 0.0806051 -0.000472245 
0.805462 0.589297 -0.105938 -0.345485 0.0751691 -0.000457163 
0.822106 0.589297 -0.116461 -0.38643 0.0690845 -0.000377232 
0.837463 0.589297 -0.125288 -0.426172 0.0628453 -0.000360554 
0.85282 0.589297 -0.131866 -0.46537 0.0560008 -0.000274504 
0.866881 0.589297 -0.13416 -0.496396 0.0492308 -0.000250389 
0.880943 0.589297 -0.132409 -0.518837 0.0420853 -0.000177683 
0.893728 0.589297 -0.125291 -0.526631 0.0353879 -0.00014309 
0.906513 0.589297 -0.114066 -0.518887 0.0286901 -0.000104895 
0.918063 0.589297 -0.0992993 -0.496111 0.0228146 -6.3172e-05 
0.929613 0.589297 -0.0822624 -0.457087 0.0172958 -6.49527e-05 
0.939988 0.589297 -0.0651547 -0.409119 0.0127942 -2.39716e-05 
0.950362 0.589297 -0.048109 -0.350057 0.00884763 -5.25514e-05 
0.959633 0.589297 -0.0337001 -0.290062 0.00587777 -1.89589e-05 
0.968903 0.589297 -0.0209529 -0.225311 0.00348607 -5.64076e-05 
0.977148 0.589297 -0.0117836 -0.16545 0.00187547 -3.2136e-05 
0.985394 0.589297 -0.00492022 -0.105058 0.000760629 -6.7558e-05 
0.992697 0.589297 -0.00128243 -0.051977 0.000188509 -5.05395e-05 
1 0.589297 0 0 0 -8.22479e-05 

0 0.611006 0 0 0 3.8492e-05 
0.00730325 0.611006 0.000181026 0.0283126 0.000104469 4.37925e-05 
0.0146065 0.611006 0.000659397 0.0550854 0.000410159 4.04914e-05 
0.0228517 0.611006 0.00146753 0.0834125 0.000982779 4.53497e-05 
0.031097 0.611006 0.00247186 0.109746 0.00178075 4.15678e-05 
0.0403673 0.611006 0.00370888 0.13697 0.00292657 4.52529e-05 
0.0496377 0.611006 0.00499695 0.161705 0.00431321 4.11364e-05 
0.0600123 0.611006 0.00633985 0.186503 0.00612233 4.23024e-05 
0.0703869 0.611006 0.00757426 0.208393 0.00817361 3.76237e-05 
0.0819372 0.611006 0.00866517 0.229558 0.0107061 3.46595e-05 
0.0934875 0.611006 0.00953154 0.247665 0.0134654 2.84326e-05 
0.106272 0.611006 0.0101377 0.264525 0.0167428 1.98775e-05 
0.119057 0.611006 0.0105063 0.278524 0.0202175 1.01931e-05 
0.133119 0.611006 0.0106604 0.291056 0.0242252 -5.00286e-06 
0.14718 0.611006 0.0106796 0.301088 0.0283914 -2.07331e-05 
0.162537 0.611006 0.010676 0.309492 0.0330828 -4.3311e-05 
0.177894 0.611006 0.0106953 0.315568 0.0378853 -6.77223e-05 
0.194538 0.611006 0.010912 0.319588 0.0431743 -9.83452e-05 
0.211181 0.611006 0.0112689 0.321071 0.0485092 -0.000133296 
0.22907 0.611006 0.0119407 0.319751 0.0542451 -0.000172355 
0.246958 0.611006 0.0127657 0.315486 0.0599309 -0.000218072 
0.266013 0.611006 0.0138598 0.307687 0.0658731 -0.00026487 
0.285068 0.611006 0.0150117 0.296752 0.0716367 -0.000319213 
0.305174 0.611006 0.0162424 0.282042 0.0774597 -0.000371115 
0.32528 0.611006 0.0173685 0.264545 0.0829589 -0.000429428 
0.346282 0.611006 0.0183135 0.243769 0.0882998 -0.000481881 
0.367284 0.611006 0.0189883 0.221087 0.0931843 -0.00053793 
0.388994 0.611006 0.0192509 0.196196 0.0977151 -0.00058561 
0.410703 0.611006 0.0191291 0.170464 0.101696 -0.000633367 
0.432902 0.611006 0.0184603 0.143709 0.105183 -0.00067174 
0.455101 0.611006 0.017359 0.116935 0.108076 -0.000706903 
0.477551 0.611006 0.0156722 0.0900326 0.110398 -0.000733203 
0.5 0.611006 0.0135468 0.0635002 0.112121 -0.000753636 
0.522449 0.611006 0.0108502 0.0373347 0.113251 -0.00076698 
0.544899 0.611006 0.00771993 0.0115895 0.113799 -0.000772312 
0.567098 0.611006 0.00404917 -0.013551 0.113777 -0.000773372 
0.589297 0.611006 -5.50738e-05 -0.0383654 0.1132 -0.000764465 
0.611006 0.611006 -0.00467227 -0.0624471 0.112105 -0.000755144 
0.632716 0.611006 -0.00973964 -0.086358 0.110489 -0.000733692 
0.653718 0.611006 -0.0153257 -0.109542 0.108432 -0.000716853 
0.67472 0.611006 -0.0214248 -0.132898 0.105886 -0.000684847 
0.694826 0.611006 -0.0281387 -0.155895 0.102984 -0.000663986 
0.714932 0.611006 -0.0355103 -0.179902 0.0996103 -0.000622768 
0.733987 0.611006 -0.0437058 -0.204537 0.0959518 -0.000601538 
0.753042 0.611006 -0.0527434 -0.231733 0.0917996 -0.000550803 
0.77093 0.611006 -0.0627501 -0.260989 0.0873996 -0.000532403 
0.788819 0.611006 -0.073568 -0.294626 0.0824372 -0.000470341 
0.805462 0.611006 -0.0849216 -0.330979 0.0772383 -0.000456487 
0.822106 0.611006 -0.0963587 -0.372143 0.0713944 -0.000382541 
0.837463 0.611006 -0.106718 -0.413669 0.0653628 -0.000371778 
0.85282 0.611006 -0.115448 -0.456597 0.0586827 -0.000291871 
0.866881 0.611006 -0.120539 -0.493249 0.0519971 -0.000278457 
0.880943 0.611006 -0.122012 -0.523324 0.0448423 -0.00020831 
0.893728 0.611006 -0.11814 -0.539272 0.0380336 -0.000184903 
0.906513 0.611006 -0.110018 -0.540054 0.0311179 -0.000143912 
0.918063 0.611006 -0.0976142 -0.524101 0.0249552 -0.000108445 
0.929613 0.611006 -0.0824111 -0.490102 0.019081 -0.000105061 
0.939988 0.611006 -0.0662318 -0.444398 0.0142221 -6.40899e-05 
0.950362 0.611006 -0.0496385 -0.384944 0.00990868 -8.92476e-05 
0.959633 0.611006 -0.0351541 -0.322345 0.00662555 -5.21182e-05 
0.968903 0.611006 -0.0221197 -0.252874 0.0039546 -8.93111e-05 
0.977148 0.611006 -0.0125526 -0.187268 0.00213939 -6.09549e-05 
0.985394 0.611006 -0.00530885 -0.119884 0.000872432 -9.86547e-05 
0.992697 0.611006 -0.00140132 -0.0597227 0.000217321 -7.83259e-05 
1 0.611006 0 0 0 -0.000113956 

0 0.632716 0 0 0 3.63378e-05 
0.00730325 0.632716 0.000205013 0.0273314 0.000100133 4.20707e-05 
0.0146065 0.632716 0.000778529 0.0532299 0.000394494 3.8824e-05 
0.0228517 0.632716 0.0017739 0.0808253 0.000947503 4.40519e-05 
0.031097 0.632716 0.00304658 0.106676 0.00172083 4.01431e-05 
0.0403673 0.632716 0.00467683 0.133606 0.00283535 4.38957e-05 
0.0496377 0.632716 0.00644286 0.158284 0.00418908 3.9174e-05 
0.0600123 0.632716 0.00841127 0.183217 0.00596188 3.99953e-05 
0.0703869 0.632716 0.0103474 0.205406 0.00797914 3.41976e-05 
0.0819372 0.632716 0.0122912 0.226995 0.0104782 3.05649e-05 
0.0934875 0.632716 0.0140638 0.24557 0.0132092 2.29682e-05 
0.106272 0.632716 0.0157104 0.262899 0.0164617 1.36874e-05 
0.119057 0.632716 0.0171418 0.277289 0.0199171 2.80974e-06 
0.133119 0.632716 0.0184684 0.290097 0.0239085 -1.28137e-05 
0.14718 0.632716 0.0196557 0.300266 0.0280614 -2.92015e-05 
0.162537 0.632716 0.0209133 0.308651 0.0327394 -5.15981e-05 
0.177894 0.632716 0.0221743 0.314601 0.0375275 -7.60166e-05 
0.194538 0.632716 0.0237167 0.31839 0.042798 -0.000105733 
0.211181 0.632716 0.0253681 0.319625 0.0481103 -0.000140179 
0.22907 0.632716 0.0273972 0.318047 0.0538175 -0.00017777 
0.246958 0.632716 0.0295263 0.313593 0.0594709 -0.000222742 
0.266013 0.632716 0.0319393 0.30568 0.0653754 -0.000267905 
0.285068 0.632716 0.0343229 0.29475 0.0711005 -0.000321547 
0.305174 0.632716 0.0367362 0.280154 0.0768842 -0.000372098 
0.32528 0.632716 0.0389247 0.262898 0.0823477 -0.000429969 
0.346282 0.632716 0.04083 0.242458 0.0876576 -0.000481643 
0.367284 0.632716 0.0423277 0.220207 0.0925193 -0.000537609 
0.388994 0.632716 0.0432877 0.195796 0.0970364 -0.00058508 
0.410703 0.632716 0.0437285 0.170594 0.101015 -0.000633074 
0.432902 0.632716 0.043501 0.144373 0.104511 -0.000671559 
0.455101 0.632716 0.0427196 0.11815 0.107425 -0.00070714 
0.477551 0.632716 0.0412463 0.0917828 0.109781 -0.000733546 
0.5 0.632716 0.0392253 0.0657912 0.11155 -0.00075441 
0.522449 0.632716 0.0365377 0.0401541 0.112738 -0.000767601 
0.544899 0.632716 0.0333126 0.0149473 0.113356 -0.000773248 
0.567098 0.632716 0.0294573 -0.00965624 0.113414 -0.000773775 
0.589297 0.632716 0.0250672 -0.0339148 0.11293 -0.000765025 
0.611006 0.632716 0.0200875 -0.0574275 0.111938 -0.000754789 
0.632716 0.632716 0.0145682 -0.0807332 0.110438 -0.000733445 
0.653718 0.632716 0.00849352 -0.103265 0.108506 -0.000715416 
0.67472 0.632716 0.00185072 -0.125892 0.1061 -0.00068383 
0.694826 0.632716 -0.00536836 -0.148045 0.103347 -0.000661674 
0.714932 0.632716 -0.0132468 -0.171057 0.100141 -0.000621849 
0.733987 0.632716 -0.0218321 -0.194515 0.0966613 -0.000599385 
0.753042 0.632716 -0.0312342 -0.220345 0.0927123 -0.000551696 
0.77093 0.632716 -0.0415076 -0.248131 0.0885285 -0.000532157 
0.788819 0.632716 -0.0526576 -0.280309 0.0838084 -0.000474644 
0.805462 0.632716 -0.0644829 -0.315575 0.0788573 -0.000459598 
0.822106 0.632716 -0.0767173 -0.356358 0.0732735 -0.000389596 
0.837463 0.632716 -0.0884031 -0.398823 0.0674795 -0.000377438 
0.85282 0.632716 -0.0990379 -0.444481 0.0610093 -0.000297078 
0.866881 0.632716 -0.106672 -0.485853 0.0544646 -0.000282367 
0.880943 0.632716 -0.111138 -0.522911 0.0473689 -0.00020539 
0.893728 0.632716 -0.110359 -0.546877 0.040517 -0.000181576 
0.906513 0.632716 -0.105251 -0.556623 0.0334496 -0.000130945 
0.918063 0.632716 -0.0952121 -0.548336 0.0270513 -9.6046e-05 
0.929613 0.632716 -0.0818854 -0.520572 0.0208612 -8.65208e-05 
0.939988 0.632716 -0.0667146 -0.478285 0.0156669 -4.59398e-05 
0.950362 0.632716 -0.0506632 -0.419511 0.0109968 -7.08941e-05 
0.959633 0.632716 -0.0361974 -0.355045 0.00740052 -3.31025e-05 
0.968903 0.632716 -0.0229663 -0.281314 0.00444478 -7.37235e-05 
0.977148 0.632716 -0.013094 -0.210098 0.00241757 -4.37476e-05 
0.985394 0.632716 -0.00555242 -0.135604 0.000991088 -8.54822e-05 
0.992697 0.632716 -0.00146185 -0.0680472 0.000247981 -6.31169e-05 
1 0.632716 0 0 0 -0.000102089 

0 0.653718 0 0 0 8.88644e-06 
0.00730325 0.653718 0.000234666 0.0259784 9.56684e-05 1.50643e-05 
0.0146065 0.653718 0.000866517 0.0508667 0.000377158 1.14491e-05 
0.0228517 0.653718 0.00198291 0.0775742 0.000907983 1.75021e-05 
0.031097 0.653718 0.00342341 0.102773 0.0016528 1.31419e-05 
0.0403673 0.653718 0.0053242 0.12924 0.0027301 1.86576e-05 
0.0496377 0.653718 0.00742691 0.153677 0.00404333 1.36819e-05 
0.0600123 0.653718 0.00987471 0.178583 0.0057694 1.75425e-05 
0.0703869 0.653718 0.0123671 0.200906 0.00774043 1.1871e-05 
0.0819372 0.653718 0.0150316 0.222802 0.0101905 1.25059e-05 
0.0934875 0.653718 0.0175949 0.241734 0.0128763 5.45109e-06 
0.106272 0.653718 0.0201891 0.259487 0.0160838 1.23679e-06 
0.119057 0.653718 0.0226136 0.274223 0.0194988 -8.78751e-06 
0.133119 0.653718 0.02506 0.287325 0.0234502 -1.91429e-05 
0.14718 0.653718 0.0273824 0.297638 0.0275662 -3.45509e-05 
0.162537 0.653718 0.0298702 0.306058 0.0322049 -5.19482e-05 
0.177894 0.653718 0.0323547 0.311915 0.0369532 -7.54284e-05 
0.194538 0.653718 0.0351946 0.315538 0.0421782 -0.000100604 
0.211181 0.653718 0.0381237 0.316571 0.0474419 -0.000134233 
0.22907 0.653718 0.0414841 0.314812 0.0530931 -0.000167761 
0.246958 0.653718 0.0449081 0.310241 0.0586877 -0.000212056 
0.266013 0.653718 0.0486324 0.302313 0.0645282 -0.000253703 
0.285068 0.653718 0.0522637 0.29149 0.0701902 -0.000306854 
0.305174 0.653718 0.055888 0.277135 0.0759106 -0.000354635 
0.32528 0.653718 0.0591936 0.260244 0.0813169 -0.000412321 
0.346282 0.653718 0.0621292 0.240276 0.0865758 -0.000462174 
0.367284 0.653718 0.0645417 0.218584 0.0913972 -0.000518387 
0.388994 0.653718 0.0662994 0.194781 0.0958855 -0.000565011 
0.410703 0.653718 0.0674152 0.170223 0.0998488 -0.000613691 
0.432902 0.653718 0.0677367 0.144645 0.103344 -0.000652075 
0.455101 0.653718 0.0673847 0.119069 0.106271 -0.000688617 
0.477551 0.653718 0.066218 0.0933279 0.108654 -0.000715278 
0.5 0.653718 0.0643894 0.0679626 0.110463 -0.000737106 
0.522449 0.653718 0.0617763 0.0429363 0.111707 -0.000750532 
0.544899 0.653718 0.0585141 0.0183515 0.112394 -0.000756891 
0.567098 0.653718 0.0545072 -0.00563485 0.112534 -0.000757404 
0.589297 0.653718 0.0498556 -0.0292545 0.112145 -0.000748971 
0.611006 0.653718 0.0445101 -0.0521264 0.111261 -0.000738418 
0.632716 0.653718 0.0385243 -0.0747596 0.109883 -0.000717004 
0.653718 0.653718 0.0319111 -0.0966041 0.108082 -0.000698395 
0.67472 0.653718 0.0246579 -0.118485 0.105823 -0.000666523 
0.694826 0.653718 0.0168243 -0.139835 0.103227 -0.000643548 
0.714932 0.653718 0.00831198 -0.161924 0.100194 -0.000603571 
0.733987 0.653718 -0.000821437 -0.184334 0.0968982 -0.00058001 
0.753042 0.653718 -0.0107416 -0.20893 0.0931545 -0.000532859 
0.77093 0.653718 -0.021406 -0.235357 0.0891871 -0.000512091 
0.788819 0.653718 -0.0329428 -0.26607 0.0847087 -0.000456547 
0.805462 0.653718 -0.0451549 -0.300061 0.080006 -0.000441118 
0.822106 0.653718 -0.057954 -0.339969 0.0746884 -0.000375096 
0.837463 0.653718 -0.0705473 -0.382583 0.0691466 -0.000365638 
0.85282 0.653718 -0.0825583 -0.429842 0.0629149 -0.000290638 
0.866881 0.653718 -0.0922067 -0.474755 0.0565529 -0.000283689 
0.880943 0.653718 -0.0992278 -0.51764 0.0495737 -0.000210564 
0.893728 0.653718 -0.101369 -0.548957 0.0427422 -0.00019779 
0.906513 0.653718 -0.0993027 -0.567523 0.0355919 -0.000146291 
0.918063 0.653718 -0.0918791 -0.567367 0.0290185 -0.000119978 
0.929613 0.653718 -0.0807632 -0.546805 0.0225649 -0.00010579 
0.939988 0.653718 -0.0669138 -0.509058 0.0170718 -6.74881e-05 
0.950362 0.653718 -0.051672 -0.452113 0.01207 -8.8299e-05 
0.959633 0.653718 -0.0373596 -0.386705 0.00817338 -4.79722e-05 
0.968903 0.653718 -0.0240036 -0.309376 0.00493837 -8.75934e-05 
0.977148 0.653718 -0.0138065 -0.232929 0.0026998 -5.37743e-05 
0.985394 0.653718 -0.00592387 -0.151461 0.00111224 -9.74559e-05 
0.992697 0.653718 -0.00157601 -0.0764624 0.000279565 -7.18686e-05 
1 0.653718 0 0 0 -0.00011461 

0 0.67472 0 0 0 1.73028e-05 
0.00730325 0.67472 0.000234133 0.0247965 9.06035e-05 2.31134e-05 
0.0146065 0.67472 0.000907346 0.0485825 0.000358449 2.03099e-05 
0.0228517 0.67472 0.00211113 0.074272 0.000864924 2.57794e-05 
0.031097 0.67472 0.00369453 0.0986895 0.00157796 2.21964e-05 
0.0403673 0.67472 0.00581832 0.124508 0.00261292 2.65883e-05 
0.0496377 0.67472 0.00821267 0.148545 0.003879 2.19202e-05 
0.0600123 0.67472 0.011068 0.173211 0.00554911 2.41216e-05 
0.0703869 0.67472 0.0140436 0.195509 0.00746292 1.81713e-05 
0.0819372 0.67472 0.017335 0.217512 0.00984999 1.69481e-05 
0.0934875 0.67472 0.020595 0.236675 0.0124749 9.27224e-06 
0.106272 0.67472 0.0240374 0.254701 0.0156184 3.49756e-06 
0.119057 0.67472 0.0273591 0.269716 0.0189733 -7.03241e-06 
0.133119 0.67472 0.0308408 0.283026 0.0228622 -1.82054e-05 
0.14718 0.67472 0.0342194 0.293468 0.0269181 -3.35876e-05 
0.162537 0.67472 0.0378809 0.301887 0.0314923 -5.08066e-05 
0.177894 0.67472 0.041537 0.307666 0.0361756 -7.35821e-05 
0.194538 0.67472 0.0456505 0.311116 0.0413281 -9.76012e-05 
0.211181 0.67472 0.0498362 0.311979 0.0465164 -0.000130036 
0.22907 0.67472 0.0545381 0.310055 0.0520836 -0.000161739 
0.246958 0.67472 0.0592703 0.305418 0.0575921 -0.000204754 
0.266013 0.67472 0.0643536 0.297525 0.0633406 -0.000244429 
0.285068 0.67472 0.0692851 0.286889 0.0689127 -0.000296634 
0.305174 0.67472 0.0742078 0.27286 0.0745434 -0.000342825 
0.32528 0.67472 0.078722 0.256442 0.0798682 -0.000400178 
0.346282 0.67472 0.0828092 0.237058 0.0850531 -0.000449138 
0.367284 0.67472 0.086258 0.216048 0.0898139 -0.00050568 
0.388994 0.67472 0.0889533 0.192975 0.094255 -0.000552095 
0.410703 0.67472 0.090877 0.169185 0.0981875 -0.000601601 
0.432902 0.67472 0.0918855 0.14437 0.101668 -0.000640179 
0.455101 0.67472 0.0920867 0.11956 0.104597 -0.000677755 
0.477551 0.67472 0.0913439 0.0945592 0.107 -0.00070465 
0.5 0.67472 0.0898061 0.0699332 0.108846 -0.000727449 
0.522449 0.67472 0.0873532 0.0456291 0.110142 -0.000740859 
0.544899 0.67472 0.0841187 0.021777 0.110898 -0.000747946 
0.567098 0.67472 0.0800109 -0.00148096 0.111122 -0.000748038 
0.589297 0.67472 0.0751257 -0.024352 0.110835 -0.00074001 
0.611006 0.67472 0.0694275 -0.0464745 0.110066 -0.000728587 
0.632716 0.67472 0.062963 -0.0683347 0.108819 -0.000707287 
0.653718 0.67472 0.0557822 -0.0894003 0.107162 -0.000687385 
0.67472 0.67472 0.0478602 -0.110467 0.105063 -0.000655529 
0.694826 0.67472 0.0393354 -0.130967 0.102637 -0.000630904 
0.714932 0.67472 0.0300818 -0.152128 0.0997923 -0.000591292 
0.733987 0.67472 0.0202822 -0.173509 0.0966928 -0.000565788 
0.753042 0.67472 0.00970536 -0.196928 0.0931665 -0.000520029 
0.77093 0.67472 -0.00147215 -0.222039 0.0894252 -0.000497027 
0.788819 0.67472 -0.013511 -0.251306 0.0851975 -0.000444364 
0.805462 0.67472 -0.0261658 -0.283902 0.080752 -0.000426305 
0.822106 0.67472 -0.0395494 -0.322658 0.0757129 -0.000363858 
0.837463 0.67472 -0.0529884 -0.36487 0.0704414 -0.000351298 
0.85282 0.67472 -0.0662749 -0.412943 0.064477 -0.000277668 
0.866881 0.67472 -0.0777879 -0.460465 0.0583373 -0.000267558 
0.880943 0.67472 -0.0872075 -0.508277 0.0515278 -0.000190406 
0.893728 0.67472 -0.0921329 -0.546381 0.0447757 -0.000175619 
0.906513 0.67472 -0.0930025 -0.573717 0.0376054 -0.000115932 
0.918063 0.67472 -0.0881518 -0.582167 0.0309115 -8.95813e-05 
0.929613 0.67472 -0.0792352 -0.569829 0.02424 -6.91952e-05 
0.939988 0.67472 -0.0667355 -0.537749 0.018477 -3.15943e-05 
0.950362 0.67472 -0.0523403 -0.483841 0.0131601 -5.22467e-05 
0.959633 0.67472 -0.0382329 -0.418386 0.00896775 -1.15086e-05 
0.968903 0.67472 -0.0248022 -0.338092 0.005451 -5.52123e-05 
0.977148 0.67472 -0.014345 -0.256667 0.00299525 -1.94777e-05 
0.985394 0.67472 -0.00617876 -0.168195 0.00123996 -6.79556e-05 
0.992697 0.67472 -0.00164297 -0.085481 0.000312922 -3.97088e-05 
1 0.67472 0 0 0 -8.65263e-05 

0 0.694826 0 0 0 -1.06539e-05 
0.00730325 0.694826 0.000248311 0.0233651 8.59089e-05 -4.53976e-06 
0.0146065 0.694826 0.00092084 0.0460275 0.00033998 -8.02533e-06 
0.0228517 0.694826 0.00214264 0.0706673 0.000822125 -1.68319e-06 
0.031097 0.694826 0.00375306 0.0942225 0.00150296 -6.02354e-06 
0.0403673 0.694826 0.00596047 0.119324 0.00249435 5.27996e-07 
0.0496377 0.694826 0.00847932 0.142829 0.003711 -4.55416e-06 
0.0600123 0.694826 0.0115659 0.167153 0.00532117 1.48746e-06 
0.0703869 0.694826 0.0148442 0.189263 0.00717215 -4.34243e-06 
0.0819372 0.694826 0.0185881 0.211264 0.00948809 -1.15318e-07 
0.0934875 0.694826 0.0223881 0.230503 0.0120421 -7.15503e-06 
0.106272 0.694826 0.026538 0.24872 0.0151088 -6.35511e-06 
0.119057 0.694826 0.0306481 0.263899 0.018389 -1.58765e-05 
0.133119 0.694826 0.0350719 0.277387 0.0221981 -2.00612e-05 
0.14718 0.694826 0.0394492 0.287901 0.0261759 -3.42635e-05 
0.162537 0.694826 0.0442311 0.296332 0.0306653 -4.47499e-05 
0.177894 0.694826 0.0490362 0.302019 0.0352631 -6.63721e-05 
0.194538 0.694826 0.0543908 0.305332 0.0403207 -8.43213e-05 
0.211181 0.694826 0.0598255 0.306035 0.0454118 -0.000115766 
0.22907 0.694826 0.0658466 0.303991 0.0508718 -0.000142199 
0.246958 0.694826 0.0718896 0.299313 0.0562716 -0.000184467 
0.266013 0.694826 0.0783266 0.291508 0.0619048 -0.000219726 
0.285068 0.694826 0.0845814 0.281105 0.0673645 -0.00027152 
0.305174 0.694826 0.0908289 0.267471 0.072883 -0.000314278 
0.32528 0.694826 0.0966077 0.251592 0.0781048 -0.000371691 
0.346282 0.694826 0.101911 0.232878 0.083195 -0.000418356 
0.367284 0.694826 0.106485 0.212631 0.0878762 -0.000475534 
0.388994 0.694826 0.110211 0.190385 0.0922522 -0.000520797 
0.410703 0.694826 0.11305 0.167456 0.0961379 -0.000571466 
0.432902 0.694826 0.114847 0.143504 0.0995895 -0.000609793 
0.455101 0.694826 0.115708 0.119556 0.102509 -0.000648812 
0.477551 0.694826 0.115481 0.0953952 0.104921 -0.000675931 
0.5 0.694826 0.114324 0.0716061 0.106795 -0.000700096 
0.522449 0.694826 0.112101 0.0481219 0.108138 -0.000713773 
0.544899 0.694826 0.108962 0.0251015 0.108959 -0.000721827 
0.567098 0.694826 0.104802 0.00266877 0.109266 -0.000721937 
0.589297 0.694826 0.0997318 -0.0193532 0.109079 -0.0007143 
0.611006 0.694826 0.0937117 -0.0406345 0.108427 -0.000702555 
0.632716 0.694826 0.0868009 -0.061628 0.107315 -0.000681056 
0.653718 0.694826 0.0790645 -0.0818451 0.105807 -0.000660557 
0.67472 0.694826 0.0704859 -0.102036 0.103875 -0.000628058 
0.694826 0.694826 0.0612524 -0.121676 0.101626 -0.000602659 
0.714932 0.694826 0.0512354 -0.141921 0.0989762 -0.000562243 
0.733987 0.694826 0.0407086 -0.162358 0.0960792 -0.000535796 
0.753042 0.694826 0.0294108 -0.184708 0.0927746 -0.000489494 
0.77093 0.694826 0.0176317 -0.208665 0.0892614 -0.000465327 
0.788819 0.694826 0.00502779 -0.236608 0.0852841 -0.000412947 
0.805462 0.694826 -0.00808723 -0.267871 0.0810942 -0.000393811 
0.822106 0.694826 -0.0219777 -0.30533 0.0763326 -0.000333093 
0.837463 0.694826 -0.0360433 -0.346756 0.0713342 -0.000321012 
0.85282 0.694826 -0.0502528 -0.394873 0.0656484 -0.000250648 
0.866881 0.694826 -0.0631886 -0.444006 0.0597534 -0.000245147 
0.880943 0.694826 -0.074566 -0.495491 0.0531512 -0.000171073 
0.893728 0.694826 -0.0820089 -0.539368 0.0465271 -0.000165765 
0.906513 0.694826 -0.0857297 -0.574748 0.0393965 -0.000105532 
0.918063 0.694826 -0.0836298 -0.591748 0.0326405 -8.90701e-05 
0.929613 0.694826 -0.0772117 -0.588161 0.0258071 -6.35999e-05 
0.939988 0.694826 -0.0663844 -0.56267 0.019817 -3.03576e-05 
0.950362 0.694826 -0.0531186 -0.512911 0.0142174 -4.53889e-05 
0.959633 0.694826 -0.0393446 -0.448423 0.00974825 -3.0088e-06 
0.968903 0.694826 -0.0258919 -0.365947 0.0059603 -4.44869e-05 
0.977148 0.694826 -0.0151159 -0.280062 0.00329124 -4.95283e-06 
0.985394 0.694826 -0.00658893 -0.184837 0.00136879 -5.5011e-05 
0.992697 0.694826 -0.00176707 -0.0944647 0.000346899 -2.35143e-05 
1 0.694826 0 0 0 -7.42293e-05 

0 0.714932 0 0 0 8.17482e-06 
0.00730325 0.714932 0.000221404 0.0222349 8.10234e-05 1.27048e-05 
0.0146065 0.714932 0.000884144 0.0437918 0.000321757 1.13689e-05 
0.0228517 0.714932 0.00208904 0.067337 0.000779554 1.55132e-05 
0.031097 0.714932 0.00370946 0.0899966 0.00142784 1.34453e-05 
0.0403673 0.714932 0.00594766 0.114239 0.00237455 1.66878e-05 
0.0496377 0.714932 0.00853996 0.137113 0.00353975 1.33753e-05 
0.0600123 0.714932 0.0117652 0.160878 0.00508634 1.52757e-05 
0.0703869 0.714932 0.0152447 0.182656 0.00686932 1.05642e-05 
0.0819372 0.714932 0.0193111 0.204404 0.00910644 1.06636e-05 
0.0934875 0.714932 0.023512 0.22357 0.01158 4.34977e-06 
0.106272 0.714932 0.0282298 0.241751 0.0145572 1.95721e-06 
0.119057 0.714932 0.0329862 0.256984 0.0177481 -6.79966e-06 
0.133119 0.714932 0.0382388 0.270483 0.0214597 -1.26574e-05 
0.14718 0.714932 0.0435037 0.281011 0.0253403 -2.5695e-05 
0.162537 0.714932 0.0493417 0.289358 0.029723 -3.62214e-05 
0.177894 0.714932 0.0552331 0.294942 0.0342128 -5.61735e-05 
0.194538 0.714932 0.0618165 0.298073 0.0391509 -7.28165e-05 
0.211181 0.714932 0.0684856 0.298631 0.0441197 -0.000102307 
0.22907 0.714932 0.0758567 0.296455 0.0494456 -0.000126641 
0.246958 0.714932 0.0832358 0.291771 0.0547102 -0.000167123 
0.266013 0.714932 0.0910923 0.284074 0.0602 -0.000200156 
0.285068 0.714932 0.0987303 0.273956 0.0655202 -0.000250799 
0.305174 0.714932 0.106399 0.260771 0.0708988 -0.000291794 
0.32528 0.714932 0.113533 0.245508 0.0759915 -0.000348976 
0.346282 0.714932 0.120174 0.227548 0.0809613 -0.000394674 
0.367284 0.714932 0.125989 0.208166 0.0855391 -0.000452544 
0.388994 0.714932 0.130882 0.186854 0.0898279 -0.000497627 
0.410703 0.714932 0.134764 0.164901 0.0936472 -0.000549654 
0.432902 0.714932 0.137486 0.141932 0.0970528 -0.000588307 
0.455101 0.714932 0.13913 0.118969 0.0999486 -0.000628969 
0.477551 0.714932 0.139538 0.0957734 0.102358 -0.000656538 
0.5 0.714932 0.138866 0.0729458 0.104251 -0.00068228 
0.522449 0.714932 0.136972 0.0504063 0.105635 -0.000696206 
0.544899 0.714932 0.134007 0.0283407 0.106518 -0.000705549 
0.567098 0.714932 0.129867 0.00685636 0.106908 -0.000705499 
0.589297 0.714932 0.124665 -0.0141964 0.106825 -0.000698765 
0.611006 0.714932 0.118372 -0.0345166 0.106295 -0.000686332 
0.632716 0.714932 0.111044 -0.0545314 0.105328 -0.000665339 
0.653718 0.714932 0.102778 -0.0737922 0.10398 -0.00064354 
0.67472 0.714932 0.0935461 -0.0930183 0.102228 -0.000611213 
0.694826 0.714932 0.0836042 -0.111722 0.10017 -0.000583813 
0.714932 0.714932 0.0727949 -0.131011 0.0977307 -0.000543455 
0.733987 0.714932 0.0615083 -0.150484 0.0950512 -0.000514215 
0.753042 0.714932 0.0494248 -0.171796 0.0919831 -0.000468324 
0.77093 0.714932 0.0369834 -0.194631 0.088711 -0.000440495 
0.788819 0.714932 0.0237303 -0.221312 0.0849959 -0.000389484 
0.805462 0.714932 0.0101001 -0.25123 0.0810717 -0.000365742 
0.822106 0.714932 -0.00435466 -0.287315 0.0765982 -0.00030742 
0.837463 0.714932 -0.0190464 -0.327648 0.0718853 -0.000289758 
0.85282 0.714932 -0.0341675 -0.375295 0.0664971 -0.000221132 
0.866881 0.714932 -0.048461 -0.425232 0.0608741 -0.00020948 
0.880943 0.714932 -0.0617302 -0.479456 0.054519 -0.000133121 
0.893728 0.714932 -0.0716141 -0.528254 0.0480717 -0.00012259 
0.906513 0.714932 -0.0781307 -0.571204 0.0410382 -5.52612e-05 
0.918063 0.714932 -0.0787589 -0.596818 0.0342748 -3.64255e-05 
0.929613 0.714932 -0.0748397 -0.60275 0.0273293 -4.61635e-06 
0.939988 0.714932 -0.0657142 -0.584895 0.0211468 2.86746e-05 
0.950362 0.714932 -0.0536091 -0.54063 0.0152866 1.33061e-05 
0.959633 0.714932 -0.0402117 -0.478171 0.0105488 5.63326e-05 
0.968903 0.714932 -0.0267738 -0.394354 0.00648911 9.01506e-06 
0.977148 0.714932 -0.0157368 -0.30438 0.00360135 5.12938e-05 
0.985394 0.714932 -0.00689468 -0.202444 0.00150484 -5.41994e-06 
0.992697 0.714932 -0.00185302 -0.10413 0.000382843 3.00575e-05 
1 0.714932 0 0 0 -2.62602e-05 

0 0.733987 0 0 0 -2.26203e-05 
0.00730325 0.733987 0.000222598 0.0209443 7.69402e-05 -1.72701e-05 
0.0146065 0.733987 0.00082001 0.0414658 0.000305413 -2.04704e-05 
0.0228517 0.733987 0.00193242 0.0640181 0.00074122 -1.45371e-05 
0.031097 0.733987 0.00342486 0.08578 0.00135971 -1.84913e-05 
0.0403673 0.733987 0.00554007 0.109231 0.002265 -1.15387e-05 
0.0496377 0.733987 0.00802041 0.131401 0.00338169 -1.60899e-05 
0.0600123 0.733987 0.0111939 0.154611 0.00486726 -8.32886e-06 
0.0703869 0.733987 0.0146848 0.175912 0.00658361 -1.34844e-05 
0.0819372 0.733987 0.0188828 0.197348 0.00874178 -5.74633e-06 
0.0934875 0.733987 0.0233211 0.216247 0.0111328 -1.18718e-05 
0.106272 0.733987 0.0284421 0.234297 0.014016 -5.52155e-06 
0.119057 0.733987 0.0337266 0.24939 0.017111 -1.3686e-05 
0.133119 0.733987 0.0396872 0.262816 0.0207156 -1.04761e-05 
0.14718 0.733987 0.045775 0.273213 0.0244877 -2.27313e-05 
0.162537 0.733987 0.0525956 0.281433 0.02875 -2.46264e-05 
0.177894 0.733987 0.0595536 0.286829 0.0331168 -4.38054e-05 
0.194538 0.733987 0.0673259 0.289775 0.0379186 -5.28201e-05 
0.211181 0.733987 0.0752332 0.29015 0.0427481 -8.17074e-05 
0.22907 0.733987 0.0839301 0.287859 0.0479214 -9.96678e-05 
0.246958 0.733987 0.0926558 0.283155 0.0530322 -0.000139818 
0.266013 0.733987 0.101917 0.275588 0.0583593 -0.000167755 
0.285068 0.733987 0.110955 0.265758 0.0635207 -0.000218425 
0.305174 0.733987 0.120046 0.253051 0.0687397 -0.000255586 
0.32528 0.733987 0.128569 0.238424 0.0736839 -0.00031326 
0.346282 0.733987 0.136574 0.221264 0.0785137 -0.000356392 
0.367284 0.733987 0.143684 0.202786 0.0829693 -0.000415299 
0.388994 0.733987 0.149796 0.182471 0.0871527 -0.000459021 
0.410703 0.733987 0.154795 0.161558 0.0908885 -0.000512564 
0.432902 0.733987 0.15851 0.139654 0.0942322 -0.000550814 
0.455101 0.733987 0.161015 0.117758 0.0970896 -0.000593218 
0.477551 0.733987 0.162131 0.0956194 0.0994841 -0.000620929 
0.5 0.733987 0.162021 0.0738451 0.101386 -0.000648276 
0.522449 0.733987 0.16052 0.0523446 0.102801 -0.000662437 
0.544899 0.733987 0.157801 0.0313284 0.103739 -0.000672917 
0.567098 0.733987 0.153742 0.0108831 0.104206 -0.000672861 
0.589297 0.733987 0.148478 -0.00910793 0.104224 -0.000666598 
0.611006 0.733987 0.141975 -0.028385 0.103816 -0.000653775 
0.632716 0.733987 0.134307 -0.047336 0.102992 -0.000632553 
0.653718 0.733987 0.125583 -0.0655772 0.101805 -0.000610008 
0.67472 0.733987 0.115787 -0.0837746 0.100235 -0.000576864 
0.694826 0.733987 0.105211 -0.101518 0.0983717 -0.000548479 
0.714932 0.733987 0.0936988 -0.119835 0.0961458 -0.00050692 
0.733987 0.733987 0.0817082 -0.138396 0.0936867 -0.000476532 
0.753042 0.733987 0.0689031 -0.158729 0.090857 -0.000429318 
0.77093 0.733987 0.0558133 -0.18058 0.0878262 -0.000400137 
0.788819 0.733987 0.0419361 -0.20612 0.0843717 -0.000348001 
0.805462 0.733987 0.0277857 -0.234843 0.0807093 -0.000322719 
0.822106 0.733987 0.0128128 -0.269576 0.0765191 -0.000263876 
0.837463 0.733987 -0.00240458 -0.308718 0.0720878 -0.00024522 
0.85282 0.733987 -0.0182182 -0.355449 0.0669973 -0.000177009 
0.866881 0.733987 -0.0335456 -0.405492 0.0616539 -0.000167191 
0.880943 0.733987 -0.0483115 -0.461312 0.0555663 -9.14564e-05 
0.893728 0.733987 -0.0603299 -0.513901 0.0493289 -8.81227e-05 
0.906513 0.733987 -0.0694754 -0.563263 0.0424399 -1.87305e-05 
0.918063 0.733987 -0.0729628 -0.596966 0.0357221 -1.03793e-05 
0.929613 0.733987 -0.0718425 -0.612429 0.0287205 2.8485e-05 
0.939988 0.733987 -0.0648159 -0.602874 0.0223925 5.51062e-05 
0.950362 0.733987 -0.0542416 -0.565124 0.01631 4.84649e-05 
0.959633 0.733987 -0.0414037 -0.505797 0.0113274 9.18941e-05 
0.968903 0.733987 -0.02806 -0.421532 0.00701046 4.93378e-05 
0.977148 0.733987 -0.0166733 -0.328135 0.00391016 9.52929e-05 
0.985394 0.733987 -0.00740449 -0.219821 0.00164138 3.78391e-05 
0.992697 0.733987 -0.00200307 -0.113697 0.000419312 7.64892e-05 
1 0.733987 0 0 0 1.59656e-05 

0 0.753042 0 0 0 7.14525e-06 
0.00730325 0.753042 0.000162241 0.0200935 7.30421e-05 8.43631e-06 
0.0146065 0.753042 0.000700424 0.0397257 0.000290865 1.03409e-05 
0.0228517 0.753042 0.00168698 0.0613068 0.000706719 1.08439e-05 
0.031097 0.753042 0.00305124 0.0822582 0.00129794 1.21775e-05 
0.0403673 0.753042 0.00498938 0.104796 0.0021647 1.15332e-05 
0.0496377 0.753042 0.00730009 0.126247 0.00323553 1.14912e-05 
0.0600123 0.753042 0.01031 0.14866 0.00466221 1.04545e-05 
0.0703869 0.753042 0.0136749 0.169381 0.00631287 8.94896e-06 
0.0819372 0.753042 0.0178439 0.190191 0.00839127 8.49642e-06 
0.0934875 0.753042 0.0223306 0.208676 0.0106968 5.52171e-06 
0.106272 0.753042 0.0276896 0.226277 0.0134801 5.82861e-06 
0.119057 0.753042 0.0333158 0.241087 0.0164706 6.80646e-07 
0.133119 0.753042 0.0398615 0.254179 0.0199561 6.54215e-07 
0.14718 0.753042 0.0466347 0.264344 0.0236051 -8.53297e-06 
0.162537 0.753042 0.0543831 0.272264 0.0277289 -1.10734e-05 
0.177894 0.753042 0.0623386 0.277427 0.0319531 -2.71616e-05 
0.194538 0.753042 0.0713107 0.280095 0.0365958 -3.49809e-05 
0.211181 0.753042 0.0804485 0.280285 0.0412623 -6.09877e-05 
0.22907 0.753042 0.0905274 0.277842 0.0462573 -7.68288e-05 
0.246958 0.753042 0.100634 0.273141 0.0511885 -0.000114682 
0.266013 0.753042 0.11138 0.265706 0.0563253 -0.000140414 
0.285068 0.753042 0.121876 0.256206 0.0613007 -0.000189742 
0.305174 0.753042 0.132483 0.244011 0.0663319 -0.000225228 
0.32528 0.753042 0.14247 0.23008 0.0711005 -0.000282721 
0.346282 0.753042 0.151943 0.213782 0.0757633 -0.000325024 
0.367284 0.753042 0.160439 0.19629 0.0800714 -0.000384858 
0.388994 0.753042 0.167883 0.177065 0.0841249 -0.000428588 
0.410703 0.753042 0.174097 0.157293 0.0877552 -0.000483873 
0.432902 0.753042 0.17892 0.136567 0.0910168 -0.000522709 
0.455101 0.753042 0.18239 0.115855 0.0938185 -0.000567252 
0.477551 0.753042 0.184324 0.0948966 0.0961833 -0.000595749 
0.5 0.753042 0.184873 0.0742991 0.0980817 -0.000625251 
0.522449 0.753042 0.183869 0.0539625 0.0995203 -0.000640049 
0.544899 0.753042 0.181483 0.0341173 0.100508 -0.000652455 
0.567098 0.753042 0.177598 0.0148315 0.10105 -0.000652615 
0.589297 0.753042 0.172352 -0.00398321 0.101169 -0.000647935 
0.611006 0.753042 0.165729 -0.0221053 0.100885 -0.000634687 
0.632716 0.753042 0.157797 -0.0398901 0.100211 -0.000614658 
0.653718 0.753042 0.148708 -0.0570133 0.0991923 -0.000590812 
0.67472 0.753042 0.138421 -0.0741001 0.0978146 -0.000558438 
0.694826 0.753042 0.127302 -0.0908079 0.0961569 -0.000527589 
0.714932 0.753042 0.115152 -0.108105 0.0941573 -0.000486401 
0.733987 0.753042 0.102533 -0.125708 0.0919314 -0.000452101 
0.753042 0.753042 0.0890414 -0.145064 0.0893533 -0.000405071 
0.77093 0.753042 0.0753443 -0.165924 0.086576 -0.000370332 
0.788819 0.753042 0.0608338 -0.190366 0.0833935 -0.00031868 
0.805462 0.753042 0.0461688 -0.217886 0.0800033 -0.000286121 
0.822106 0.753042 0.0306387 -0.251267 0.0761062 -0.000228557 
0.837463 0.753042 0.0148964 -0.289043 0.0719666 -0.000200943 
0.85282 0.753042 -0.00164048 -0.33457 0.0671874 -0.000134274 
0.866881 0.753042 -0.0179791 -0.384083 0.0621427 -0.000114144 
0.880943 0.753042 -0.0342512 -0.440676 0.0563523 -3.74907e-05 
0.893728 0.753042 -0.0483847 -0.49604 0.050364 -2.39588e-05 
0.906513 0.753042 -0.0601811 -0.55101 0.0436709 5.12286e-05 
0.918063 0.753042 -0.0665569 -0.592408 0.0370527 6.671e-05 
0.929613 0.753042 -0.0682979 -0.617826 0.0300488 0.000111922 
0.939988 0.753042 -0.063445 -0.617441 0.0236166 0.000141421 
0.950362 0.753042 -0.0544771 -0.587697 0.0173406 0.00013345 
0.959633 0.753042 -0.0422754 -0.532751 0.0121259 0.000179023 
0.968903 0.753042 -0.0290871 -0.449184 0.00755342 0.000127244 
0.977148 0.753042 -0.0174351 -0.352889 0.00423532 0.000178041 
0.985394 0.753042 -0.00779625 -0.238344 0.00178653 0.000110177 
0.992697 0.753042 -0.00212274 -0.124084 0.00045817 0.000155716 
1 0.753042 0 0 0 8.65587e-05 

0 0.77093 0 0 0 -3.00416e-05 
0.00730325 0.77093 0.000155521 0.019139 7.03137e-05 -2.58351e-05 
0.0146065 0.77093 0.000548823 0.037997 0.000279551 -2.90889e-05 
0.0228517 0.77093 0.00131088 0.0588586 0.000679853 -2.39039e-05 
0.031097 0.77093 0.00236252 0.079034 0.00124932 -2.74998e-05 
0.0403673 0.77093 0.00393888 0.100896 0.00208475 -2.03509e-05 
0.0496377 0.77093 0.00587479 0.121584 0.00311728 -2.39958e-05 
0.0600123 0.77093 0.00852088 0.143352 0.00449342 -1.45716e-05 
0.0703869 0.77093 0.0115902 0.163347 0.00608603 -1.83902e-05 
0.0819372 0.77093 0.0155475 0.18356 0.00809179 -6.92847e-06 
0.0934875 0.77093 0.0199613 0.20139 0.0103171 -1.13621e-05 
0.106272 0.77093 0.0254014 0.218466 0.0130039 1.2141e-06 
0.119057 0.77093 0.0312921 0.232717 0.0158909 -4.87556e-06 
0.133119 0.77093 0.0382993 0.245358 0.0192553 6.9254e-06 
0.14718 0.77093 0.0457218 0.255051 0.0227768 -2.87691e-06 
0.162537 0.77093 0.054313 0.262578 0.0267548 5.31361e-06 
0.177894 0.77093 0.0632647 0.267349 0.0308272 -1.12191e-05 
0.194538 0.77093 0.0733842 0.269699 0.0352997 -9.92657e-06 
0.211181 0.77093 0.083769 0.269622 0.0397911 -3.63605e-05 
0.22907 0.77093 0.0951931 0.267028 0.0445943 -4.49497e-05 
0.246958 0.77093 0.106694 0.262294 0.0493319 -8.33284e-05 
0.266013 0.77093 0.118889 0.255004 0.0542638 -0.000103595 
0.285068 0.77093 0.130846 0.245815 0.0590387 -0.000153631 
0.305174 0.77093 0.142936 0.234144 0.0638667 -0.000185219 
0.32528 0.77093 0.154384 0.2209 0.0684443 -0.000243696 
0.346282 0.77093 0.165302 0.205482 0.0729242 -0.000283461 
0.367284 0.77093 0.175188 0.188982 0.077069 -0.000344631 
0.388994 0.77093 0.183959 0.170877 0.0809767 -0.000386999 
0.410703 0.77093 0.191409 0.152277 0.084486 -0.000443947 
0.432902 0.77093 0.197357 0.132779 0.0876505 -0.000482328 
0.455101 0.77093 0.201829 0.113302 0.0903823 -0.000528675 
0.477551 0.77093 0.204618 0.0935893 0.0927042 -0.000557247 
0.5 0.77093 0.20588 0.0742332 0.0945875 -0.000588396 
0.522449 0.77093 0.205424 0.0551291 0.0960385 -0.000603375 
0.544899 0.77093 0.203443 0.0365214 0.0970661 -0.00061698 
0.567098 0.77093 0.199805 0.0184557 0.0976749 -0.000617079 
0.589297 0.77093 0.194672 0.000875958 0.0978878 -0.000612968 
0.611006 0.77093 0.18803 -0.0160466 0.0977214 -0.00059922 
0.632716 0.77093 0.179966 -0.0326194 0.0971912 -0.000579077 
0.653718 0.77093 0.170646 -0.0486012 0.0963367 -0.000554253 
0.67472 0.77093 0.160043 -0.064547 0.0951467 -0.000521127 
0.694826 0.77093 0.148545 -0.0802218 0.0936905 -0.000488895 
0.714932 0.77093 0.135957 -0.0964887 0.091913 -0.000446383 
0.733987 0.77093 0.122876 -0.113176 0.089916 -0.000410393 
0.753042 0.77093 0.108889 -0.131576 0.0875847 -0.000361497 
0.77093 0.77093 0.0947085 -0.151541 0.0850555 -0.000324806 
0.788819 0.77093 0.0797064 -0.174946 0.0821383 -0.000270738 
0.805462 0.77093 0.0645814 -0.201396 0.0790124 -0.000235976 
0.822106 0.77093 0.0485813 -0.233462 0.0753997 -0.000175494 
0.837463 0.77093 0.0323565 -0.269911 0.0715428 -0.000145774 
0.85282 0.77093 0.0152349 -0.313994 0.0670678 -7.59039e-05 
0.866881 0.77093 -0.00192337 -0.362574 0.0623193 -5.54442e-05 
0.880943 0.77093 -0.01938 -0.419009 0.0568327 2.47465e-05 
0.893728 0.77093 -0.0353279 -0.47609 0.0511124 3.34288e-05 
0.906513 0.77093 -0.0495307 -0.535233 0.0446493 0.000114412 
0.918063 0.77093 -0.0588661 -0.583404 0.0381759 0.000118992 
0.929613 0.77093 -0.0637507 -0.618183 0.0312237 0.000175452 
0.939988 0.77093 -0.0615782 -0.627304 0.0247371 0.000194885 
0.950362 0.77093 -0.0547308 -0.606389 0.0183119 0.000201545 
0.959633 0.77093 -0.0434804 -0.557024 0.0128945 0.000244765 
0.968903 0.77093 -0.0306173 -0.475167 0.0080854 0.000203145 
0.977148 0.77093 -0.0186019 -0.376862 0.00455796 0.000256394 
0.985394 0.77093 -0.0084555 -0.256501 0.00193195 0.00019027 
0.992697 0.77093 -0.00230946 -0.13433 0.0004976 0.000237807 
1 0.77093 0 0 0 0.000164695 

0 0.788819 0 0 0 1.30927e-05 
0.00730325 0.788819 3.90732e-05 0.0187823 6.81917e-05 7.43141e-06 
0.0146065 0.788819 0.00031421 0.0372006 0.000271771 1.64487e-05 
0.0228517 0.788819 0.000819066 0.0573884 0.000660748 8.96512e-06 
0.031097 0.788819 0.00157711 0.0770439 0.00121403 1.74303e-05 
0.0403673 0.788819 0.00273475 0.0980557 0.00202514 8.03643e-06 
0.0496377 0.788819 0.00421031 0.11808 0.00302677 1.46576e-05 
0.0600123 0.788819 0.00635876 0.138861 0.00436022 6.39744e-06 
0.0703869 0.788819 0.00893142 0.158089 0.0059016 1.12265e-05 
0.0819372 0.788819 0.0124993 0.177277 0.00784033 7.37546e-06 
0.0934875 0.788819 0.0165912 0.194327 0.00998861 1.0567e-05 
0.106272 0.788819 0.0219572 0.210449 0.0125791 1.23819e-05 
0.119057 0.788819 0.0278927 0.22399 0.0153594 1.31838e-05 
0.133119 0.788819 0.0352746 0.235819 0.0185956 1.91221e-05 
0.14718 0.788819 0.043201 0.244916 0.021979 1.5436e-05 
0.162537 0.788819 0.0526271 0.2518 0.0257964 2.17018e-05 
0.177894 0.788819 0.0625115 0.256111 0.0296996 1.03492e-05 
0.194538 0.788819 0.0738323 0.258005 0.0339809 1.21796e-05 
0.211181 0.788819 0.0854641 0.257649 0.038275 -1.01607e-05 
0.22907 0.788819 0.0983199 0.254851 0.0428614 -1.71327e-05 
0.246958 0.788819 0.111251 0.250106 0.0473805 -5.26318e-05 
0.266013 0.788819 0.12499 0.24296 0.0520805 -7.12157e-05 
0.285068 0.788819 0.138456 0.234123 0.0566283 -0.000119688 
0.305174 0.788819 0.152114 0.223006 0.0612258 -0.000150137 
0.32528 0.788819 0.165075 0.210501 0.0655859 -0.000208387 
0.346282 0.788819 0.177517 0.196016 0.0698563 -0.000247824 
0.367284 0.788819 0.188847 0.180576 0.0738125 -0.000309976 
0.388994 0.788819 0.199024 0.163669 0.0775499 -0.000352807 
0.410703 0.788819 0.207773 0.146324 0.0809156 -0.000411655 
0.432902 0.788819 0.214928 0.128151 0.0839621 -0.000451062 
0.455101 0.788819 0.220476 0.11001 0.0866056 -0.000499841 
0.477551 0.788819 0.224211 0.091651 0.0888684 -0.000529656 
0.5 0.788819 0.22627 0.0736434 0.0907231 -0.000563408 
0.522449 0.788819 0.226467 0.0558804 0.0921759 -0.000579486 
0.544899 0.788819 0.224988 0.0386134 0.0932353 -0.000595621 
0.567098 0.788819 0.221719 0.0218669 0.0939053 -0.000596338 
0.589297 0.788819 0.216817 0.00561293 0.0942088 -0.000594557 
0.611006 0.788819 0.210303 -0.0100262 0.0941595 -0.000580604 
0.632716 0.788819 0.20225 -0.0253141 0.0937743 -0.000562511 
0.653718 0.788819 0.192878 -0.0400863 0.0930863 -0.000536251 
0.67472 0.788819 0.182123 -0.0548374 0.0920881 -0.000504787 
0.694826 0.788819 0.170448 -0.0694224 0.0908384 -0.000469403 
0.714932 0.788819 0.157592 -0.084623 0.0892891 -0.000428048 
0.733987 0.788819 0.144245 -0.100342 0.0875278 -0.000386706 
0.753042 0.788819 0.129906 -0.11777 0.0854504 -0.000338465 
0.77093 0.788819 0.115399 -0.136787 0.0831767 -0.000293855 
0.788819 0.788819 0.0999802 -0.159156 0.0805328 -0.000240232 
0.805462 0.788819 0.0844864 -0.184468 0.0776789 -0.000194811 
0.822106 0.788819 0.0680106 -0.215214 0.0743585 -0.000135163 
0.837463 0.788819 0.0513358 -0.250176 0.070793 -9.20613e-05 
0.85282 0.788819 0.0335687 -0.292662 0.066633 -2.37737e-05 
0.866881 0.788819 0.0155984 -0.339809 0.0621951 1.256e-05 
0.880943 0.788819 -0.0031266 -0.395463 0.0570348 9.18576e-05 
0.893728 0.788819 -0.0209087 -0.453199 0.0516142 0.000117786 
0.906513 0.788819 -0.0376362 -0.51552 0.0454266 0.000201799 
0.918063 0.788819 -0.0500186 -0.569576 0.0391506 0.000221569 
0.929613 0.788819 -0.058214 -0.6137 0.032308 0.00028285 
0.939988 0.788819 -0.0588687 -0.632851 0.0258166 0.000311769 
0.950362 0.788819 -0.0543124 -0.622365 0.0192805 0.000314538 
0.959633 0.788819 -0.0441595 -0.579999 0.0136802 0.000364364 
0.968903 0.788819 -0.0317514 -0.501461 0.00864053 0.000306956 
0.977148 0.788819 -0.0195214 -0.401886 0.00489949 0.000370187 
0.985394 0.788819 -0.00896334 -0.276068 0.00208777 0.000286107 
0.992697 0.788819 -0.00248428 -0.145585 0.000539993 0.000347232 
1 0.788819 0 0 0 0.000259278 

0 0.805462 0 0 0 -3.59427e-05 
0.00730325 0.805462 3.35119e-05 0.0183828 6.76131e-05 -3.28832e-05 
0.0146065 0.805462 4.14273e-05 0.0364378 0.000268579 -3.74733e-05 
0.0228517 0.805462 0.000125728 0.0564159 0.000652713 -3.27662e-05 
0.031097 0.805462 0.000313732 0.0755288 0.00119798 -3.67076e-05 
0.0403673 0.805462 0.000794088 0.0961659 0.00199556 -2.86876e-05 
0.0496377 0.805462 0.00158579 0.115418 0.00297781 -3.15337e-05 
0.0600123 0.805462 0.00301547 0.135559 0.00428168 -1.95493e-05 
0.0703869 0.805462 0.00499121 0.15379 0.00578433 -2.18059e-05 
0.0819372 0.805462 0.00801079 0.1721 0.00766863 -5.54196e-06 
0.0934875 0.805462 0.0117737 0.188035 0.00975051 -7.93441e-06 
0.106272 0.805462 0.0169454 0.203177 0.012254 1.21404e-05 
0.119057 0.805462 0.0229612 0.215638 0.0149338 8.43426e-06 
0.133119 0.805462 0.0306174 0.226546 0.0180456 3.01675e-05 
0.14718 0.805462 0.0390942 0.234729 0.0212916 2.29255e-05 
0.162537 0.805462 0.0492705 0.240867 0.0249466 4.23393e-05 
0.177894 0.805462 0.0601315 0.244504 0.0286766 2.82641e-05 
0.194538 0.805462 0.0725834 0.245898 0.0327607 4.05091e-05 
0.211181 0.805462 0.0854943 0.245151 0.0368501 1.60804e-05 
0.22907 0.805462 0.0997183 0.242153 0.0412116 1.68645e-05 
0.246958 0.805462 0.114089 0.237354 0.0455034 -2.03018e-05 
0.266013 0.805462 0.129304 0.230373 0.0499625 -3.34582e-05 
0.285068 0.805462 0.144262 0.221866 0.0542742 -8.33556e-05 
0.305174 0.805462 0.159415 0.211316 0.0586316 -0.000110225 
0.32528 0.805462 0.173849 0.199532 0.0627645 -0.00016982 
0.346282 0.805462 0.187743 0.185981 0.066815 -0.000207081 
0.367284 0.805462 0.200474 0.171585 0.0705721 -0.000270643 
0.388994 0.805462 0.211998 0.155876 0.0741282 -0.000312361 
0.410703 0.805462 0.222014 0.139781 0.077339 -0.00037275 
0.432902 0.805462 0.230347 0.122944 0.0802558 -0.000411807 
0.455101 0.805462 0.236966 0.106148 0.0827991 -0.000462189 
0.477551 0.805462 0.241652 0.089163 0.0849913 -0.000492077 
0.5 0.805462 0.244541 0.072522 0.0868058 -0.000527314 
0.522449 0.805462 0.245439 0.0561195 0.0882489 -0.000543519 
0.544899 0.805462 0.244543 0.040208 0.0893291 -0.00056082 
0.567098 0.805462 0.241742 0.024786 0.0900492 -0.000561391 
0.589297 0.805462 0.237208 0.00985806 0.0904321 -0.000560315 
0.611006 0.805462 0.230978 -0.00451442 0.0904884 -0.000545711 
0.632716 0.805462 0.223135 -0.018534 0.0902363 -0.00052779 
0.653718 0.805462 0.21392 -0.0321331 0.0897026 -0.000500262 
0.67472 0.805462 0.203271 -0.0457135 0.0888832 -0.000468367 
0.694826 0.805462 0.191661 -0.0592542 0.087827 -0.000431089 
0.714932 0.805462 0.178832 -0.0734043 0.086492 -0.000388541 
0.733987 0.805462 0.165464 -0.0882011 0.0849525 -0.000344748 
0.753042 0.805462 0.15106 -0.104653 0.083115 -0.000294246 
0.77093 0.805462 0.136422 -0.122772 0.081083 -0.000246739 
0.788819 0.805462 0.120824 -0.144085 0.0786981 -0.000189346 
0.805462 0.805462 0.105064 -0.168332 0.0761027 -0.000140739 
0.822106 0.805462 0.0882637 -0.197713 0.0730609 -7.53558e-05 
0.837463 0.805462 0.0711509 -0.231249 0.0697739 -2.91514e-05 
0.85282 0.805462 0.0528453 -0.271954 0.0659169 4.70362e-05 
0.866881 0.805462 0.0341112 -0.317496 0.0617807 8.51035e-05 
0.880943 0.805462 0.0143494 -0.37165 0.0569438 0.000174322 
0.893728 0.805462 -0.00504602 -0.429214 0.0518296 0.000197061 
0.906513 0.805462 -0.0239877 -0.493167 0.0459388 0.000293844 
0.918063 0.805462 -0.0394148 -0.551929 0.0398959 0.000301638 
0.929613 0.805462 -0.0511129 -0.604116 0.0332124 0.000381951 
0.939988 0.805462 -0.0552077 -0.63323 0.0267685 0.000394845 
0.950362 0.805462 -0.0536133 -0.633583 0.0201719 0.000422945 
0.959633 0.805462 -0.0450944 -0.599514 0.0144252 0.000463726 
0.968903 0.805462 -0.0334668 -0.525399 0.0091799 0.000427754 
0.977148 0.805462 -0.0209376 -0.425802 0.00523691 0.000488607 
0.985394 0.805462 -0.00980718 -0.29502 0.00224361 0.000413069 
0.992697 0.805462 -0.00270658 -0.156643 0.000583047 0.000471183 
1 0.805462 0 0 0 0.000382052 

0 0.822106 0 0 0 2.66948e-05 
0.00730325 0.822106 -0.000198165 0.0187744 6.82982e-05 5.82449e-06 
0.0146065 0.822106 -0.000400772 0.0371561 0.000271444 3.12848e-05 
0.0228517 0.822106 -0.000765779 0.0568943 0.000657872 6.24958e-06 
0.031097 0.822106 -0.00112227 0.0759992 0.00120454 3.00871e-05 
0.0403673 0.822106 -0.00137742 0.0958628 0.0020005 2.26259e-06 
0.0496377 0.822106 -0.00144518 0.114605 0.00297598 2.2339e-05 
0.0600123 0.822106 -0.000881832 0.133498 0.00426375 -5.33566e-07 
0.0703869 0.822106 0.00017359 0.150785 0.0057398 1.61376e-05 
0.0819372 0.822106 0.00249444 0.167565 0.00758047 4.6649e-06 
0.0934875 0.822106 0.00560241 0.182313 0.00960357 1.82803e-05 
0.106272 0.822106 0.0105101 0.195888 0.0120242 1.99189e-05 
0.119057 0.822106 0.0163714 0.207151 0.0146037 2.96465e-05 
0.133119 0.822106 0.0243291 0.216679 0.0175867 4.12173e-05 
0.14718 0.822106 0.0332294 0.223843 0.020687 4.47769e-05 
0.162537 0.822106 0.0442499 0.228931 0.0241665 5.98342e-05 
0.177894 0.822106 0.0560432 0.231834 0.0277073 5.39266e-05 
0.194538 0.822106 0.0697478 0.232565 0.0315743 6.50873e-05 
0.211181 0.822106 0.0839428 0.231422 0.0354379 4.64116e-05 
0.22907 0.822106 0.0996546 0.228169 0.0395505 4.74645e-05 
0.246958 0.822106 0.115492 0.223346 0.043591 1.39831e-05 
0.266013 0.822106 0.132283 0.216536 0.0477837 1.27148e-06 
0.285068 0.822106 0.148763 0.208406 0.0518343 -4.66833e-05 
0.305174 0.822106 0.165485 0.198458 0.055926 -7.35247e-05 
0.32528 0.822106 0.181419 0.187445 0.0598071 -0.000132667 
0.346282 0.822106 0.19682 0.174879 0.0636131 -0.000170533 
0.367284 0.822106 0.210976 0.161582 0.0671476 -0.000234902 
0.388994 0.822106 0.223898 0.147135 0.0704994 -0.000277836 
0.410703 0.822106 0.235215 0.132356 0.073534 -0.000340021 
0.432902 0.822106 0.244787 0.116929 0.076301 -0.000380716 
0.455101 0.822106 0.252533 0.101552 0.078726 -0.000433562 
0.477551 0.822106 0.258259 0.0860204 0.0808309 -0.00046521 
0.5 0.822106 0.26207 0.0708219 0.0825907 -0.000503275 
0.522449 0.822106 0.263797 0.0558543 0.0840115 -0.000520999 
0.544899 0.822106 0.26362 0.0413653 0.0851015 -0.00054127 
0.567098 0.822106 0.261466 0.0273275 0.0858625 -0.000542723 
0.589297 0.822106 0.257488 0.0137753 0.0863169 -0.000544622 
0.611006 0.822106 0.251776 0.000710788 0.0864725 -0.000529813 
0.632716 0.822106 0.24438 -0.0120097 0.0863477 -0.000514766 
0.653718 0.822106 0.235603 -0.0244065 0.0859636 -0.000485405 
0.67472 0.822106 0.225328 -0.0367973 0.0853189 -0.000456145 
0.694826 0.822106 0.214095 -0.0492609 0.0844525 -0.000414778 
0.714932 0.822106 0.201558 -0.0623401 0.0833291 -0.000374459 
0.733987 0.822106 0.188472 -0.076159 0.0820094 -0.000323662 
0.753042 0.822106 0.174227 -0.0916018 0.0804107 -0.000274894 
0.77093 0.822106 0.159716 -0.10873 0.0786206 -0.000216862 
0.788819 0.822106 0.14407 -0.128941 0.0764964 -0.000160867 
0.805462 0.822106 0.128219 -0.151977 0.0741627 -9.77306e-05 
0.822106 0.822106 0.111105 -0.179935 0.0714046 -3.39835e-05 
0.837463 0.822106 0.0936334 -0.21182 0.0684028 3.10626e-05 
0.85282 0.822106 0.0746839 -0.250636 0.0648583 0.000104439 
0.866881 0.822106 0.0551984 -0.294126 0.0610365 0.000165738 
0.880943 0.822106 0.0342173 -0.346384 0.056542 0.000250754 
0.893728 0.822106 0.0131738 -0.40275 0.0517607 0.000300619 
0.906513 0.822106 -0.0082306 -0.467361 0.0462068 0.0003944 
0.918063 0.822106 -0.0268289 -0.529464 0.0404474 0.000430252 
0.929613 0.822106 -0.0423579 -0.589222 0.0339848 0.000509349 
0.939988 0.822106 -0.0501159 -0.628218 0.0276472 0.000545206 
0.950362 0.822106 -0.0518193 -0.641031 0.0210412 0.000562148 
0.959633 0.822106 -0.0451714 -0.61672 0.0151789 0.000620808 
0.968903 0.822106 -0.034582 -0.549342 0.00974178 0.000555177 
0.977148 0.822106 -0.0220027 -0.450722 0.00559526 0.000638579 
0.985394 0.822106 -0.0104736 -0.315756 0.00241187 0.000528846 
0.992697 0.822106 -0.00298077 -0.168934 0.000629766 0.000616716 
1 0.822106 0 0 0 0.00049921 

0 0.837463 0 0 0 -4.34614e-05 
0.00730325 0.837463 -0.000182053 0.0192738 7.10401e-05 -4.09769e-05 
0.0146065 0.837463 -0.00087924 0.0378374 0.000280815 -5.03545e-05 
0.0228517 0.837463 -0.00201212 0.0581888 0.000678807 -4.44235e-05 
0.031097 0.837463 -0.00333789 0.0770017 0.00123817 -5.08262e-05 
0.0403673 0.837463 -0.00473908 0.0969556 0.00204702 -3.92907e-05 
0.0496377 0.837463 -0.00585816 0.114814 0.00303073 -4.24886e-05 
0.0600123 0.837463 -0.00642989 0.133076 0.00431904 -2.50724e-05 
0.0703869 0.837463 -0.00621616 0.148938 0.00578396 -2.6516e-05 
0.0819372 0.837463 -0.00473001 0.164486 0.00759635 -2.6775e-06 
0.0934875 0.837463 -0.00205778 0.177521 0.00957356 -3.56311e-06 
0.106272 0.837463 0.00250728 0.189595 0.0119227 2.63779e-05 
0.119057 0.837463 0.00845049 0.19918 0.0144103 2.46736e-05 
0.133119 0.837463 0.0166368 0.207291 0.0172706 5.78897e-05 
0.14718 0.837463 0.0261472 0.213071 0.0202287 5.28734e-05 
0.162537 0.837463 0.0379267 0.217066 0.0235341 8.39757e-05 
0.177894 0.837463 0.0507691 0.219012 0.0268851 7.19853e-05 
0.194538 0.837463 0.0656295 0.219076 0.0305334 9.46e-05 
0.211181 0.837463 0.081161 0.217431 0.0341685 7.17873e-05 
0.22907 0.837463 0.0982568 0.213953 0.0380294 8.0585e-05 
0.246958 0.837463 0.115561 0.209069 0.0418155 4.43396e-05 
0.266013 0.837463 0.133819 0.202469 0.0457389 3.65208e-05 
0.285068 0.837463 0.151782 0.194701 0.0495256 -1.33064e-05 
0.305174 0.837463 0.169964 0.185373 0.0533487 -3.72828e-05 
0.32528 0.837463 0.187331 0.175109 0.056975 -9.77836e-05 
0.346282 0.837463 0.204136 0.163519 0.0605331 -0.000134134 
0.367284 0.837463 0.219646 0.151285 0.063841 -0.000199644 
0.388994 0.837463 0.233883 0.138072 0.0669834 -0.000241938 
0.410703 0.837463 0.246449 0.124567 0.0698359 -0.000305241 
0.432902 0.837463 0.257216 0.110515 0.072446 -0.000345835 
0.455101 0.837463 0.26608 0.096516 0.0747447 -0.000399848 
0.477551 0.837463 0.272859 0.0824003 0.0767531 -0.000431636 
0.5 0.837463 0.277644 0.0686007 0.0784479 -0.000470872 
0.522449 0.837463 0.280284 0.0550203 0.079835 -0.000488682 
0.544899 0.837463 0.280953 0.0418992 0.080922 -0.000510031 
0.567098 0.837463 0.279601 0.0291806 0.0817099 -0.00051123 
0.589297 0.837463 0.276382 0.0169331 0.0822203 -0.000514016 
0.611006 0.837463 0.271407 0.00509381 0.0824579 -0.000498377 
0.632716 0.837463 0.264723 -0.00640916 0.0824418 -0.000483903 
0.653718 0.837463 0.256648 -0.0176929 0.0821873 -0.000452968 
0.67472 0.837463 0.247055 -0.0289662 0.0816954 -0.000423737 
0.694826 0.837463 0.236473 -0.0404284 0.0809967 -0.000379956 
0.714932 0.837463 0.224553 -0.0524716 0.0800612 -0.000338689 
0.733987 0.837463 0.212001 -0.0653569 0.0789384 -0.000284639 
0.753042 0.837463 0.198227 -0.0797655 0.077555 -0.000233232 
0.77093 0.837463 0.184034 -0.0959157 0.0759849 -0.000171246 
0.788819 0.837463 0.16861 -0.114932 0.0740998 -0.000109935 
0.805462 0.837463 0.152763 -0.136762 0.0720081 -4.24838e-05 
0.822106 0.837463 0.135535 -0.163146 0.069515 3.04012e-05 
0.837463 0.837463 0.117682 -0.193402 0.066782 9.94224e-05 
0.85282 0.837463 0.0982164 -0.230086 0.0635349 0.000186772 
0.866881 0.837463 0.0778903 -0.271491 0.060015 0.000250247 
0.880943 0.837463 0.0558608 -0.321261 0.0558541 0.00035452 
0.893728 0.837463 0.0332175 -0.375942 0.0514042 0.000401191 
0.906513 0.837463 0.00970854 -0.439697 0.0461973 0.000519824 
0.918063 0.837463 -0.0120207 -0.503949 0.0407464 0.000540595 
0.929613 0.837463 -0.0313655 -0.56927 0.0345474 0.000653131 
0.939988 0.837463 -0.0434773 -0.617655 0.0283685 0.000661941 
0.950362 0.837463 -0.049249 -0.642561 0.0218096 0.000723854 
0.959633 0.837463 -0.0453526 -0.629416 0.0158768 0.000757975 
0.968903 0.837463 -0.0363384 -0.569842 0.0102811 0.000737301 
0.977148 0.837463 -0.0236719 -0.474051 0.00594719 0.000804062 
0.985394 0.837463 -0.0115367 -0.3354 0.00257974 0.000720372 
0.992697 0.837463 -0.00321681 -0.180974 0.000677251 0.000789377 
1 0.837463 0 0 0 0.000680611 

0 0.85282 0 0 0 5.19532e-05 
0.00730325 0.85282 -0.000669544 0.0207983 7.62833e-05 -3.44458e-06 
0.0146065 0.85282 -0.0017375 0.0409967 0.000300562 6.15833e-05 
0.0228517 0.85282 -0.00362167 0.0615875 0.000721739 -3.51735e-06 
0.031097 0.85282 -0.00593941 0.0811625 0.00130886 5.44598e-05 
0.0403673 0.85282 -0.0085003 0.100203 0.00214878 -1.20093e-05 
0.0496377 0.85282 -0.0110772 0.117717 0.00315926 3.5667e-05 
0.0600123 0.85282 -0.0128691 0.134167 0.00446693 -1.50303e-05 
0.0703869 0.85282 -0.0140418 0.148811 0.00593683 2.36004e-05 
0.0819372 0.85282 -0.0133855 0.16208 0.00773454 -1.97859e-06 
0.0934875 0.85282 -0.0115747 0.173441 0.00967493 2.87224e-05 
0.106272 0.85282 -0.00719711 0.183217 0.0119575 2.76479e-05 
0.119057 0.85282 -0.00140727 0.191098 0.014353 5.02183e-05 
0.133119 0.85282 0.00725448 0.197253 0.0170858 6.61645e-05 
0.14718 0.85282 0.01728 0.201615 0.0198925 7.89613e-05 
0.162537 0.85282 0.0300728 0.204199 0.0230104 0.000101344 
0.177894 0.85282 0.0439399 0.205177 0.0261558 0.000101718 
0.194538 0.85282 0.0601676 0.204424 0.0295659 0.000120133 
0.211181 0.85282 0.0770369 0.202297 0.0329521 0.000105414 
0.22907 0.85282 0.0956731 0.198557 0.0365387 0.000111978 
0.246958 0.85282 0.114452 0.193655 0.0400481 8.0677e-05 
0.266013 0.85282 0.134287 0.187284 0.0436787 7.12176e-05 
0.285068 0.85282 0.153741 0.179927 0.0471786 2.40613e-05 
0.305174 0.85282 0.173458 0.171261 0.0507102 -1.58483e-06 
0.32528 0.85282 0.192273 0.161792 0.0540597 -6.11123e-05 
0.346282 0.85282 0.210541 0.151224 0.0573477 -9.93814e-05 
0.367284 0.85282 0.22743 0.140095 0.0604079 -0.000165253 
0.388994 0.85282 0.243048 0.128161 0.0633204 -0.000209723 
0.410703 0.85282 0.256915 0.11597 0.0659711 -0.000274449 
0.432902 0.85282 0.268974 0.103337 0.0684054 -0.000317344 
0.455101 0.85282 0.279054 0.0907543 0.0705597 -0.000373575 
0.477551 0.85282 0.287034 0.0780928 0.0724544 -0.000407544 
0.5 0.85282 0.292953 0.065725 0.074068 -0.000449539 
0.522449 0.85282 0.296717 0.0535603 0.0754058 -0.00046907 
0.544899 0.85282 0.298459 0.0418282 0.076475 -0.000493521 
0.567098 0.85282 0.298187 0.0304431 0.0772755 -0.000495574 
0.589297 0.85282 0.296011 0.0195064 0.0778278 -0.000501673 
0.611006 0.85282 0.292104 0.00889494 0.078134 -0.000485538 
0.632716 0.85282 0.286456 -0.00139496 0.0782129 -0.000474492 
0.653718 0.85282 0.279444 -0.0115628 0.0780745 -0.000441127 
0.67472 0.85282 0.27086 -0.0217209 0.0777223 -0.000415347 
0.694826 0.85282 0.261292 -0.032159 0.0771787 -0.000366498 
0.714932 0.85282 0.250285 -0.04315 0.0764193 -0.000328613 
0.733987 0.85282 0.238607 -0.0550364 0.0754826 -0.000266028 
0.753042 0.85282 0.225531 -0.0683635 0.0743055 -0.000217927 
0.77093 0.85282 0.211949 -0.0834055 0.0729483 -0.000142981 
0.788819 0.85282 0.196872 -0.101148 0.0712977 -8.51305e-05 
0.805462 0.85282 0.181255 -0.121558 0.0694466 7.8362e-07 
0.822106 0.85282 0.163899 -0.146266 0.06722 6.93559e-05 
0.837463 0.85282 0.145806 -0.174574 0.0647607 0.000163489 
0.85282 0.85282 0.125652 -0.209017 0.0618199 0.000244247 
0.866881 0.85282 0.104547 -0.247845 0.0586145 0.000340536 
0.880943 0.85282 0.0811572 -0.294924 0.0548057 0.000433982 
0.893728 0.85282 0.0569234 -0.346947 0.0507113 0.000521917 
0.906513 0.85282 0.030879 -0.409132 0.0458877 0.00062553 
0.918063 0.85282 0.00592623 -0.473768 0.0407931 0.000694892 
0.929613 0.85282 -0.0178121 -0.543816 0.0349217 0.000790327 
0.939988 0.85282 -0.0345343 -0.600562 0.0289697 0.000848289 
0.950362 0.85282 -0.0450122 -0.639071 0.0225243 0.000879957 
0.959633 0.85282 -0.0441862 -0.638288 0.0165676 0.000958693 
0.968903 0.85282 -0.0372565 -0.589925 0.0108393 0.000877272 
0.977148 0.85282 -0.0248733 -0.498171 0.00632156 0.000997254 
0.985394 0.85282 -0.012467 -0.357457 0.00276254 0.000841687 
0.992697 0.85282 -0.0037005 -0.19449 0.000729399 0.000980924 
1 0.85282 0 0 0 0.000812486 

0 0.866881 0 0 0 -5.71365e-05 
0.00730325 0.866881 -0.000573341 0.0228323 8.4409e-05 -5.31687e-05 
0.0146065 0.866881 -0.00259421 0.0438257 0.000330065 -7.64673e-05 
0.0228517 0.866881 -0.00589903 0.0663376 0.000788016 -6.33017e-05 
0.031097 0.866881 -0.00978301 0.0856661 0.00141817 -7.7801e-05 
0.0403673 0.866881 -0.0142005 0.105381 0.00230775 -5.52531e-05 
0.0496377 0.866881 -0.018178 0.121512 0.00336268 -6.25074e-05 
0.0600123 0.866881 -0.0215628 0.137202 0.00470798 -3.27589e-05 
0.0703869 0.866881 -0.023613 0.149622 0.00619844 -3.61284e-05 
0.0819372 0.866881 -0.023942 0.161153 0.00799573 8.60182e-07 
0.0934875 0.866881 -0.0223659 0.17 0.00991037 -3.48287e-07 
0.106272 0.866881 -0.0182589 0.177726 0.0121354 4.31264e-05 
0.119057 0.866881 -0.0120828 0.183308 0.0144453 4.24897e-05 
0.133119 0.866881 -0.00303161 0.187633 0.0170553 8.85001e-05 
0.14718 0.866881 0.00788512 0.190219 0.0197138 8.54588e-05 
0.162537 0.866881 0.0215791 0.191482 0.0226467 0.000127333 
0.177894 0.866881 0.036683 0.191309 0.025588 0.000117615 
0.194538 0.866881 0.0541444 0.189824 0.0287617 0.00014814 
0.211181 0.866881 0.0724366 0.187142 0.0319008 0.000127412 
0.22907 0.866881 0.0924735 0.183215 0.0352154 0.000141064 
0.246958 0.866881 0.112732 0.178273 0.0384508 0.000106421 
0.266013 0.866881 0.134012 0.172184 0.0417919 0.000100758 
0.285068 0.866881 0.154919 0.165225 0.0450089 5.18628e-05 
0.305174 0.866881 0.176059 0.157234 0.0482527 2.79866e-05 
0.32528 0.866881 0.19627 0.148527 0.0513287 -3.24103e-05 
0.346282 0.866881 0.215917 0.13895 0.0543496 -7.00539e-05 
0.367284 0.866881 0.234148 0.128868 0.057164 -0.000136428 
0.388994 0.866881 0.251105 0.118148 0.059847 -0.000180862 
0.410703 0.866881 0.266273 0.107191 0.0622947 -0.000246052 
0.432902 0.866881 0.279638 0.0958907 0.0645499 -0.000289168 
0.455101 0.866881 0.290991 0.0846293 0.0665546 -0.000346002 
0.477551 0.866881 0.300254 0.0733215 0.068328 -0.000380216 
0.5 0.866881 0.307432 0.0622791 0.0698504 -0.000423009 
0.522449 0.866881 0.312472 0.0514193 0.0711264 -0.000442594 
0.544899 0.866881 0.315475 0.0409593 0.0721629 -0.000468004 
0.567098 0.866881 0.316487 0.0307893 0.0729586 -0.000469701 
0.589297 0.866881 0.31559 0.0210409 0.0735328 -0.000476822 
0.611006 0.866881 0.312981 0.0115392 0.0738853 -0.000459701 
0.632716 0.866881 0.308625 0.00234717 0.0740345 -0.000449542 
0.653718 0.866881 0.3029 -0.00680873 0.0739863 -0.000414356 
0.67472 0.866881 0.295581 -0.0159384 0.0737456 -0.000388944 
0.694826 0.866881 0.287222 -0.0254256 0.0733286 -0.000337273 
0.714932 0.866881 0.277369 -0.0353979 0.0727154 -0.000298552 
0.733987 0.866881 0.266711 -0.046316 0.0719361 -0.000232076 
0.753042 0.866881 0.254561 -0.0585196 0.070936 -0.000180837 
0.77093 0.866881 0.241677 -0.0724446 0.0697647 -0.000101071 
0.788819 0.866881 0.227166 -0.0887809 0.0683222 -3.61901e-05 
0.805462 0.866881 0.21179 -0.107747 0.066688 5.49391e-05 
0.822106 0.866881 0.194519 -0.130549 0.0647057 0.000136512 
0.837463 0.866881 0.176099 -0.156911 0.062501 0.00023504 
0.85282 0.866881 0.155461 -0.188765 0.0598489 0.000337182 
0.866881 0.866881 0.133379 -0.225067 0.0569436 0.000434756 
0.880943 0.866881 0.108856 -0.268859 0.0534749 0.000560292 
0.893728 0.866881 0.0828467 -0.318106 0.049729 0.000642111 
0.906513 0.866881 0.0547148 -0.377283 0.04529 0.000790287 
0.918063 0.866881 0.0264998 -0.441422 0.0405657 0.000837188 
0.929613 0.866881 -0.00123345 -0.513479 0.0350549 0.000992896 
0.939988 0.866881 -0.0233153 -0.577767 0.029379 0.00100367 
0.950362 0.866881 -0.0391759 -0.628152 0.0231083 0.00111784 
0.959633 0.866881 -0.0428714 -0.64132 0.0171833 0.0011382 
0.968903 0.866881 -0.0388154 -0.604825 0.0113661 0.00115163 
0.977148 0.866881 -0.0268536 -0.52004 0.00668707 0.00121766 
0.985394 0.866881 -0.013841 -0.377523 0.00294489 0.0011323 
0.992697 0.866881 -0.00389414 -0.207828 0.000782593 0.00120814 
1 0.866881 0 0 0 0.00107606 

0 0.880943 0 0 0 9.94105e-05 
0.00730325 0.880943 -0.00163855 0.0261222 9.74155e-05 -3.62846e-05 
0.0146065 0.880943 -0.00428494 0.0510765 0.000377511 0.000126282 
0.0228517 0.880943 -0.00875534 0.0740407 0.000890706 -3.33802e-05 
0.031097 0.880943 -0.0144695 0.0952141 0.00158709 0.000101639 
0.0403673 0.880943 -0.0204816 0.113173 0.00255198 -4.60607e-05 
0.0496377 0.880943 -0.0267917 0.129001 0.00367573 5.85997e-05 
0.0600123 0.880943 -0.0314925 0.141658 0.00508083 -4.38713e-05 
0.0703869 0.880943 -0.0353316 0.152388 0.00660873 3.5288e-05 
0.0819372 0.880943 -0.0361639 0.160524 0.00841762 -1.50414e-05 
0.0934875 0.880943 -0.0353732 0.167136 0.0103124 4.34257e-05 
0.106272 0.880943 -0.0309122 0.17177 0.0124803 3.49447e-05 
0.119057 0.880943 -0.0245848 0.175209 0.0147001 7.60582e-05 
0.133119 0.880943 -0.0145399 0.177123 0.0171781 9.29391e-05 
0.14718 0.880943 -0.00280093 0.178027 0.0196762 0.000118018 
0.162537 0.880943 0.0122747 0.177689 0.0224081 0.000143771 
0.177894 0.880943 0.0286064 0.176433 0.0251279 0.000152306 
0.194538 0.880943 0.0476399 0.174112 0.0280455 0.000173477 
0.211181 0.880943 0.067362 0.170932 0.0309175 0.000164195 
0.22907 0.880943 0.0890274 0.166808 0.0339388 0.000171781 
0.246958 0.880943 0.110782 0.16188 0.0368792 0.000144048 
0.266013 0.880943 0.133669 0.156102 0.0399095 0.000133859 
0.285068 0.880943 0.156064 0.149585 0.0428227 8.88792e-05 
0.305174 0.880943 0.178761 0.142307 0.0457578 6.12152e-05 
0.32528 0.880943 0.200431 0.134396 0.0485403 2.68001e-06 
0.346282 0.880943 0.221595 0.12584 0.0512737 -3.83543e-05 
0.367284 0.880943 0.24127 0.116825 0.0538227 -0.000104373 
0.388994 0.880943 0.259728 0.107338 0.0562564 -0.000151917 
0.410703 0.880943 0.276349 0.0976248 0.0584816 -0.000217915 
0.432902 0.880943 0.291227 0.0876645 0.0605381 -0.000263836 
0.455101 0.880943 0.304062 0.0777269 0.0623736 -0.000322373 
0.477551 0.880943 0.314865 0.0677732 0.0640061 -0.000358941 
0.5 0.880943 0.323565 0.0580513 0.0654175 -0.000404099 
0.522449 0.880943 0.330183 0.0484901 0.066612 -0.000425338 
0.544899 0.880943 0.33475 0.0392908 0.0675956 -0.000453598 
0.567098 0.880943 0.337376 0.0303254 0.0683663 -0.000455914 
0.589297 0.880943 0.338074 0.0217499 0.068942 -0.000466269 
0.611006 0.880943 0.337096 0.0133492 0.0693205 -0.000448303 
0.632716 0.880943 0.334331 0.00524271 0.0695195 -0.000441733 
0.653718 0.880943 0.330207 -0.00289754 0.0695415 -0.000403675 
0.67472 0.880943 0.324407 -0.0109975 0.0693924 -0.000382234 
0.694826 0.880943 0.31754 -0.0195025 0.0690833 -0.000324902 
0.714932 0.880943 0.309032 -0.0284299 0.0685985 -0.000290643 
0.733987 0.880943 0.29965 -0.0383026 0.0679608 -0.000214676 
0.753042 0.880943 0.28854 -0.0493242 0.0671235 -0.000168665 
0.77093 0.880943 0.276591 -0.0619869 0.066127 -7.41501e-05 
0.788819 0.880943 0.262668 -0.076828 0.0648842 -1.59082e-05 
0.805462 0.880943 0.247763 -0.0941081 0.0634621 9.718e-05 
0.822106 0.880943 0.230486 -0.1149 0.0617232 0.000169384 
0.837463 0.880943 0.211963 -0.138935 0.0597764 0.000299693 
0.85282 0.880943 0.190589 -0.168112 0.0574212 0.000387291 
0.866881 0.880943 0.167743 -0.201304 0.0548285 0.000529736 
0.880943 0.880943 0.141635 -0.241762 0.0517186 0.000631455 
0.893728 0.880943 0.114058 -0.287237 0.048345 0.000774949 
0.906513 0.880943 0.0831719 -0.343141 0.0443245 0.000885407 
0.918063 0.880943 0.0518417 -0.404725 0.0400149 0.00101407 
0.929613 0.880943 0.0191578 -0.477972 0.0349284 0.00111748 
0.939988 0.880943 -0.0083854 -0.54741 0.029604 0.00122717 
0.950362 0.880943 -0.030854 -0.610956 0.0235915 0.00126489 
0.959633 0.880943 -0.0393784 -0.638316 0.0177656 0.0013912 
0.968903 0.880943 -0.0392911 -0.618849 0.0119047 0.00127282 
0.977148 0.880943 -0.0282176 -0.542161 0.00707673 0.00146668 
0.985394 0.880943 -0.0153446 -0.401292 0.00314656 0.00121711 
0.992697 0.880943 -0.00487941 -0.222897 0.000842435 0.00146721 
1 0.880943 0 0 0 0.0011997 

0 0.893728 0 0 0 -8.64306e-05 
0.00730325 0.893728 -0.00128971 0.0308755 0.000114616 -7.42229e-05 
0.0146065 0.893728 -0.00582732 0.0569822 0.000440104 -0.000136203 
0.0228517 0.893728 -0.0129383 0.0839813 0.00102865 -9.63273e-05 
0.031097 0.893728 -0.0209035 0.104198 0.0018108 -0.0001338 
0.0403673 0.893728 -0.0297691 0.123458 0.00287284 -8.07886e-05 
0.0496377 0.893728 -0.0374446 0.136522 0.00408303 -0.000101829 
0.0600123 0.893728 -0.0440843 0.148014 0.0055636 -4.49872e-05 
0.0703869 0.893728 -0.048229 0.155144 0.00713965 -5.63524e-05 
0.0819372 0.893728 -0.0498607 0.160907 0.00896771 3.24543e-06 
0.0934875 0.893728 -0.0485027 0.164039 0.0108466 -9.64912e-07 
0.106272 0.893728 -0.0438729 0.166187 0.0129594 6.02076e-05 
0.119057 0.893728 -0.0363948 0.166809 0.0150896 6.05932e-05 
0.133119 0.893728 -0.0255112 0.16672 0.017436 0.000118906 
0.14718 0.893728 -0.0123086 0.165639 0.0197741 0.000119386 
0.162537 0.893728 0.0040009 0.163984 0.0223065 0.000168329 
0.177894 0.893728 0.0219183 0.161537 0.0248074 0.000163167 
0.194538 0.893728 0.0423834 0.15857 0.0274728 0.000196404 
0.211181 0.893728 0.0637037 0.154867 0.0300828 0.000180235 
0.22907 0.893728 0.0868761 0.150662 0.0328174 0.000193451 
0.246958 0.893728 0.11019 0.145741 0.0354703 0.000162772 
0.266013 0.893728 0.134595 0.140324 0.038198 0.000154699 
0.285068 0.893728 0.158501 0.13423 0.0408159 0.000108861 
0.305174 0.893728 0.182707 0.127654 0.0434509 8.15579e-05 
0.32528 0.893728 0.205858 0.120488 0.0459477 2.31259e-05 
0.346282 0.893728 0.228533 0.112892 0.0484007 -1.82898e-05 
0.367284 0.893728 0.249694 0.104859 0.0506895 -8.39115e-05 
0.388994 0.893728 0.269692 0.0965028 0.0528772 -0.000132041 
0.410703 0.893728 0.287838 0.0879216 0.054881 -0.000197736 
0.432902 0.893728 0.304307 0.0791768 0.0567372 -0.000244188 
0.455101 0.893728 0.318727 0.0704338 0.0583992 -0.00030272 
0.477551 0.893728 0.331179 0.0617003 0.0598833 -0.000339626 
0.5 0.893728 0.341525 0.0531631 0.0611732 -0.000385146 
0.522449 0.893728 0.34984 0.0447689 0.0622728 -0.00040641 
0.544899 0.893728 0.356098 0.0366965 0.0631872 -0.000435364 
0.567098 0.893728 0.360445 0.0288147 0.063914 -0.000437245 
0.589297 0.893728 0.362846 0.0212894 0.0644694 -0.000448496 
0.611006 0.893728 0.363571 0.0138867 0.0648504 -0.000429446 
0.632716 0.893728 0.362474 0.00676417 0.0650732 -0.000423717 
0.653718 0.893728 0.359975 -0.000438191 0.0651384 -0.000383709 
0.67472 0.893728 0.35574 -0.00757725 0.0650525 -0.000362576 
0.694826 0.893728 0.35034 -0.0151476 0.0648226 -0.000302223 
0.714932 0.893728 0.34321 -0.0230528 0.0644366 -0.000266902 
0.733987 0.893728 0.335037 -0.0318974 0.0639117 -0.000186736 
0.753042 0.893728 0.325018 -0.0416995 0.0632085 -0.000136913 
0.77093 0.893728 0.313905 -0.0530972 0.0623596 -3.71936e-05 
0.788819 0.893728 0.300682 -0.0663271 0.0612898 2.97734e-05 
0.805462 0.893728 0.286115 -0.0819234 0.0600556 0.000148289 
0.822106 0.893728 0.269042 -0.100479 0.0585365 0.000237358 
0.837463 0.893728 0.25023 -0.122236 0.0568267 0.000371413 
0.85282 0.893728 0.228464 -0.14834 0.0547487 0.000488605 
0.866881 0.893728 0.204564 -0.178573 0.0524519 0.000629367 
0.880943 0.893728 0.17736 -0.215003 0.0496857 0.00077954 
0.893728 0.893728 0.1478 -0.25694 0.0466728 0.000909397 
0.906513 0.893728 0.11491 -0.308104 0.0430643 0.00109442 
0.918063 0.893728 0.0801474 -0.366892 0.0391724 0.00118518 
0.929613 0.893728 0.0436067 -0.43792 0.0345303 0.00139762 
0.939988 0.893728 0.00975348 -0.511675 0.0295983 0.00142433 
0.950362 0.893728 -0.0193646 -0.584347 0.0239063 0.00161863 
0.959633 0.893728 -0.0351681 -0.627821 0.018247 0.00161644 
0.968903 0.893728 -0.0400494 -0.624603 0.0124004 0.00170132 
0.977148 0.893728 -0.0307193 -0.561036 0.00745631 0.00174879 
0.985394 0.893728 -0.0173407 -0.421251 0.00334987 0.00168229 
0.992697 0.893728 -0.00492116 -0.238371 0.000904461 0.00174957 
1 0.893728 0 0 0 0.00158837 

0 0.906513 0 0 0 0.000195171 
0.00730325 0.906513 -0.00366457 0.0369294 0.000141148 -0.000131101 
0.0146065 0.906513 -0.00917079 0.071288 0.000533639 0.000276696 
0.0228517 0.906513 -0.0177292 0.0976878 0.00122506 -0.000112741 
0.031097 0.906513 -0.0291267 0.121211 0.00212649 0.000198027 
0.0403673 0.906513 -0.0394556 0.136195 0.003317 -0.000120482 
0.0496377 0.906513 -0.0505438 0.148735 0.00463984 0.000101443 
0.0600123 0.906513 -0.0575772 0.154899 0.00621455 -9.64648e-05 
0.0703869 0.906513 -0.0634737 0.159672 0.00784862 5.67514e-05 
0.0819372 0.906513 -0.0642094 0.160592 0.00969787 -3.71995e-05 
0.0934875 0.906513 -0.0629456 0.160986 0.011556 6.65978e-05 
0.106272 0.906513 -0.0565975 0.159391 0.0136031 4.07203e-05 
0.119057 0.906513 -0.0481676 0.157644 0.0156295 0.000109907 
0.133119 0.906513 -0.0352389 0.155 0.0178263 0.000119586 
0.14718 0.906513 -0.0205774 0.152201 0.0199854 0.000162966 
0.162537 0.906513 -0.00218693 0.149037 0.0222973 0.00018405 
0.177894 0.906513 0.017373 0.145556 0.0245586 0.000205277 
0.194538 0.906513 0.0398345 0.141912 0.02695 0.00022158 
0.211181 0.906513 0.0628273 0.137781 0.029277 0.000221478 
0.22907 0.906513 0.0878859 0.133522 0.0317032 0.000223558 
0.246958 0.906513 0.112848 0.128668 0.0340481 0.00020253 
0.266013 0.906513 0.139047 0.12365 0.0364521 0.000186545 
0.285068 0.906513 0.164575 0.118014 0.0387546 0.000146331 
0.305174 0.906513 0.190521 0.11217 0.0410688 0.000113052 
0.32528 0.906513 0.215293 0.105766 0.04326 5.76313e-05 
0.346282 0.906513 0.239699 0.0991411 0.045412 1.15037e-05 
0.367284 0.906513 0.262516 0.0920929 0.0474203 -5.29021e-05 
0.388994 0.906513 0.284277 0.0848668 0.0493412 -0.000104842 
0.410703 0.906513 0.304141 0.0774096 0.0511027 -0.000170626 
0.432902 0.906513 0.322426 0.0698708 0.052737 -0.000220158 
0.455101 0.906513 0.338635 0.0623095 0.0542036 -0.000279752 
0.477551 0.906513 0.352955 0.0547848 0.0555171 -0.000319033 
0.5 0.906513 0.365143 0.0474188 0.0566631 -0.000366349 
0.522449 0.906513 0.375352 0.0401825 0.057645 -0.000389183 
0.544899 0.906513 0.383468 0.0332262 0.0584672 -0.000420509 
0.567098 0.906513 0.389696 0.0264246 0.0591274 -0.000422939 
0.589297 0.906513 0.393921 0.0199443 0.0596397 -0.000437082 
0.611006 0.906513 0.396465 0.0135452 0.0600009 -0.000417212 
0.632716 0.906513 0.397099 0.00741052 0.0602256 -0.000414947 
0.653718 0.906513 0.3963 0.00116549 0.0603131 -0.00037221 
0.67472 0.906513 0.393636 -0.00499544 0.0602699 -0.000355294 
0.694826 0.906513 0.389755 -0.0115899 0.0601006 -0.000289473 
0.714932 0.906513 0.383956 -0.0184388 0.0597956 -0.000259507 
0.733987 0.906513 0.377053 -0.0261802 0.0593682 -0.000169854 
0.753042 0.906513 0.368033 -0.0347105 0.0587853 -0.000127287 
0.77093 0.906513 0.357866 -0.0447149 0.0580731 -1.20987e-05 
0.788819 0.906513 0.345203 -0.0562701 0.0571677 4.42231e-05 
0.805462 0.906513 0.331182 -0.0699668 0.0561163 0.000187234 
0.822106 0.906513 0.314103 -0.0862325 0.0548152 0.000259508 
0.837463 0.906513 0.295353 -0.105345 0.0533445 0.000431809 
0.85282 0.906513 0.272855 -0.128377 0.0515502 0.000521224 
0.866881 0.906513 0.248425 -0.155018 0.04956 0.000721152 
0.880943 0.906513 0.219549 -0.187557 0.0471542 0.000824435 
0.893728 0.906513 0.188712 -0.224844 0.0445239 0.00104454 
0.906513 0.906513 0.152875 -0.271563 0.0413578 0.00115092 
0.918063 0.906513 0.11553 -0.325246 0.0379227 0.0013763 
0.929613 0.906513 0.0736258 -0.3939 0.0337837 0.00146549 
0.939988 0.906513 0.034111 -0.467786 0.0293208 0.00168291 
0.950362 0.906513 -0.0040003 -0.550706 0.0240481 0.00169491 
0.959633 0.906513 -0.0269558 -0.608083 0.0186498 0.00193499 
0.968903 0.906513 -0.0394045 -0.62899 0.0128927 0.0017252 
0.977148 0.906513 -0.0321826 -0.578673 0.00786253 0.00208156 
0.985394 0.906513 -0.0202564 -0.447839 0.00358222 0.00161818 
0.992697 0.906513 -0.00715517 -0.255844 0.000977859 0.00213138 
1 0.906513 0 0 0 0.00164662 

0 0.918063 0 0 0 -0.000152723 
0.00730325 0.918063 -0.00261507 0.0466085 0.00017408 -0.000112601 
0.0146065 0.918063 -0.0119356 0.0810485 0.000650745 -0.000280085 
0.0228517 0.918063 -0.0254142 0.114998 0.00147423 -0.000154287 
0.031097 0.918063 -0.03906 0.134754 0.00251558 -0.000252736 
0.0403673 0.918063 -0.0533982 0.151604 0.00385462 -0.0001223 
0.0496377 0.918063 -0.0642967 0.158366 0.00529944 -0.000178775 
0.0600123 0.918063 -0.0730022 0.162721 0.00697157 -6.6681e-05 
0.0703869 0.918063 -0.0770848 0.161888 0.00865989 -9.51093e-05 
0.0819372 0.918063 -0.0775937 0.159973 0.010522 -4.14575e-07 
0.0934875 0.918063 -0.0737679 0.155989 0.0123489 -7.54069e-06 
0.106272 0.918063 -0.0660785 0.151907 0.0143188 7.23207e-05 
0.119057 0.918063 -0.0549504 0.147136 0.0162316 7.87618e-05 
0.133119 0.918063 -0.0401903 0.142748 0.0182709 0.000143442 
0.14718 0.918063 -0.0230192 0.138056 0.020246 0.000154166 
0.162537 0.918063 -0.00268146 0.133892 0.0223354 0.000201378 
0.177894 0.918063 0.0190965 0.129386 0.0243581 0.000207322 
0.194538 0.918063 0.0434524 0.12536 0.0264796 0.00023443 
0.211181 0.918063 0.0683959 0.12085 0.02853 0.000228374 
0.22907 0.918063 0.0952511 0.11668 0.0306565 0.000233762 
0.246958 0.918063 0.121971 0.111925 0.0327031 0.000211405 
0.266013 0.918063 0.149882 0.107348 0.0347945 0.000195456 
0.285068 0.918063 0.177054 0.102164 0.0367929 0.000155955 
0.305174 0.918063 0.204664 0.0970224 0.0387978 0.000121564 
0.32528 0.918063 0.231034 0.0913341 0.0406937 6.75549e-05 
0.346282 0.918063 0.257097 0.0856037 0.0425542 2.01599e-05 
0.367284 0.918063 0.281519 0.0794587 0.0442899 -4.28065e-05 
0.388994 0.918063 0.304958 0.0732553 0.0459498 -9.57698e-05 
0.410703 0.918063 0.326462 0.066817 0.0474724 -0.000160411 
0.432902 0.918063 0.346456 0.060365 0.0488858 -0.000210607 
0.455101 0.918063 0.364341 0.0538705 0.0501553 -0.000269494 
0.477551 0.918063 0.380386 0.0474381 0.0512937 -0.000309064 
0.5 0.918063 0.394262 0.0411307 0.0522888 -0.000356126 
0.522449 0.918063 0.406179 0.0349484 0.0531433 -0.000378857 
0.544899 0.918063 0.415955 0.0290062 0.0538613 -0.000410317 
0.567098 0.918063 0.423831 0.0231986 0.0544407 -0.000412177 
0.589297 0.918063 0.429644 0.0176759 0.0548938 -0.000426689 
0.611006 0.918063 0.433733 0.0122135 0.0552175 -0.000405644 
0.632716 0.918063 0.43584 0.006996 0.0554248 -0.000403705 
0.653718 0.918063 0.436443 0.00165992 0.0555145 -0.000358995 
0.67472 0.918063 0.435096 -0.0035757 0.0554926 -0.000341866 
0.694826 0.918063 0.43243 -0.00922743 0.0553622 -0.000273071 
0.714932 0.918063 0.427748 -0.0150522 0.0551159 -0.000241469 
0.733987 0.918063 0.42182 -0.0217162 0.0547637 -0.000147752 
0.753042 0.918063 0.413674 -0.02898 0.0542781 -0.000100593 
0.77093 0.918063 0.404176 -0.0376263 0.0536804 1.9465e-05 
0.788819 0.918063 0.392095 -0.0474685 0.0529165 8.59589e-05 
0.805462 0.918063 0.378355 -0.059342 0.0520257 0.000233484 
0.822106 0.918063 0.361517 -0.0731905 0.0509199 0.000325967 
0.837463 0.918063 0.342542 -0.0898253 0.0496665 0.000499541 
0.85282 0.918063 0.319879 -0.109457 0.0481336 0.000626733 
0.866881 0.918063 0.29453 -0.132837 0.0464291 0.000818714 
0.880943 0.918063 0.26496 -0.160733 0.0443629 0.000989791 
0.893728 0.918063 0.232208 -0.193969 0.0420965 0.0011817 
0.906513 0.918063 0.194913 -0.234574 0.0393568 0.00140517 
0.918063 0.918063 0.154109 -0.283833 0.0363683 0.00156252 
0.929613 0.918063 0.109204 -0.345957 0.032735 0.00184464 
0.939988 0.918063 0.062801 -0.419823 0.0287656 0.00191556 
0.950362 0.918063 0.0176803 -0.505268 0.0239679 0.00223125 
0.959633 0.918063 -0.0165321 -0.578994 0.0189086 0.00220404 
0.968903 0.918063 -0.0371124 -0.618965 0.0133199 0.0024379 
0.977148 0.918063 -0.0353657 -0.591082 0.008258 0.00242447 
0.985394 0.918063 -0.0234946 -0.466329 0.00382291 0.00244255 
0.992697 0.918063 -0.00675966 -0.275603 0.00105678 0.00245288 
1 0.918063 0 0 0 0.00225289 

0 0.929613 0 0 0 0.000406453 
0.00730325 0.929613 -0.0079344 0.0569799 0.000224524 -0.000383793 
0.0146065 0.929613 -0.0188395 0.107842 0.000822248 0.000654739 
0.0228517 0.929613 -0.0326927 0.135892 0.00181318 -0.000309069 
0.031097 0.929613 -0.05298 0.160879 0.00303684 0.0004085 
0.0403673 0.929613 -0.0660003 0.167429 0.0045496 -0.000268774 
0.0496377 0.929613 -0.0810073 0.17316 0.00612976 0.000192676 
0.0600123 0.929613 -0.0862562 0.168582 0.00789664 -0.000181464 
0.0703869 0.929613 -0.0906622 0.164787 0.00962516 0.000105736 
0.0819372 0.929613 -0.0865946 0.15671 0.0114765 -6.85218e-05 
0.0934875 0.929613 -0.0809291 0.149857 0.0132442 0.000110647 
0.106272 0.929613 -0.0686998 0.141982 0.015105 4.50159e-05 
0.119057 0.929613 -0.0549823 0.135031 0.0168724 0.000159625 
0.133119 0.929613 -0.0362578 0.128523 0.0187215 0.00014467 
0.14718 0.929613 -0.0164923 0.12241 0.0204827 0.000218039 
0.162537 0.929613 0.00711605 0.117229 0.0223199 0.000220096 
0.177894 0.929613 0.0312121 0.111966 0.0240774 0.000262484 
0.194538 0.929613 0.0582297 0.107642 0.025903 0.000262672 
0.211181 0.929613 0.0851808 0.102907 0.0276535 0.000277915 
0.22907 0.929613 0.114242 0.0989136 0.0294576 0.000266349 
0.246958 0.929613 0.142726 0.0943452 0.0311852 0.000256418 
0.266013 0.929613 0.17254 0.0902705 0.0329436 0.000229219 
0.285068 0.929613 0.20132 0.0855884 0.0346187 0.000196843 
0.305174 0.929613 0.230652 0.0811827 0.036295 0.000154627 
0.32528 0.929613 0.258552 0.0762339 0.0378774 0.000104479 
0.346282 0.929613 0.286243 0.0714114 0.0394278 5.14001e-05 
0.367284 0.929613 0.312167 0.0661776 0.0408726 -9.80794e-06 
0.388994 0.929613 0.337192 0.0609985 0.0422529 -6.70594e-05 
0.410703 0.929613 0.360195 0.0555791 0.0435182 -0.000131373 
0.432902 0.929613 0.381749 0.0502118 0.0446921 -0.000184884 
0.455101 0.929613 0.401124 0.0447824 0.0457461 -0.000244463 
0.477551 0.929613 0.418693 0.0394417 0.0466908 -0.000286577 
0.5 0.929613 0.434024 0.0341939 0.0475165 -0.000335086 
0.522449 0.929613 0.447402 0.0290696 0.0482256 -0.000359616 
0.544899 0.929613 0.458565 0.0241466 0.0488217 -0.000393125 
0.567098 0.929613 0.467811 0.0193418 0.049303 -0.000395919 
0.589297 0.929613 0.47491 0.0147862 0.0496801 -0.000413041 
0.611006 0.929613 0.480257 0.0102739 0.0499504 -0.000391782 
0.632716 0.929613 0.483522 0.00598665 0.0501249 -0.000393118 
0.653718 0.929613 0.485256 0.00157859 0.0502023 -0.000346539 
0.67472 0.929613 0.484915 -0.00271507 0.050188 -0.000333658 
0.694826 0.929613 0.483241 -0.00739578 0.0500843 -0.000260485 
0.714932 0.929613 0.479385 -0.0121768 0.0498849 -0.000234781 
0.733987 0.929613 0.474297 -0.0177182 0.0495979 -0.000132737 
0.753042 0.929613 0.466752 -0.0236967 0.0492007 -9.45015e-05 
0.77093 0.929613 0.45793 -0.0309084 0.0487102 4.02759e-05 
0.788819 0.929613 0.446167 -0.0390329 0.048082 9.21188e-05 
0.805462 0.929613 0.43293 -0.0489435 0.0473481 0.000264995 
0.822106 0.929613 0.416038 -0.0604179 0.0464357 0.000331985 
0.837463 0.929613 0.39738 -0.0742983 0.0454 0.000548986 
0.85282 0.929613 0.374135 -0.0906904 0.0441316 0.000630548 
0.866881 0.929613 0.348871 -0.110231 0.0427189 0.000897024 
0.880943 0.929613 0.317901 -0.133902 0.0410028 0.00098596 
0.893728 0.929613 0.284851 -0.161876 0.039115 0.00130524 
0.906513 0.929613 0.244805 -0.197309 0.0368234 0.00138176 
0.918063 0.929613 0.202909 -0.239535 0.0343104 0.00175374 
0.929613 0.929613 0.152652 -0.296514 0.0312283 0.00178051 
0.939988 0.929613 0.102239 -0.364169 0.027818 0.00220258 
0.950362 0.929613 0.0457369 -0.453987 0.0235985 0.00210484 
0.959633 0.929613 0.00249749 -0.536419 0.0189994 0.00260851 
0.968903 0.929613 -0.0326332 -0.607161 0.0137013 0.00217185 
0.977148 0.929613 -0.0355249 -0.598049 0.00867573 0.00290676 
0.985394 0.929613 -0.0293875 -0.498135 0.00411062 0.00193458 
0.992697 0.929613 -0.0117856 -0.297216 0.00115616 0.00310285 
1 0.929613 0 0 0 0.00211305 

0 0.939988 0 0 0 -0.000297684 
0.00730325 0.939988 -0.0053466 0.0760366 0.00028711 -0.000185987 
0.0146065 0.939988 -0.0237725 0.120746 0.00103031 -0.000631635 
0.0228517 0.939988 -0.0469764 0.162337 0.00223018 -0.000250808 
0.031097 0.939988 -0.0656616 0.175426 0.00364353 -0.000500107 
0.0403673 0.939988 -0.0834058 0.184474 0.0053321 -0.000188753 
0.0496377 0.939988 -0.0922124 0.178916 0.00702849 -0.00031705 
0.0600123 0.939988 -0.0970808 0.172366 0.00886028 -0.000106904 
0.0703869 0.939988 -0.0943153 0.160775 0.0105938 -0.000153817 
0.0819372 0.939988 -0.0873272 0.150468 0.0123957 -1.90809e-05 
0.0934875 0.939988 -0.0751971 0.138975 0.0140695 -1.4245e-05 
0.106272 0.939988 -0.0592857 0.1296 0.0157887 7.12541e-05 
0.119057 0.939988 -0.0403741 0.120093 0.0173861 0.000102185 
0.133119 0.939988 -0.0181727 0.112796 0.0190252 0.000155206 
0.14718 0.939988 0.00549609 0.105396 0.0205602 0.000192265 
0.162537 0.939988 0.0320034 0.0999484 0.0221387 0.000221385 
0.177894 0.939988 0.0589342 0.0941739 0.0236305 0.000250486 
0.194538 0.939988 0.0882359 0.0899445 0.0251647 0.000259098 
0.211181 0.939988 0.117242 0.0851936 0.0266237 0.000271425 
0.22907 0.939988 0.148084 0.081555 0.0281174 0.000260686 
0.246958 0.939988 0.178106 0.0773046 0.0295402 0.000252048 
0.266013 0.939988 0.209342 0.0737834 0.0309821 0.00022318 
0.285068 0.939988 0.239344 0.069659 0.032351 0.000193479 
0.305174 0.939988 0.269867 0.0659681 0.033717 0.000149252 
0.32528 0.939988 0.298808 0.061756 0.0350033 0.000101949 
0.346282 0.939988 0.327551 0.0577787 0.0362609 4.72979e-05 
0.367284 0.939988 0.354418 0.0534121 0.0374308 -1.13769e-05 
0.388994 0.939988 0.380411 0.0491736 0.0385464 -6.95807e-05 
0.410703 0.939988 0.404301 0.0447049 0.0395674 -0.000131842 
0.432902 0.939988 0.426764 0.0403318 0.0405129 -0.000185735 
0.455101 0.939988 0.446981 0.0358892 0.0413604 -0.000243779 
0.477551 0.939988 0.465404 0.0315528 0.0421185 -0.000285811 
0.5 0.939988 0.481528 0.0272851 0.0427797 -0.00033327 
0.522449 0.939988 0.495697 0.0231392 0.0433462 -0.000357327 
0.544899 0.939988 0.507596 0.0191595 0.0438211 -0.000390184 
0.567098 0.939988 0.517566 0.0152871 0.0442033 -0.000392117 
0.589297 0.939988 0.525339 0.0116262 0.0445015 -0.00040883 
0.611006 0.939988 0.531344 0.00800172 0.0447138 -0.000386247 
0.632716 0.939988 0.535222 0.00457365 0.0448491 -0.00038714 
0.653718 0.939988 0.537551 0.00103712 0.0449068 -0.00033864 
0.67472 0.939988 0.537765 -0.00238743 0.0448908 -0.000324791 
0.694826 0.939988 0.53662 -0.00615206 0.0448032 -0.000248955 
0.714932 0.939988 0.53326 -0.00996754 0.0446388 -0.000220873 
0.733987 0.939988 0.528624 -0.0144491 0.044404 -0.000115428 
0.753042 0.939988 0.521516 -0.0192274 0.0440803 -7.18051e-05 
0.77093 0.939988 0.513045 -0.0250951 0.0436814 6.66114e-05 
0.788819 0.939988 0.50166 -0.0315864 0.043171 0.000129803 
0.805462 0.939988 0.488632 -0.039693 0.0425749 0.000304847 
0.822106 0.939988 0.472075 -0.0488354 0.0418343 0.000394758 
0.837463 0.939988 0.453402 -0.0602601 0.0409934 0.000608172 
0.85282 0.939988 0.430471 -0.0732796 0.0399636 0.000735167 
0.866881 0.939988 0.404777 -0.0895398 0.0388157 0.000982921 
0.880943 0.939988 0.374076 -0.108343 0.0374197 0.0011611 
0.893728 0.939988 0.339767 -0.13209 0.0358807 0.00142761 
0.906513 0.939988 0.29977 -0.160462 0.0340064 0.00167728 
0.918063 0.939988 0.254936 -0.197467 0.0319412 0.00192662 
0.929613 0.939988 0.203949 -0.244253 0.0293889 0.00228002 
0.939988 0.939988 0.146846 -0.30759 0.0265337 0.00244004 
0.950362 0.939988 0.0858702 -0.388907 0.0229233 0.0029293 
0.959633 0.939988 0.0267914 -0.483697 0.0188612 0.00289925 
0.968903 0.939988 -0.019458 -0.568821 0.0139572 0.00344174 
0.977148 0.939988 -0.0376514 -0.595685 0.0090681 0.00327751 
0.985394 0.939988 -0.0333354 -0.5102 0.00441131 0.00359972 
0.992697 0.939988 -0.00985141 -0.325031 0.00126658 0.00339041 
1 0.939988 0 0 0 0.00317652 

0 0.950362 0 0 0 0.000864124 
0.00730325 0.950362 -0.0166494 0.0935013 0.000380704 -0.00104323 
0.0146065 0.950362 -0.0401953 0.1705 0.00134273 0.00164904 
0.0228517 0.950362 -0.0556221 0.187845 0.00277608 -0.000772646 
0.031097 0.950362 -0.0875399 0.209003 0.00441349 0.000899514 
0.0403673 0.950362 -0.0921724 0.195419 0.00625885 -0.000527753 
0.0496377 0.950362 -0.103427 0.18857 0.00803297 0.000416865 
0.0600123 0.950362 -0.0943889 0.169269 0.00987036 -0.000292132 
0.0703869 0.950362 -0.0880788 0.155049 0.0115439 0.000234983 
0.0819372 0.950362 -0.0694042 0.138733 0.0132276 -9.83699e-05 
0.0934875 0.950362 -0.0522354 0.125205 0.0147436 0.000207689 
0.106272 0.950362 -0.0275433 0.113372 0.0162599 5.39158e-05 
0.119057 0.950362 -0.00410414 0.102668 0.0176345 0.000242668 
0.133119 0.950362 0.0242379 0.0945823 0.0190156 0.000170789 
0.14718 0.950362 0.0513241 0.086644 0.0202851 0.00029121 
0.162537 0.950362 0.0818874 0.0811566 0.02157 0.000253063 
0.177894 0.950362 0.111138 0.075301 0.0227683 0.000326715 
0.194538 0.950362 0.142986 0.0713796 0.0239869 0.000297689 
0.211181 0.950362 0.173444 0.0668616 0.0251355 0.000334075 
0.22907 0.950362 0.205811 0.0637225 0.0263024 0.00030133 
0.246958 0.950362 0.23668 0.0599313 0.0274074 0.000305717 
0.266013 0.950362 0.268786 0.0570477 0.0285216 0.000263317 
0.285068 0.950362 0.299246 0.0535575 0.029575 0.000240538 
0.305174 0.950362 0.33024 0.0506232 0.0306224 0.000187487 
0.32528 0.950362 0.359403 0.0471855 0.0316057 0.0001436 
0.346282 0.950362 0.388383 0.0440696 0.0325643 8.27991e-05 
0.367284 0.950362 0.415337 0.0405856 0.0334536 2.54181e-05 
0.388994 0.950362 0.441435 0.03729 0.0342993 -3.73745e-05 
0.410703 0.950362 0.465338 0.0337756 0.035071 -9.97064e-05 
0.432902 0.950362 0.487835 0.030392 0.0357835 -0.000157225 
0.455101 0.950362 0.508027 0.0269344 0.03642 -0.000216262 
0.477551 0.950362 0.526447 0.0235946 0.0369873 -0.000261234 
0.5 0.950362 0.542533 0.020303 0.03748 -0.000310335 
0.522449 0.950362 0.556691 0.0171261 0.0379 -0.00033672 
0.544899 0.950362 0.568555 0.0140836 0.03825 -0.000371702 
0.567098 0.950362 0.578531 0.0111321 0.0385294 -0.000375273 
0.589297 0.950362 0.586296 0.00835737 0.0387451 -0.000394544 
0.611006 0.950362 0.592347 0.00560682 0.0388959 -0.000372697 
0.632716 0.950362 0.596261 0.00302653 0.0389885 -0.000376695 
0.653718 0.950362 0.598699 0.000345651 0.0390229 -0.000327623 
0.67472 0.950362 0.599002 -0.00222491 0.0390017 -0.000317809 
0.694826 0.950362 0.598045 -0.00508959 0.0389268 -0.00023936 
0.714932 0.950362 0.594822 -0.00796044 0.0387938 -0.000217134 
0.733987 0.950362 0.590468 -0.011395 0.0386078 -0.000105658 
0.753042 0.950362 0.583522 -0.0150077 0.0383541 -7.16189e-05 
0.77093 0.950362 0.575449 -0.0195333 0.0380433 7.89058e-05 
0.788819 0.950362 0.564217 -0.02446 0.0376474 0.000124848 
0.805462 0.950362 0.551749 -0.0307314 0.037186 0.000323321 
0.822106 0.950362 0.535275 -0.0376935 0.0366139 0.000380372 
0.837463 0.950362 0.517414 -0.0465322 0.035965 0.000638959 
0.85282 0.950362 0.494365 -0.05652 0.035171 0.000701774 
0.866881 0.950362 0.469853 -0.0690894 0.034286 0.00103701 
0.880943 0.950362 0.438522 -0.0837889 0.0332093 0.00108914 
0.893728 0.950362 0.405848 -0.102169 0.0320205 0.0015251 
0.906513 0.950362 0.363999 -0.12519 0.0305683 0.00152801 
0.918063 0.950362 0.321179 -0.154065 0.0289612 0.00210234 
0.929613 0.950362 0.265547 -0.194392 0.0269589 0.0019776 
0.939988 0.950362 0.209692 -0.245527 0.0246958 0.00274895 
0.950362 0.950362 0.136058 -0.323988 0.0217736 0.00235168 
0.959633 0.950362 0.0708957 -0.413598 0.0183741 0.00342413 
0.968903 0.950362 -0.00249351 -0.530558 0.014046 0.00241502 
0.977148 0.950362 -0.0282744 -0.577468 0.00943012 0.00406362 
0.985394 0.950362 -0.0435305 -0.550427 0.00477346 0.00185366 
0.992697 0.950362 -0.0193311 -0.351524 0.00140322 0.00467088 
1 0.950362 0 0 0 0.00253968 

0 0.959633 0 0 0 -0.000531041 
0.00730325 0.959633 -0.0130378 0.13247 0.000513412 -0.000358409 
0.0146065 0.959633 -0.0480367 0.179277 0.00171032 -0.00147445 
0.0228517 0.959633 -0.0816881 0.220254 0.00343131 -0.000391406 
0.031097 0.959633 -0.0919774 0.209365 0.00523698 -0.000975353 
0.0403673 0.959633 -0.0997864 0.20156 0.00717769 -0.000290581 
0.0496377 0.959633 -0.089159 0.175973 0.00894341 -0.000505819 
0.0600123 0.959633 -0.0752267 0.158324 0.0106924 -0.000177807 
0.0703869 0.959633 -0.0525528 0.135851 0.0122249 -0.000194876 
0.0819372 0.959633 -0.0271237 0.120615 0.0137129 -6.06771e-05 
0.0934875 0.959633 0.000968845 0.10409 0.0150136 9.0249e-06 
0.106272 0.959633 0.0313841 0.0932595 0.0162791 5.34522e-05 
0.119057 0.959633 0.0615445 0.0818285 0.0174001 0.000147661 
0.133119 0.959633 0.0938319 0.0746334 0.0185028 0.000153882 
0.14718 0.959633 0.124673 0.0668676 0.019499 0.000241168 
0.162537 0.959633 0.157511 0.0621413 0.0204918 0.000230233 
0.177894 0.959633 0.188532 0.056784 0.0214063 0.000295677 
0.194538 0.959633 0.221359 0.0535313 0.0223264 0.000273712 
0.211181 0.959633 0.252317 0.0496277 0.0231863 0.000311127 
0.22907 0.959633 0.284756 0.0471258 0.0240536 0.000278385 
0.246958 0.959633 0.315339 0.0440079 0.0248703 0.00028666 
0.266013 0.959633 0.346933 0.0417848 0.0256897 0.000242478 
0.285068 0.959633 0.376642 0.039023 0.0264613 0.00022404 
0.305174 0.959633 0.40677 0.0368082 0.0272256 0.000169346 
0.32528 0.959633 0.434927 0.0341596 0.0279407 0.000129448 
0.346282 0.959633 0.462852 0.0318349 0.0286355 6.76994e-05 
0.367284 0.959633 0.48868 0.0291976 0.029278 1.37403e-05 
0.388994 0.959633 0.513649 0.0267557 0.0298869 -4.92758e-05 
0.410703 0.959633 0.536402 0.0241283 0.0304406 -0.000108777 
0.432902 0.959633 0.557778 0.0216349 0.0309497 -0.000165941 
0.455101 0.959633 0.576863 0.0190763 0.0314025 -0.000222713 
0.477551 0.959633 0.594234 0.0166288 0.031804 -0.000266924 
0.5 0.959633 0.609311 0.0142163 0.0321506 -0.000314275 
0.522449 0.959633 0.622544 0.0119024 0.032444 -0.000339623 
0.544899 0.959633 0.633543 0.00969342 0.0326863 -0.000373282 
0.567098 0.959633 0.642759 0.00755716 0.0328775 -0.000375599 
0.589297 0.959633 0.649838 0.00555974 0.0330225 -0.000393821 
0.611006 0.959633 0.655322 0.00357891 0.0331209 -0.000370486 
0.632716 0.959633 0.658753 0.00173159 0.0331775 -0.000373426 
0.653718 0.959633 0.660831 -0.000196571 0.0331924 -0.000322566 
0.67472 0.959633 0.660866 -0.00203748 0.0331674 -0.000311184 
0.694826 0.959633 0.659756 -0.00410668 0.033104 -0.000230602 
0.714932 0.959633 0.656482 -0.00617468 0.0329987 -0.000205391 
0.733987 0.959633 0.652171 -0.00867669 0.0328552 -9.16129e-05 
0.753042 0.959633 0.645397 -0.0112952 0.0326623 -5.14944e-05 
0.77093 0.959633 0.637552 -0.0146221 0.0324281 0.000100668 
0.788819 0.959633 0.626746 -0.0181967 0.0321314 0.000159036 
0.805462 0.959633 0.614678 -0.0228455 0.0317868 0.000356017 
0.822106 0.959633 0.598958 -0.0278672 0.0313608 0.000438546 
0.837463 0.959633 0.581635 -0.0344845 0.0308784 0.000686357 
0.85282 0.959633 0.559811 -0.0416031 0.0302892 0.000802182 
0.866881 0.959633 0.535844 -0.0511723 0.0296327 0.00110317 
0.880943 0.959633 0.506411 -0.0614894 0.0288345 0.00126769 
0.893728 0.959633 0.473876 -0.0759032 0.027952 0.00161466 
0.906513 0.959633 0.434818 -0.0918489 0.0268726 0.001859 
0.918063 0.959633 0.390651 -0.115542 0.0256725 0.00222319 
0.929613 0.959633 0.338749 -0.143514 0.0241691 0.00261711 
0.939988 0.959633 0.277377 -0.188171 0.0224519 0.00292008 
0.950362 0.959633 0.207582 -0.245148 0.0201978 0.00360964 
0.959633 0.959633 0.123686 -0.33789 0.0174976 0.0036547 
0.968903 0.959633 0.0438896 -0.444589 0.0138503 0.00478281 
0.977148 0.959633 -0.0201359 -0.543925 0.00968812 0.00432662 
0.985394 0.959633 -0.0394377 -0.537234 0.00510809 0.00560212 
0.992697 0.959633 -0.0131765 -0.38986 0.00155794 0.00467013 
1 0.959633 0 0 0 0.00465406 

0 0.968903 0 0 0 0.00100211 
0.00730325 0.968903 -0.0295271 0.163051 0.000681537 -0.00273122 
0.0146065 0.968903 -0.0965338 0.272054 0.00230729 0.00418237 
0.0228517 0.968903 -0.0794362 0.23031 0.00422776 -0.00176426 
0.031097 0.968903 -0.111714 0.234518 0.00612809 0.0021117 
0.0403673 0.968903 -0.0691526 0.187696 0.00800985 -0.000875696 
0.0496377 0.968903 -0.0567847 0.164715 0.00961414 0.000988359 
0.0600123 0.968903 -0.0106291 0.134867 0.0111346 -0.000383538 
0.0703869 0.968903 0.0187784 0.112913 0.0124004 0.00054619 
0.0819372 0.968903 0.0630258 0.0955491 0.0135881 -9.97582e-05 
0.0934875 0.968903 0.0964083 0.0798542 0.0145898 0.000399822 
0.106272 0.968903 0.136923 0.0697033 0.0155378 8.08118e-05 
0.119057 0.968903 0.169975 0.0593314 0.0163561 0.000371297 
0.133119 0.968903 0.206963 0.0533244 0.0171442 0.000204475 
0.14718 0.968903 0.238648 0.0466078 0.0178431 0.000382092 
0.162537 0.968903 0.272916 0.0429535 0.0185288 0.000286469 
0.177894 0.968903 0.303307 0.038534 0.0191525 0.000393885 
0.194538 0.968903 0.335615 0.0361572 0.0197733 0.000328958 
0.211181 0.968903 0.364963 0.0330841 0.0203486 0.000386001 
0.22907 0.968903 0.395744 0.0313313 0.0209247 0.000330357 
0.246958 0.968903 0.424105 0.0289838 0.021464 0.000347691 
0.266013 0.968903 0.453397 0.027467 0.0220023 0.000290411 
0.285068 0.968903 0.480537 0.0254652 0.022507 0.000275825 
0.305174 0.968903 0.508037 0.0239735 0.0230047 0.000212893 
0.32528 0.968903 0.533468 0.0221082 0.0234687 0.000174117 
0.346282 0.968903 0.55865 0.0205514 0.0239176 0.000106572 
0.367284 0.968903 0.581742 0.0187327 0.0243311 5.21915e-05 
0.388994 0.968903 0.60401 0.017104 0.0247211 -1.53567e-05 
0.410703 0.968903 0.624136 0.0153216 0.0250741 -7.62124e-05 
0.432902 0.968903 0.642977 0.0136664 0.0253968 -0.000137187 
0.455101 0.968903 0.659648 0.0119557 0.0256821 -0.000195884 
0.477551 0.968903 0.674748 0.0103407 0.0259333 -0.000243392 
0.5 0.968903 0.687706 0.00875036 0.0261483 -0.000292996 
0.522449 0.968903 0.699008 0.00723459 0.0263284 -0.000321157 
0.544899 0.968903 0.708248 0.00579852 0.0264751 -0.000357246 
0.567098 0.968903 0.715921 0.00440925 0.0265888 -0.000361833 
0.589297 0.968903 0.721636 0.00312658 0.0266726 -0.000382619 
0.611006 0.968903 0.725991 0.00184477 0.0267266 -0.000360892 
0.632716 0.968903 0.728465 0.000667093 0.0267536 -0.000366661 
0.653718 0.968903 0.729828 -0.000581568 0.0267542 -0.000316534 
0.67472 0.968903 0.729303 -0.00175731 0.0267291 -0.000308657 
0.694826 0.968903 0.727882 -0.00310857 0.0266796 -0.000227489 
0.714932 0.968903 0.724421 -0.00444319 0.0266027 -0.00020742 
0.733987 0.968903 0.720198 -0.00609811 0.0265014 -9.07216e-05 
0.753042 0.968903 0.713586 -0.00780782 0.0263676 -5.94717e-05 
0.77093 0.968903 0.706255 -0.010033 0.0262067 0.000100293 
0.788819 0.968903 0.695937 -0.0123828 0.0260045 0.000141532 
0.805462 0.968903 0.684903 -0.0155118 0.0257708 0.000356216 
0.822106 0.968903 0.669967 -0.0188209 0.0254828 0.00040344 
0.837463 0.968903 0.654391 -0.023282 0.0251575 0.000691397 
0.85282 0.968903 0.633549 -0.027997 0.0247611 0.000731898 
0.866881 0.968903 0.612387 -0.0344338 0.0243199 0.00112323 
0.880943 0.968903 0.583829 -0.0414057 0.0237839 0.00112402 
0.893728 0.968903 0.55573 -0.0510416 0.0231912 0.00167308 
0.906513 0.968903 0.516603 -0.0623765 0.0224645 0.0015578 
0.918063 0.968903 0.47944 -0.0780604 0.0216547 0.00237018 
0.929613 0.968903 0.424452 -0.0997999 0.0206318 0.00196992 
0.939988 0.968903 0.373955 -0.129351 0.019456 0.00325508 
0.950362 0.968903 0.292273 -0.180313 0.0178759 0.00220348 
0.959633 0.968903 0.220523 -0.245394 0.0159462 0.00437335 
0.968903 0.968903 0.0933435 -0.373101 0.0131799 0.00191282 
0.977148 0.968903 0.0314793 -0.471935 0.00969322 0.00578559 
0.985394 0.968903 -0.056016 -0.585327 0.00547218 0.000490015 
0.992697 0.968903 -0.0211272 -0.412384 0.00169541 0.00741213 
1 0.968903 0 0 0 0.00341059 

0 0.977148 0 0 0 -0.000217103 
0.00730325 0.977148 -0.0373455 0.243176 0.00100223 -0.00103682 
0.0146065 0.977148 -0.0756884 0.237093 0.00289197 -0.00330946 
0.0228517 0.977148 -0.0977364 0.242902 0.00505517 -0.000531771 
0.031097 0.977148 -0.0426297 0.172197 0.00681348 -0.00163436 
0.0403673 0.977148 -0.00456403 0.157762 0.00840156 -0.000469275 
0.0496377 0.977148 0.0518902 0.1159 0.00969411 -0.000575965 
0.0600123 0.977148 0.10348 0.0991748 0.010827 -0.000287821 
0.0703869 0.977148 0.152736 0.0758522 0.0117425 -0.000109067 
0.0819372 0.977148 0.200478 0.0647592 0.0125615 -0.000112807 
0.0934875 0.977148 0.241639 0.051478 0.0132357 0.000110712 
0.106272 0.977148 0.28284 0.0447519 0.0138542 3.69438e-05 
0.119057 0.977148 0.317624 0.0369938 0.014378 0.00023189 
0.133119 0.977148 0.353202 0.0330146 0.014872 0.000156337 
0.14718 0.977148 0.383572 0.0283487 0.0153041 0.000305471 
0.162537 0.977148 0.415079 0.0259661 0.0157223 0.000241878 
0.177894 0.977148 0.442593 0.0230336 0.0160991 0.000344596 
0.194538 0.977148 0.471316 0.0215209 0.0164708 0.000289527 
0.211181 0.977148 0.496976 0.0195405 0.0168131 0.000349512 
0.22907 0.977148 0.523696 0.018454 0.0171538 0.000296022 
0.246958 0.977148 0.547963 0.0169704 0.0174714 0.00031818 
0.266013 0.977148 0.572961 0.0160495 0.0177868 0.000260887 
0.285068 0.977148 0.595846 0.0148024 0.0180816 0.000251125 
0.305174 0.977148 0.619003 0.0139073 0.018371 0.000188015 
0.32528 0.977148 0.640199 0.0127593 0.0186399 0.00015355 
0.346282 0.977148 0.661152 0.0118307 0.0188989 8.62729e-05 
0.367284 0.977148 0.680182 0.0107243 0.0191366 3.56024e-05 
0.388994 0.977148 0.698483 0.00975681 0.0193595 -3.11612e-05 
0.410703 0.977148 0.714857 0.0086853 0.0195603 -8.88971e-05 
0.432902 0.977148 0.730122 0.00770647 0.0197427 -0.000148691 
0.455101 0.977148 0.743469 0.00669068 0.0199029 -0.000204839 
0.477551 0.977148 0.755489 0.0057411 0.0200426 -0.000250936 
0.5 0.977148 0.765641 0.00480865 0.0201611 -0.000298529 
0.522449 0.977148 0.774427 0.00392332 0.020259 -0.000325184 
0.544899 0.977148 0.781432 0.00309144 0.0203375 -0.000359726 
0.567098 0.977148 0.787184 0.00228556 0.0203969 -0.000362786 
0.589297 0.977148 0.791252 0.00154918 0.0204389 -0.000382334 
0.611006 0.977148 0.794271 0.000809526 0.0204639 -0.000359066 
0.632716 0.977148 0.795674 0.000134369 0.0204734 -0.000363616 
0.653718 0.977148 0.796253 -0.000585479 0.0204678 -0.000311911 
0.67472 0.977148 0.795199 -0.0012666 0.0204474 -0.000302316 
0.694826 0.977148 0.793506 -0.00204948 0.0204129 -0.000219575 
0.714932 0.977148 0.790037 -0.00283773 0.0203625 -0.000196355 
0.733987 0.977148 0.786025 -0.00380473 0.0202978 -7.84313e-05 
0.753042 0.977148 0.77993 -0.00483263 0.0202139 -4.08287e-05 
0.77093 0.977148 0.773288 -0.00614304 0.020114 0.000118605 
0.788819 0.977148 0.764075 -0.00756834 0.0199892 0.000173004 
0.805462 0.977148 0.754232 -0.00942184 0.0198456 0.000382431 
0.822106 0.977148 0.741142 -0.0114261 0.0196695 0.000457546 
0.837463 0.977148 0.727288 -0.014089 0.0194708 0.000726828 
0.85282 0.977148 0.70932 -0.0169057 0.0192294 0.000828284 
0.866881 0.977148 0.690367 -0.0208209 0.0189607 0.00116706 
0.880943 0.977148 0.666213 -0.0248483 0.0186351 0.00130553 
0.893728 0.977148 0.640507 -0.0309786 0.0182741 0.00171971 
0.906513 0.977148 0.608206 -0.0371166 0.0178327 0.00192451 
0.918063 0.977148 0.572586 -0.0479698 0.0173366 0.00240575 
0.929613 0.977148 0.528491 -0.0587102 0.0167115 0.00276792 
0.939988 0.977148 0.4756 -0.0817188 0.0159791 0.00325889 
0.950362 0.977148 0.411693 -0.105341 0.0149938 0.00405445 
0.959633 0.977148 0.323618 -0.164559 0.0137395 0.00432867 
0.968903 0.977148 0.226419 -0.224503 0.0118958 0.0062705 
0.977148 0.977148 0.0811775 -0.387104 0.00932333 0.00556656 
0.985394 0.977148 0.00396214 -0.478187 0.00556132 0.00913883 
0.992697 0.977148 -0.0150742 -0.4525 0.00189206 0.0066187 
1 0.977148 0 0 0 0.00679565 

0 0.985394 0 0 0 -0.0119349 
0.00730325 0.985394 0.00788603 0.275267 0.0011692 -0.00620519 
0.0146065 0.985394 -0.212576 0.376876 0.00374866 0.00943883 
0.0228517 0.985394 0.0365024 0.162332 0.00553748 -0.00309064 
0.031097 0.985394 0.057896 0.15408 0.00665745 0.00482953 
0.0403673 0.985394 0.192776 0.0999042 0.00775786 -0.00115016 
0.0496377 0.985394 0.239746 0.0726418 0.00850307 0.0020852 
0.0600123 0.985394 0.323135 0.0562696 0.00915667 -0.000380575 
0.0703869 0.985394 0.364487 0.0408047 0.00964305 0.00103 
0.0819372 0.985394 0.419645 0.0337189 0.0100695 -4.34165e-05 
0.0934875 0.985394 0.453144 0.0254672 0.0104048 0.000637648 
0.106272 0.985394 0.492492 0.0218851 0.0107066 0.000136151 
0.119057 0.985394 0.5198 0.0173845 0.010955 0.00050166 
0.133119 0.985394 0.550084 0.0154707 0.0111862 0.00024948 
0.14718 0.985394 0.573202 0.0129072 0.0113846 0.000461524 
0.162537 0.985394 0.598219 0.0118392 0.0115752 0.000322386 
0.177894 0.985394 0.618685 0.0102897 0.0117448 0.000447388 
0.194538 0.985394 0.640558 0.00964327 0.0119114 0.000358513 
0.211181 0.985394 0.659335 0.00862504 0.0120636 0.000425398 
0.22907 0.985394 0.679163 0.00816999 0.0122146 0.000355669 
0.246958 0.985394 0.696707 0.00742304 0.0123546 0.000378832 
0.266013 0.985394 0.714932 0.0070342 0.0124932 0.000312747 
0.285068 0.985394 0.731306 0.00641856 0.0126222 0.000301646 
0.305174 0.985394 0.747949 0.00603272 0.0127484 0.000232859 
0.32528 0.985394 0.762951 0.00547765 0.012865 0.000196048 
0.346282 0.985394 0.7778 0.00507031 0.0129769 0.000124357 
0.367284 0.985394 0.791096 0.00454709 0.0130789 7.0881e-05 
0.388994 0.985394 0.803863 0.00411862 0.0131741 2.19924e-07 
0.410703 0.985394 0.815115 0.00362357 0.0132592 -6.04988e-05 
0.432902 0.985394 0.825563 0.003189 0.0133358 -0.000123909 
0.455101 0.985394 0.834534 0.00273092 0.0134026 -0.000183017 
0.477551 0.985394 0.842563 0.00231034 0.0134601 -0.000232458 
0.5 0.985394 0.849171 0.00190006 0.0135082 -0.000282837 
0.522449 0.985394 0.854842 0.00150996 0.0135472 -0.000312497 
0.544899 0.985394 0.859167 0.00115239 0.0135778 -0.000349573 
0.567098 0.985394 0.862673 0.000799207 0.0136 -0.000355245 
0.589297 0.985394 0.864903 0.000488242 0.0136147 -0.000377106 
0.611006 0.985394 0.866496 0.000164795 0.0136221 -0.000356043 
0.632716 0.985394 0.866845 -0.000119277 0.0136228 -0.000362879 
0.653718 0.985394 0.866746 -0.000435708 0.013617 -0.000312974 
0.67472 0.985394 0.865358 -0.000727332 0.0136047 -0.000306089 
0.694826 0.985394 0.863675 -0.00107634 0.0135865 -0.000224652 
0.714932 0.985394 0.860547 -0.00142451 0.0135611 -0.000205478 
0.733987 0.985394 0.857215 -0.00186341 0.0135294 -8.79013e-05 
0.753042 0.985394 0.852135 -0.00232969 0.013489 -5.75547e-05 
0.77093 0.985394 0.846898 -0.00293322 0.0134414 0.000104017 
0.788819 0.985394 0.839419 -0.00358891 0.0133824 0.000143884 
0.805462 0.985394 0.831853 -0.00444893 0.0133149 0.000362202 
0.822106 0.985394 0.821293 -0.00537781 0.0132321 0.000406135 
0.837463 0.985394 0.810868 -0.0066116 0.0131393 0.000702163 
0.85282 0.985394 0.796265 -0.00793688 0.0130262 0.000733103 
0.866881 0.985394 0.782399 -0.00972743 0.0129013 0.0011447 
0.880943 0.985394 0.762278 -0.0117071 0.0127489 0.00111619 
0.893728 0.985394 0.744301 -0.0144316 0.0125815 0.00172138 
0.906513 0.985394 0.715919 -0.0177528 0.0123738 0.00151395 
0.918063 0.985394 0.692859 -0.0223652 0.0121435 0.00249175 
0.929613 0.985394 0.650121 -0.0292067 0.0118448 0.00179679 
0.939988 0.985394 0.619953 -0.0385526 0.011502 0.00358429 
0.950362 0.985394 0.547591 -0.0576534 0.0110102 0.00158716 
0.959633 0.985394 0.504226 -0.0816051 0.0104075 0.00528325 
0.968903 0.985394 0.360688 -0.154845 0.00937667 -9.60822e-05 
0.977148 0.985394 0.286868 -0.214637 0.00802921 0.0081765 
0.985394 0.985394 -0.0667899 -0.50794 0.00551687 -0.0036939 
0.992697 0.985394 0.0417441 -0.429215 0.00181651 0.0118737 
1 0.985394 0 0 0 0.0164759 

0 0.992697 0 0 0 0.0110143 
0.00730325 0.992697 -0.103438 0.42045 0.00226803 -0.0053653 
0.0146065 0.992697 0.189266 -0.0302567 0.00419104 -0.00436809 
0.0228517 0.992697 0.310283 0.0681272 0.00450269 -0.0014907 
0.031097 0.992697 0.415083 0.042324 0.00505179 -0.00146789 
0.0403673 0.992697 0.500525 0.0290357 0.00536287 -0.000664665 
0.0496377 0.992697 0.559252 0.026192 0.00562378 -0.000277661 
0.0600123 0.992697 0.611208 0.0151133 0.00582105 -0.000308919 
0.0703869 0.992697 0.646339 0.0143604 0.00597213 0.000104344 
0.0819372 0.992697 0.680305 0.00897083 0.00609769 -8.34894e-05 
0.0934875 0.992697 0.703317 0.00828509 0.00619615 0.000248712 
0.106272 0.992697 0.727154 0.00583631 0.00628148 7.54753e-05 
0.119057 0.992697 0.743738 0.0052721 0.00635202 0.000322514 
0.133119 0.992697 0.761746 0.0041372 0.00641531 0.000192414 
0.14718 0.992697 0.774877 0.00372277 0.00647044 0.000368019 
0.162537 0.992697 0.789482 0.00317024 0.00652158 0.00027353 
0.177894 0.992697 0.80074 0.00287313 0.00656801 0.000390576 
0.194538 0.992697 0.813296 0.00258108 0.00661221 0.000317394 
0.211181 0.992697 0.823485 0.00235959 0.00665343 0.00038557 
0.22907 0.992697 0.834697 0.00218191 0.00669325 0.00032106 
0.246958 0.992697 0.844156 0.00200308 0.00673083 0.000348054 
0.266013 0.992697 0.854317 0.00187123 0.00676721 0.000283759 
0.285068 0.992697 0.863096 0.00171376 0.00680153 0.000276823 
0.305174 0.992697 0.872245 0.00159585 0.00683445 0.000209017 
0.32528 0.992697 0.880226 0.00144846 0.00686522 0.000176057 
0.346282 0.992697 0.888263 0.00133138 0.00689417 0.000105424 
0.367284 0.992697 0.895252 0.00119025 0.0069208 5.53159e-05 
0.388994 0.992697 0.90204 0.00107121 0.00694518 -1.40071e-05 
0.410703 0.992697 0.90785 0.0009374 0.0069671 -7.18837e-05 
0.432902 0.992697 0.913287 0.00081916 0.00698644 -0.000133733 
0.455101 0.992697 0.917796 0.000695922 0.00700334 -0.000190542 
0.477551 0.992697 0.921859 0.000583353 0.00701752 -0.000238329 
0.5 0.992697 0.92504 0.000473677 0.00702943 -0.000286943 
0.522449 0.992697 0.9278 0.000371016 0.00703868 -0.000314974 
0.544899 0.992697 0.929717 0.000275655 0.00704596 -0.000350753 
0.567098 0.992697 0.931308 0.000184664 0.00705075 -0.000354875 
0.589297 0.992697 0.93208 0.000100886 0.00705392 -0.000375762 
0.611006 0.992697 0.932658 1.99412e-05 0.00705484 -0.000353225 
0.632716 0.992697 0.932407 -5.91717e-05 0.00705439 -0.000359135 
0.653718 0.992697 0.932097 -0.000135406 0.00705186 -0.000307801 
0.67472 0.992697 0.930893 -0.00022144 0.00704806 -0.000299561 
0.694826 0.992697 0.92974 -0.000301985 0.00704222 -0.000216784 
0.714932 0.992697 0.927558 -0.000411696 0.00703497 -0.000194958 
0.733987 0.992697 0.925498 -0.000508635 0.00702551 -7.65049e-05 
0.753042 0.992697 0.922185 -0.000664852 0.00701422 -4.0515e-05 
0.77093 0.992697 0.919035 -0.000791162 0.00700039 0.000120146 
0.788819 0.992697 0.914311 -0.00102582 0.00698403 0.000172304 
0.805462 0.992697 0.909787 -0.00119008 0.00696464 0.0003841 
0.822106 0.992697 0.903258 -0.00155505 0.00694176 0.000455601 
0.837463 0.992697 0.896989 -0.00175053 0.00691531 0.000729312 
0.85282 0.992697 0.888162 -0.00235109 0.00688406 0.000824671 
0.866881 0.992697 0.879657 -0.00253364 0.00684862 0.00117176 
0.880943 0.992697 0.867892 -0.00361899 0.00680639 0.00130033 
0.893728 0.992697 0.856338 -0.00366362 0.00675899 0.00173043 
0.906513 0.992697 0.840617 -0.00584857 0.00670114 0.00192064 
0.918063 0.992697 0.824235 -0.00550317 0.00663564 0.00243401 
0.929613 0.992697 0.802419 -0.0102411 0.006552 0.00277989 
0.939988 0.992697 0.776463 -0.00947631 0.00645138 0.00334373 
0.950362 0.992697 0.742612 -0.0196155 0.00631623 0.00415773 
0.959633 0.992697 0.691918 -0.022641 0.0061185 0.004634 
0.968903 0.992697 0.625076 -0.0381024 0.00585817 0.0069261 
0.977148 0.992697 0.496955 -0.0781158 0.00529162 0.00687787 
0.985394 0.992697 0.340366 -0.0028661 0.00480132 0.0122823 
0.992697 0.992697 -0.0446172 -0.467879 0.0025216 0.0121697 
1 0.992697 0 0 0 8.67761e-05 

0 1 0 0 0 -0.216706 
0.00730325 1 1 0 0 0.00641686 
0.0146065 1 1 0 0 -0.000657004 
0.0228517 1 1 0 0 -0.00177557 
0.031097 1 1 0 0 0.00469851 
0.0403673 1 1 0 0 -0.000285599 
0.0496377 1 1 0 0 0.00203207 
0.0600123 1 1 0 0 5.64517e-05 
0.0703869 1 1 0 0 0.00101385 
0.0819372 1 1 0 0 0.000170374 
0.0934875 1 1 0 0 0.000660237 
0.106272 1 1 0 0 0.000247261 
0.119057 1 1 0 0 0.000536782 
0.133119 1 1 0 0 0.000314716 
0.14718 1 1 0 0 0.000496342 
0.162537 1 1 0 0 0.000366347 
0.177894 1 1 0 0 0.000478516 
0.194538 1 1 0 0 0.000391767 
0.211181 1 1 0 0 0.000452667 
0.22907 1 1 0 0 0.000382791 
0.246958 1 1 0 0 0.000402676 
0.266013 1 1 0 0 0.000335679 
0.285068 1 1 0 0 0.000322366 
0.305174 1 1 0 0 0.000252351 
0.32528 1 1 0 0 0.000213745 
0.346282 1 1 0 0 0.000140646 
0.367284 1 1 0 0 8.55522e-05 
0.388994 1 1 0 0 1.33729e-05 
0.410703 1 1 0 0 -4.88427e-05 
0.432902 1 1 0 0 -0.000113809 
0.455101 1 1 0 0 -0.000174279 
0.477551 1 1 0 0 -0.000225236 
0.5 1 1 0 0 -0.000276809 
0.522449 1 1 0 0 -0.000307883 
0.544899 1 1 0 0 -0.000345971 
0.567098 1 1 0 0 -0.000352926 
0.589297 1 1 0 0 -0.000375631 
0.611006 1 1 0 0 -0.000355746 
0.632716 1 1 0 0 -0.0003633 
0.653718 1 1 0 0 -0.000314561 
0.67472 1 1 0 0 -0.000308321 
0.694826 1 1 0 0 -0.000228224 
0.714932 1 1 0 0 -0.000209649 
0.733987 1 1 0 0 -9.39083e-05 
0.753042 1 1 0 0 -6.40385e-05 
0.77093 1 1 0 0 9.4653e-05 
0.788819 1 1 0 0 0.000134549 
0.805462 1 1 0 0 0.000347913 
0.822106 1 1 0 0 0.00039364 
0.837463 1 1 0 0 0.000680338 
0.85282 1 1 0 0 0.000718625 
0.866881 1 1 0 0 0.00111048 
0.880943 1 1 0 0 0.00110616 
0.893728 1 1 0 0 0.00166398 
0.906513 1 1 0 0 0.00153054 
0.918063 1 1 0 0 0.00238426 
0.929613 1 1 0 0 0.00190411 
0.939988 1 1 0 0 0.00335842 
0.950362 1 1 0 0 0.00195492 
0.959633 1 1 0 0 0.00476807 
0.968903 1 1 0 0 0.0012446 
0.977148 1 1 0 0 0.00685783 
0.985394 1 1 0 0 0.00933619 
0.992697 1 1 0 0 0.000471119 
1 1 0 0 0 0.23293 
# primary vortex: psi = 0.113799 at 0.544899 0.611006
# lower left vortex: psi = -1.3761e-05 at 0.0496377 0.0496377
# lower right vortex: psi = -0.000642903 at 0.880943 0.119057
