# t/t_ref = 16.9999 (step 201586), Re = 3200, Ma = 0.1, 32^2 Q2 elements
# x y u/U0 v/U0 psi/(U0 L) rho-rho0
0 0 0 0 0 0.000494637 
0.00730325 0 0 0 0 0.000495337 
0.0146065 0 0 0 0 0.000495209 
0.0228517 0 0 0 0 0.000496865 
0.031097 0 0 0 0 0.000496358 
0.0403673 0 0 0 0 0.000498833 
0.0496377 0 0 0 0 0.000497524 
0.0600123 0 0 0 0 0.000499249 
0.0703869 0 0 0 0 0.000498007 
0.0819372 0 0 0 0 0.000497447 
0.0934875 0 0 0 0 0.000497728 
0.106272 0 0 0 0 0.000494359 
0.119057 0 0 0 0 0.000497123 
0.133119 0 0 0 0 0.000491942 
0.14718 0 0 0 0 0.000496657 
0.162537 0 0 0 0 0.000490791 
0.177894 0 0 0 0 0.000496443 
0.194538 0 0 0 0 0.000488661 
0.211181 0 0 0 0 0.000495816 
0.22907 0 0 0 0 0.000482655 
0.246958 0 0 0 0 0.000493079 
0.266013 0 0 0 0 0.000470352 
0.285068 0 0 0 0 0.000485341 
0.305174 0 0 0 0 0.00044864 
0.32528 0 0 0 0 0.000467154 
0.346282 0 0 0 0 0.000416621 
0.367284 0 0 0 0 0.00043481 
0.388994 0 0 0 0 0.000381045 
0.410703 0 0 0 0 0.000397025 
0.432902 0 0 0 0 0.000358734 
0.455101 0 0 0 0 0.000377841 
0.477551 0 0 0 0 0.000372891 
0.5 0 0 0 0 0.000401213 
0.522449 0 0 0 0 0.0004355 
0.544899 0 0 0 0 0.000465639 
0.567098 0 0 0 0 0.000527812 
0.589297 0 0 0 0 0.000535715 
0.611006 0 0 0 0 0.000600595 
0.632716 0 0 0 0 0.000561811 
0.653718 0 0 0 0 0.000604736 
0.67472 0 0 0 0 0.000523421 
0.694826 0 0 0 0 0.000537638 
0.714932 0 0 0 0 0.000450925 
0.733987 0 0 0 0 0.000447792 
0.753042 0 0 0 0 0.000391098 
0.77093 0 0 0 0 0.000384957 
0.788819 0 0 0 0 0.000365538 
0.805462 0 0 0 0 0.00036122 
0.822106 0 0 0 0 0.000363584 
0.837463 0 0 0 0 0.0003614 
0.85282 0 0 0 0 0.000369023 
0.866881 0 0 0 0 0.000368666 
0.880943 0 0 0 0 0.000374439 
0.893728 0 0 0 0 0.000375169 
0.906513 0 0 0 0 0.00037843 
0.918063 0 0 0 0 0.000379385 
0.929613 0 0 0 0 0.000381207 
0.939988 0 0 0 0 0.000381925 
0.950362 0 0 0 0 0.000383233 
0.959633 0 0 0 0 0.000383708 
0.968903 0 0 0 0 0.00038472 
0.977148 0 0 0 0 0.000385231 
0.985394 0 0 0 0 0.000385408 
0.992697 0 0 0 0 0.000385903 
1 0 0 0 0 0.000385315 

0 0.00730325 0 0 0 0.000493927 
0.00730325 0.00730325 3.63779e-05 -3.66908e-05 -1.21931e-07 0.00049456 
0.0146065 0.00730325 0.000142067 -7.59705e-05 -5.21465e-07 0.000493571 
0.0228517 0.00730325 0.000380213 -0.000134243 -1.38516e-06 0.000494394 
0.031097 0.00730325 0.000715527 -0.000173397 -2.65407e-06 0.00049279 
0.0403673 0.00730325 0.0012083 -0.000222553 -4.50254e-06 0.000493869 
0.0496377 0.00730325 0.00177328 -0.000229458 -6.60853e-06 0.00049226 
0.0600123 0.00730325 0.00240927 -0.000239976 -9.06093e-06 0.000492981 
0.0703869 0.00730325 0.00305023 -0.000209848 -1.13938e-05 0.000492418 
0.0819372 0.00730325 0.0036141 -0.000179203 -1.36445e-05 0.000491747 
0.0934875 0.00730325 0.00412125 -0.000133721 -1.54209e-05 0.000493005 
0.106272 0.00730325 0.00444317 -8.58394e-05 -1.6802e-05 0.000490112 
0.119057 0.00730325 0.00470533 -5.82339e-05 -1.76618e-05 0.000493216 
0.133119 0.00730325 0.00481331 -2.92375e-05 -1.82464e-05 0.000487982 
0.14718 0.00730325 0.00492544 -2.7869e-05 -1.85886e-05 0.000492395 
0.162537 0.00730325 0.00497882 -2.73952e-05 -1.90281e-05 0.000485063 
0.177894 0.00730325 0.00509511 -2.12482e-05 -1.9375e-05 0.0004908 
0.194538 0.00730325 0.00507123 -1.28443e-05 -1.97636e-05 0.000480724 
0.211181 0.00730325 0.0050799 2.92062e-05 -1.96154e-05 0.00048906 
0.22907 0.00730325 0.00460815 9.08296e-05 -1.87591e-05 0.000474197 
0.246958 0.00730325 0.00402896 0.000176141 -1.63502e-05 0.000486946 
0.266013 0.00730325 0.0024491 0.000328985 -1.18724e-05 0.00046471 
0.285068 0.00730325 0.000475326 0.000454624 -4.41406e-06 0.000483111 
0.305174 0.00730325 -0.00311617 0.000741684 7.21777e-06 0.000451975 
0.32528 0.00730325 -0.00762871 0.000910269 2.37095e-05 0.000475355 
0.346282 0.00730325 -0.0141068 0.00128514 4.64408e-05 0.00043695 
0.367284 0.00730325 -0.0219505 0.0014639 7.50424e-05 0.000461473 
0.388994 0.00730325 -0.0312661 0.00174297 0.000109829 0.000422378 
0.410703 0.00730325 -0.0416127 0.00181257 0.000148136 0.000443148 
0.432902 0.00730325 -0.051901 0.00180772 0.000188895 0.000413966 
0.455101 0.00730325 -0.0619279 0.00160319 0.000226749 0.000429207 
0.477551 0.00730325 -0.0695591 0.00121289 0.000259506 0.000419697 
0.5 0.00730325 -0.0751649 0.000643035 0.000280616 0.000430168 
0.522449 0.00730325 -0.076015 -7.86555e-05 0.000288158 0.000444477 
0.544899 0.00730325 -0.0735778 -0.000890114 0.000277383 0.000447688 
0.567098 0.00730325 -0.0653822 -0.00170046 0.000249282 0.000482035 
0.589297 0.00730325 -0.0540965 -0.00240153 0.000203215 0.000468973 
0.611006 0.00730325 -0.0385774 -0.00293446 0.000145103 0.00051241 
0.632716 0.00730325 -0.0219259 -0.0030916 7.85891e-05 0.000474793 
0.653718 0.00730325 -0.00495437 -0.00306678 1.32136e-05 0.000515353 
0.67472 0.00730325 0.0105057 -0.00252428 -4.64007e-05 0.00045906 
0.694826 0.00730325 0.0222418 -0.0019956 -9.2377e-05 0.000490311 
0.714932 0.00730325 0.031026 -0.00110744 -0.000123538 0.000434884 
0.733987 0.00730325 0.0346737 -0.000430115 -0.000138238 0.000455148 
0.753042 0.00730325 0.0357637 0.000288142 -0.000138815 0.000416648 
0.77093 0.00730325 0.0332729 0.00072731 -0.000129526 0.000425488 
0.788819 0.00730325 0.0297155 0.00100563 -0.000113256 0.000406066 
0.805462 0.00730325 0.0249979 0.00113199 -9.53198e-05 0.000405721 
0.822106 0.00730325 0.0203993 0.00106912 -7.66275e-05 0.000399048 
0.837463 0.00730325 0.0161865 0.00101306 -6.06312e-05 0.000394556 
0.85282 0.00730325 0.0124835 0.000838893 -4.63685e-05 0.00039362 
0.866881 0.00730325 0.0095915 0.000729348 -3.54134e-05 0.000389142 
0.880943 0.00730325 0.00715138 0.000578267 -2.6312e-05 0.000389773 
0.893728 0.00730325 0.00538087 0.000479723 -1.96343e-05 0.000386821 
0.906513 0.00730325 0.00390992 0.000379729 -1.42414e-05 0.000387486 
0.918063 0.00730325 0.0028618 0.000310727 -1.0322e-05 0.00038588 
0.929613 0.00730325 0.00199303 0.000249016 -7.15933e-06 0.000386351 
0.939988 0.00730325 0.00136934 0.000203832 -4.85229e-06 0.000385474 
0.950362 0.00730325 0.000858589 0.0001597 -3.00487e-06 0.000385805 
0.959633 0.00730325 0.000504716 0.000124432 -1.70868e-06 0.00038525 
0.968903 0.00730325 0.000237402 8.23063e-05 -7.69629e-07 0.000385357 
0.977148 0.00730325 9.24787e-05 4.84286e-05 -2.47713e-07 0.000385188 
0.985394 0.00730325 1.10264e-05 1.64373e-05 1.8253e-09 0.00038494 
0.992697 0.00730325 -1.55675e-06 -2.2007e-06 2.9588e-08 0.000385329 
1 0.00730325 0 0 0 0.000384723 

0 0.0146065 0 0 0 0.000494234 
0.00730325 0.0146065 7.12085e-05 -0.000140098 -5.02069e-07 0.000495628 
0.0146065 0.0146065 0.000285197 -0.00029705 -2.09314e-06 0.000494677 
0.0228517 0.0146065 0.000727171 -0.000501975 -5.4219e-06 0.000496955 
0.031097 0.0146065 0.00135004 -0.000660773 -1.02428e-05 0.000495697 
0.0403673 0.0146065 0.00223855 -0.000819468 -1.71826e-05 0.000498601 
0.0496377 0.0146065 0.00324599 -0.000861695 -2.50521e-05 0.000496946 
0.0600123 0.0146065 0.00438863 -0.000877858 -3.41635e-05 0.000498907 
0.0703869 0.0146065 0.00550503 -0.000776981 -4.28453e-05 0.000497695 
0.0819372 0.0146065 0.00652851 -0.000652794 -5.11543e-05 0.000497232 
0.0934875 0.0146065 0.00738699 -0.0004797 -5.77604e-05 0.000497646 
0.106272 0.0146065 0.00797855 -0.000307039 -6.27638e-05 0.00049438 
0.119057 0.0146065 0.00838125 -0.000183368 -6.58825e-05 0.000497122 
0.133119 0.0146065 0.00854676 -8.59073e-05 -6.77211e-05 0.000492009 
0.14718 0.0146065 0.0086294 -5.28736e-05 -6.86462e-05 0.000496731 
0.162537 0.0146065 0.0085953 -4.98001e-05 -6.94681e-05 0.000490546 
0.177894 0.0146065 0.00854601 -7.21221e-07 -6.98769e-05 0.000496691 
0.194538 0.0146065 0.00821591 4.75826e-05 -6.9582e-05 0.000487935 
0.211181 0.0146065 0.00771103 0.000236822 -6.72351e-05 0.000496234 
0.22907 0.0146065 0.00631697 0.000489922 -6.06759e-05 0.000481344 
0.246958 0.0146065 0.00433608 0.000863091 -4.83153e-05 0.000493447 
0.266013 0.0146065 0.00050156 0.00145001 -2.56854e-05 0.000468201 
0.285068 0.0146065 -0.00460196 0.00200742 8.19458e-06 0.000484809 
0.305174 0.0146065 -0.0126592 0.00304501 6.05801e-05 0.000445832 
0.32528 0.0146065 -0.0228543 0.00377194 0.000130981 0.000464733 
0.346282 0.0146065 -0.0364014 0.00502315 0.000225802 0.000414624 
0.367284 0.0146065 -0.0522368 0.00571898 0.000340739 0.000431778 
0.388994 0.0146065 -0.0699997 0.00649283 0.000475367 0.000382661 
0.410703 0.0146065 -0.0884787 0.00666982 0.000619063 0.000397474 
0.432902 0.0146065 -0.105738 0.00637258 0.000764079 0.000365951 
0.455101 0.0146065 -0.121007 0.00552586 0.000894956 0.000383635 
0.477551 0.0146065 -0.1316 0.00395849 0.000999766 0.000382875 
0.5 0.0146065 -0.137714 0.00190451 0.00106368 0.000408076 
0.522449 0.0146065 -0.136704 -0.000648178 0.00107571 0.000441002 
0.544899 0.0146065 -0.129952 -0.00345838 0.00102888 0.000467141 
0.567098 0.0146065 -0.115635 -0.00617467 0.000921024 0.000523011 
0.589297 0.0146065 -0.0962875 -0.00862242 0.000757653 0.000529556 
0.611006 0.0146065 -0.0717106 -0.0103247 0.000552239 0.000586664 
0.632716 0.0146065 -0.0450787 -0.0110143 0.000321534 0.00055211 
0.653718 0.0146065 -0.018097 -0.0108204 9.25799e-05 0.000590394 
0.67472 0.0146065 0.0069387 -0.0091811 -0.000118127 0.000516966 
0.694826 0.0146065 0.0271925 -0.007292 -0.00028414 0.000532159 
0.714932 0.0146065 0.0429435 -0.00438962 -0.000403579 0.000450949 
0.733987 0.0146065 0.0516526 -0.00196893 -0.000465292 0.000452461 
0.753042 0.0146065 0.0557805 0.000536276 -0.000480877 0.000394843 
0.77093 0.0146065 0.0543688 0.00217604 -0.000457786 0.000393335 
0.788819 0.0146065 0.0502557 0.00330708 -0.000409665 0.000368597 
0.805462 0.0146065 0.0438069 0.00383575 -0.00035073 0.000367194 
0.822106 0.0146065 0.0367737 0.0037762 -0.000287358 0.000365023 
0.837463 0.0146065 0.0299386 0.00360754 -0.00023063 0.00036372 
0.85282 0.0146065 0.0236234 0.0030772 -0.000178966 0.00036981 
0.866881 0.0146065 0.0184731 0.00268352 -0.000138282 0.000368886 
0.880943 0.0146065 0.0140345 0.0021695 -0.000103899 0.000375063 
0.893728 0.0146065 0.0107018 0.00180602 -7.83354e-05 0.000374754 
0.906513 0.0146065 0.00791107 0.00144592 -5.74013e-05 0.000378884 
0.918063 0.0146065 0.00587266 0.00118887 -4.2081e-05 0.000378964 
0.929613 0.0146065 0.00417606 0.000960047 -2.95855e-05 0.00038148 
0.939988 0.0146065 0.00293785 0.00078945 -2.04302e-05 0.000381631 
0.950362 0.0146065 0.00191715 0.000626288 -1.30196e-05 0.000383367 
0.959633 0.0146065 0.00119274 0.000491001 -7.77125e-06 0.000383476 
0.968903 0.0146065 0.000636379 0.000336114 -3.87188e-06 0.000384743 
0.977148 0.0146065 0.000302217 0.000206817 -1.59654e-06 0.000384924 
0.985394 0.0146065 0.000101355 8.14402e-05 -3.71751e-07 0.000385364 
0.992697 0.0146065 2.43284e-05 1.328e-05 -2.98363e-08 0.000385558 
1 0.0146065 0 0 0 0.000385468 

0 0.0228517 0 0 0 0.000492597 
0.00730325 0.0228517 0.000125195 -0.000363422 -1.30399e-06 0.000494744 
0.0146065 0.0228517 0.000474933 -0.000729208 -5.2698e-06 0.000492372 
0.0228517 0.0228517 0.00113943 -0.00116986 -1.31364e-05 0.000494656 
0.031097 0.0228517 0.00203563 -0.00152342 -2.42798e-05 0.0004916 
0.0403673 0.0228517 0.00326712 -0.00183704 -3.99938e-05 0.000494156 
0.0496377 0.0228517 0.00464415 -0.00195017 -5.76849e-05 0.000491125 
0.0600123 0.0228517 0.00618846 -0.00194834 -7.80628e-05 0.000493106 
0.0703869 0.0228517 0.0076863 -0.00174989 -9.73934e-05 0.000491511 
0.0819372 0.0228517 0.00905692 -0.00144837 -0.000115922 0.000491613 
0.0934875 0.0228517 0.0101872 -0.00106886 -0.000130506 0.000492452 
0.106272 0.0228517 0.01096 -0.000675525 -0.000141542 0.000489844 
0.119057 0.0228517 0.0114382 -0.000367464 -0.000148091 0.000492963 
0.133119 0.0228517 0.0115624 -0.00013538 -0.00015148 0.000487847 
0.14718 0.0228517 0.011499 -7.4761e-06 -0.000152346 0.000492334 
0.162537 0.0228517 0.0111577 6.43334e-05 -0.000152036 0.000485227 
0.177894 0.0228517 0.0106596 0.000226247 -0.000149939 0.000491139 
0.194538 0.0228517 0.00955633 0.000473018 -0.000144596 0.000481174 
0.211181 0.0228517 0.00796208 0.000972771 -0.000133034 0.000490509 
0.22907 0.0228517 0.00480385 0.00175181 -0.000109346 0.000475034 
0.246958 0.0228517 0.00040295 0.00274191 -6.98242e-05 0.000490491 
0.266013 0.0228517 -0.00700001 0.00431844 -3.19018e-06 0.000466589 
0.285068 0.0228517 -0.0167555 0.00583834 9.28939e-05 0.000489388 
0.305174 0.0228517 -0.0308529 0.00825959 0.000234537 0.000455975 
0.32528 0.0228517 -0.0481522 0.0101385 0.000419277 0.000483206 
0.346282 0.0228517 -0.0696342 0.0125525 0.000658517 0.000442859 
0.367284 0.0228517 -0.0934482 0.0139905 0.000938098 0.000467221 
0.388994 0.0228517 -0.118611 0.0148239 0.00125281 0.000426408 
0.410703 0.0228517 -0.143066 0.0146137 0.0015743 0.000442549 
0.432902 0.0228517 -0.164335 0.0129775 0.00188291 0.000410927 
0.455101 0.0228517 -0.181439 0.0105167 0.00214615 0.00042143 
0.477551 0.0228517 -0.191694 0.00665801 0.00234109 0.000409695 
0.5 0.0228517 -0.195702 0.00221566 0.00244295 0.00041966 
0.522449 0.0228517 -0.191337 -0.00294895 0.00243576 0.000433783 
0.544899 0.0228517 -0.180289 -0.00837299 0.00230976 0.000440668 
0.567098 0.0228517 -0.161384 -0.0133949 0.00206708 0.000477015 
0.589297 0.0228517 -0.136973 -0.0180349 0.00171714 0.000468237 
0.611006 0.0228517 -0.107299 -0.0210345 0.00128953 0.00051404 
0.632716 0.0228517 -0.0751079 -0.022647 0.000811743 0.000476996 
0.653718 0.0228517 -0.0422759 -0.022214 0.000336071 0.00051834 
0.67472 0.0228517 -0.0109909 -0.0196528 -0.000108286 0.000457537 
0.694826 0.0228517 0.0157874 -0.016109 -0.000470603 0.000488463 
0.714932 0.0228517 0.0380029 -0.0108962 -0.000744889 0.00042693 
0.733987 0.0228517 0.0526893 -0.00610864 -0.000906604 0.000448307 
0.753042 0.0228517 0.0620038 -0.00101803 -0.00097406 0.000406416 
0.77093 0.0228517 0.0643707 0.00264862 -0.000957388 0.00041895 
0.788819 0.0228517 0.0626473 0.00560872 -0.000881394 0.00039968 
0.805462 0.0228517 0.0570489 0.00711974 -0.000773423 0.00040298 
0.822106 0.0228517 0.0497696 0.00767959 -0.000648268 0.000398142 
0.837463 0.0228517 0.041833 0.00756357 -0.000530147 0.000394687 
0.85282 0.0228517 0.0339953 0.00681279 -0.000418746 0.000395837 
0.866881 0.0228517 0.0272016 0.00604357 -0.000328092 0.000390241 
0.880943 0.0228517 0.0211374 0.00504137 -0.000249936 0.000392557 
0.893728 0.0228517 0.0164043 0.00425641 -0.000190582 0.00038793 
0.906513 0.0228517 0.0123544 0.00346257 -0.000141342 0.000389734 
0.918063 0.0228517 0.00932491 0.00288148 -0.00010484 0.000386745 
0.929613 0.0228517 0.00676707 0.00234591 -7.47897e-05 0.000387951 
0.939988 0.0228517 0.00487397 0.00194684 -5.26058e-05 0.000386059 
0.950362 0.0228517 0.00329354 0.00156317 -3.44785e-05 0.000386976 
0.959633 0.0228517 0.0021514 0.00124408 -2.14942e-05 0.000385596 
0.968903 0.0228517 0.00124627 0.00089392 -1.16084e-05 0.000386331 
0.977148 0.0228517 0.000658219 0.000596384 -5.50747e-06 0.000385394 
0.985394 0.0228517 0.00025787 0.000300814 -1.84807e-06 0.000385891 
0.992697 0.0228517 6.49672e-05 0.000120459 -3.79512e-07 0.000385445 
1 0.0228517 0 0 0 0.00038577 

0 0.031097 0 0 0 0.000492913 
0.00730325 0.031097 0.000163179 -0.000678887 -2.48545e-06 0.000496327 
0.0146065 0.031097 0.000627169 -0.0013351 -9.85122e-06 0.000493448 
0.0228517 0.031097 0.00148167 -0.00206464 -2.39622e-05 0.000497582 
0.031097 0.031097 0.00260387 -0.00264734 -4.34773e-05 0.000494404 
0.0403673 0.031097 0.00410931 -0.00313977 -7.0522e-05 0.000498943 
0.0496377 0.031097 0.00576509 -0.00332246 -0.000100688 0.000495727 
0.0600123 0.031097 0.00759601 -0.00328503 -0.000135194 0.000499088 
0.0703869 0.031097 0.00934739 -0.00294934 -0.000167762 0.000496919 
0.0819372 0.031097 0.0109249 -0.00241317 -0.000198823 0.000497394 
0.0934875 0.031097 0.0121917 -0.00176433 -0.000223043 0.000497427 
0.106272 0.031097 0.013011 -0.0010774 -0.000241072 0.000494622 
0.119057 0.031097 0.013437 -0.000518467 -0.000251135 0.000497202 
0.133119 0.031097 0.0133858 -8.48226e-05 -0.000255191 0.000492242 
0.14718 0.031097 0.013015 0.000208475 -0.000254105 0.000496762 
0.162537 0.031097 0.0121541 0.000430273 -0.000249289 0.000490344 
0.177894 0.031097 0.0109138 0.000814563 -0.000239692 0.000496577 
0.194538 0.031097 0.00861399 0.00142167 -0.00022129 0.000486516 
0.211181 0.031097 0.00538513 0.00243228 -0.000189114 0.000495917 
0.22907 0.031097 -0.0002946 0.00404453 -0.000130814 0.000477525 
0.246958 0.031097 -0.00800266 0.00597022 -4.03285e-05 0.000492135 
0.266013 0.031097 -0.0200349 0.00897676 0.00010394 0.000460907 
0.285068 0.031097 -0.0354488 0.0118574 0.000304781 0.000480577 
0.305174 0.031097 -0.0563244 0.0159902 0.000588556 0.000436412 
0.32528 0.031097 -0.0808188 0.0192649 0.000946341 0.000457814 
0.346282 0.031097 -0.109232 0.0227252 0.0013916 0.000408204 
0.367284 0.031097 -0.138885 0.0247199 0.00189235 0.000427377 
0.388994 0.031097 -0.168147 0.0250894 0.00243501 0.000383715 
0.410703 0.031097 -0.194797 0.0239511 0.0029676 0.000399843 
0.432902 0.031097 -0.216532 0.0203762 0.00345855 0.000372834 
0.455101 0.031097 -0.232746 0.0157145 0.003858 0.000389916 
0.477551 0.031097 -0.241415 0.00913278 0.00413508 0.000388441 
0.5 0.031097 -0.243427 0.00187956 0.00425825 0.000410304 
0.522449 0.031097 -0.237154 -0.00615165 0.00420979 0.000437612 
0.544899 0.031097 -0.224265 -0.0144542 0.00397975 0.000459093 
0.567098 0.031097 -0.20366 -0.0219829 0.00357594 0.000507911 
0.589297 0.031097 -0.17747 -0.029031 0.00301148 0.000511669 
0.611006 0.031097 -0.145722 -0.033557 0.00233193 0.000564711 
0.632716 0.031097 -0.110935 -0.0363135 0.00157333 0.000531382 
0.653718 0.031097 -0.0748271 -0.0358351 0.000813556 0.000571619 
0.67472 0.031097 -0.0395565 -0.0324875 9.28885e-05 0.000501876 
0.694826 0.031097 -0.00815007 -0.0273299 -0.000511219 0.000524898 
0.714932 0.031097 0.0192086 -0.0197391 -0.000988639 0.000446553 
0.733987 0.031097 0.03921 -0.0123852 -0.00129656 0.000457731 
0.753042 0.031097 0.053975 -0.00443604 -0.00145985 0.000400043 
0.77093 0.031097 0.0612053 0.00174245 -0.0014852 0.00040472 
0.788819 0.031097 0.0636825 0.00701978 -0.00140834 0.000376155 
0.805462 0.031097 0.0610816 0.0100171 -0.00126739 0.000376697 
0.822106 0.031097 0.05578 0.0116576 -0.00108735 0.000370341 
0.837463 0.031097 0.0486771 0.0118951 -0.000906969 0.000367879 
0.85282 0.031097 0.0409378 0.0111591 -0.00072979 0.000372469 
0.866881 0.031097 0.0336689 0.0100942 -0.00058057 0.000369073 
0.880943 0.031097 0.0268419 0.00863404 -0.000448743 0.000376174 
0.893728 0.031097 0.0212594 0.0073911 -0.000346354 0.000373427 
0.906513 0.031097 0.0163292 0.0061066 -0.00026 0.000379271 
0.918063 0.031097 0.0125342 0.00513313 -0.000195056 0.000377517 
0.929613 0.031097 0.00926373 0.00422062 -0.000140986 0.000381603 
0.939988 0.031097 0.00679785 0.00352997 -0.000100692 0.000380452 
0.950362 0.031097 0.00470543 0.002864 -6.74407e-05 0.000383449 
0.959633 0.031097 0.00316178 0.00230943 -4.33361e-05 0.000382468 
0.968903 0.031097 0.00190712 0.00171056 -2.45808e-05 0.000384882 
0.977148 0.031097 0.00105195 0.00119848 -1.25134e-05 0.000383905 
0.985394 0.031097 0.00043822 0.000678887 -4.70502e-06 0.000385779 
0.992697 0.031097 0.000112915 0.000306479 -1.10137e-06 0.000384701 
1 0.031097 0 0 0 0.000386201 

0 0.0403673 0 0 0 0.000490684 
0.00730325 0.0403673 0.00021356 -0.00114795 -4.22263e-06 0.000495275 
0.0146065 0.0403673 0.000796329 -0.00220631 -1.65022e-05 0.000490667 
0.0228517 0.0403673 0.00183423 -0.00330679 -3.93703e-05 0.000495297 
0.031097 0.0403673 0.00317164 -0.00416814 -7.03276e-05 0.00049015 
0.0403673 0.0403673 0.00491332 -0.00485594 -0.000112482 0.000494775 
0.0496377 0.0403673 0.00678992 -0.00509729 -0.000158942 0.000489989 
0.0600123 0.0403673 0.00881175 -0.00497833 -0.000211559 0.000493505 
0.0703869 0.0403673 0.010702 -0.00444262 -0.000260778 0.000490678 
0.0819372 0.0403673 0.0123462 -0.00357764 -0.000307237 0.000491682 
0.0934875 0.0403673 0.0136023 -0.00256729 -0.000342863 0.000491861 
0.106272 0.0403673 0.0143096 -0.001474 -0.000368508 0.000489768 
0.119057 0.0403673 0.0145231 -0.00056072 -0.000381329 0.000492593 
0.133119 0.0403673 0.0140997 0.000200235 -0.000383685 0.00048799 
0.14718 0.0403673 0.0131915 0.000796947 -0.00037651 0.000492521 
0.162537 0.0403673 0.0114533 0.00137072 -0.000360339 0.000485818 
0.177894 0.0403673 0.00900309 0.00222469 -0.000333225 0.000492849 
0.194538 0.0403673 0.00478698 0.00358924 -0.000286083 0.000482292 
0.211181 0.0403673 -0.000992719 0.00555613 -0.000211237 0.000495216 
0.22907 0.0403673 -0.0104126 0.00867767 -8.54257e-05 0.000477163 
0.246958 0.0403673 -0.0228473 0.01221 9.98607e-05 0.000499307 
0.266013 0.0403673 -0.0409851 0.0174234 0.000381397 0.00047074 
0.285068 0.0403673 -0.0633313 0.0223266 0.000759238 0.00050057 
0.305174 0.0403673 -0.0916655 0.0284053 0.00127058 0.000461323 
0.32528 0.0403673 -0.123148 0.0330887 0.00189001 0.000489923 
0.346282 0.0403673 -0.157248 0.0368007 0.00262763 0.000443557 
0.367284 0.0403673 -0.190622 0.0384417 0.00342138 0.000461771 
0.388994 0.0403673 -0.221312 0.0371141 0.00424575 0.000416569 
0.410703 0.0403673 -0.247542 0.0339732 0.00502165 0.000425183 
0.432902 0.0403673 -0.267595 0.0277056 0.00570934 0.000392929 
0.455101 0.0403673 -0.281672 0.0202975 0.00624539 0.000399809 
0.477551 0.0403673 -0.288465 0.0108279 0.00659653 0.00039031 
0.5 0.0403673 -0.289085 0.000667603 0.00672747 0.000400766 
0.522449 0.0403673 -0.282244 -0.0102066 0.0066208 0.000417067 
0.544899 0.0403673 -0.26927 -0.0214159 0.00626632 0.000427564 
0.567098 0.0403673 -0.249019 -0.0315915 0.0056762 0.000464113 
0.589297 0.0403673 -0.223071 -0.0412925 0.00486548 0.00046095 
0.611006 0.0403673 -0.191205 -0.0477401 0.00389418 0.000505388 
0.632716 0.0403673 -0.155486 -0.0521461 0.00280505 0.000472742 
0.653718 0.0403673 -0.117464 -0.0520656 0.00170371 0.000513289 
0.67472 0.0403673 -0.0792621 -0.0484377 0.000641219 0.000451143 
0.694826 0.0403673 -0.0438921 -0.0419448 -0.000272786 0.000483799 
0.714932 0.0403673 -0.0119336 -0.032194 -0.00102362 0.00041483 
0.733987 0.0403673 0.0133101 -0.0223767 -0.00154445 0.000440267 
0.753042 0.0403673 0.0337774 -0.011526 -0.0018683 0.000389596 
0.77093 0.0403673 0.0466362 -0.00247143 -0.00199103 0.000407906 
0.788819 0.0403673 0.0546853 0.00561955 -0.00196024 0.00038357 
0.805462 0.0403673 0.0567504 0.0108565 -0.00181971 0.000393395 
0.822106 0.0403673 0.0553006 0.0143978 -0.00160611 0.000388217 
0.837463 0.0403673 0.0507344 0.0156944 -0.00137257 0.000389222 
0.85282 0.0403673 0.0446193 0.015629 -0.00112964 0.000392827 
0.866881 0.0403673 0.0380036 0.0146396 -0.000915738 0.000388167 
0.880943 0.0403673 0.0312858 0.0130061 -0.000720354 0.000393633 
0.893728 0.0403673 0.0254025 0.0113916 -0.000564168 0.000387547 
0.906513 0.0403673 0.0199753 0.00964722 -0.000429509 0.000392098 
0.918063 0.0403673 0.0156281 0.00823453 -0.000326315 0.000386952 
0.929613 0.0403673 0.0117788 0.00687909 -0.000239133 0.000390248 
0.939988 0.0403673 0.00880464 0.00581874 -0.000173342 0.000386357 
0.950362 0.0403673 0.00622765 0.00479127 -0.000118391 0.000388957 
0.959633 0.0403673 0.00428218 0.00392712 -7.79863e-05 0.000385805 
0.968903 0.0403673 0.00265851 0.00300586 -4.58581e-05 0.000388244 
0.977148 0.0403673 0.00150675 0.00219849 -2.44251e-05 0.000385407 
0.985394 0.0403673 0.000650844 0.00135604 -9.79049e-06 0.000387952 
0.992697 0.0403673 0.00017319 0.000673 -2.4238e-06 0.000385287 
1 0.0403673 0 0 0 0.00038808 

0 0.0496377 0 0 0 0.00049125 
0.00730325 0.0496377 0.000243041 -0.00170858 -6.32867e-06 0.000497136 
0.0146065 0.0496377 0.000914543 -0.00323726 -2.44805e-05 0.000491892 
0.0228517 0.0496377 0.00210134 -0.00475377 -5.76527e-05 0.000498415 
0.031097 0.0496377 0.00361084 -0.00590666 -0.000101828 0.000492994 
0.0403673 0.0496377 0.00553445 -0.0067756 -0.000161055 0.00049951 
0.0496377 0.0496377 0.00756454 -0.00703683 -0.000225509 0.000494559 
0.0600123 0.0496377 0.00968403 -0.00678134 -0.000297614 0.000499211 
0.0703869 0.0496377 0.0116018 -0.00598027 -0.000364217 0.000496019 
0.0819372 0.0496377 0.0131697 -0.00471375 -0.000426064 0.000497175 
0.0934875 0.0496377 0.0142593 -0.00327265 -0.000472256 0.000496732 
0.106272 0.0496377 0.0146742 -0.00169752 -0.000503657 0.000494372 
0.119057 0.0496377 0.0144871 -0.000353467 -0.000516376 0.000496621 
0.133119 0.0496377 0.0134693 0.000837049 -0.000512578 0.000491918 
0.14718 0.0496377 0.0117716 0.00186675 -0.000493069 0.000496261 
0.162537 0.0496377 0.00880256 0.0029894 -0.000455902 0.000488866 
0.177894 0.0496377 0.00469961 0.00455596 -0.000397756 0.000495983 
0.194538 0.0496377 -0.00207761 0.00703537 -0.000301404 0.000481852 
0.211181 0.0496377 -0.0111773 0.0103351 -0.00015634 0.000494372 
0.22907 0.0496377 -0.0252623 0.0154496 7.56218e-05 0.000467882 
0.246958 0.0496377 -0.0432877 0.0210194 0.000403702 0.000487814 
0.266013 0.0496377 -0.0680469 0.0287237 0.000881442 0.000447435 
0.285068 0.0496377 -0.0971777 0.0358059 0.00149953 0.000472901 
0.305174 0.0496377 -0.131697 0.0434895 0.00230216 0.000424758 
0.32528 0.0496377 -0.167917 0.0491367 0.00323682 0.000449694 
0.346282 0.0496377 -0.204671 0.0523097 0.00430624 0.000402507 
0.367284 0.0496377 -0.238737 0.0528354 0.00541285 0.000420235 
0.388994 0.0496377 -0.268559 0.049246 0.00652199 0.000380118 
0.410703 0.0496377 -0.293111 0.0436437 0.00753142 0.000389943 
0.432902 0.0496377 -0.311418 0.0346275 0.00839986 0.000364069 
0.455101 0.0496377 -0.324105 0.0244702 0.00905654 0.0003731 
0.477551 0.0496377 -0.330214 0.0122901 0.00946942 0.000369975 
0.5 0.0496377 -0.330798 -0.000604357 0.00960204 0.000385453 
0.522449 0.0496377 -0.324623 -0.0142043 0.00943709 0.000408428 
0.544899 0.0496377 -0.31271 -0.0282293 0.00896317 0.000428243 
0.567098 0.0496377 -0.293799 -0.0411431 0.00819417 0.00047133 
0.589297 0.0496377 -0.269018 -0.0536288 0.00714395 0.000480355 
0.611006 0.0496377 -0.237844 -0.062332 0.00588344 0.000529332 
0.632716 0.0496377 -0.201907 -0.0687748 0.00445824 0.00050629 
0.653718 0.0496377 -0.162512 -0.0695015 0.00300045 0.000547016 
0.67472 0.0496377 -0.121787 -0.0660385 0.00157023 0.000484928 
0.694826 0.0496377 -0.0828267 -0.0584576 0.000311995 0.000514205 
0.714932 0.0496377 -0.0467545 -0.0467356 -0.000753292 0.000435501 
0.733987 0.0496377 -0.016972 -0.0346293 -0.00153183 0.000458116 
0.753042 0.0496377 0.00827737 -0.0209256 -0.00206507 0.000395678 
0.77093 0.0496377 0.0258653 -0.00901972 -0.00233308 0.000412135 
0.788819 0.0496377 0.0389146 0.00191143 -0.00239724 0.000378263 
0.805462 0.0496377 0.0455486 0.00969907 -0.0023001 0.000386844 
0.822106 0.0496377 0.0483335 0.0154728 -0.00209015 0.000375145 
0.837463 0.0496377 0.0470755 0.0182871 -0.00183083 0.000375866 
0.85282 0.0496377 0.0435758 0.0193364 -0.0015415 0.000376963 
0.866881 0.0496377 0.0386042 0.0187873 -0.00127383 0.000372851 
0.880943 0.0496377 0.0329301 0.0172987 -0.00102006 0.000379331 
0.893728 0.0496377 0.0274792 0.0154993 -0.00081083 0.000373985 
0.906513 0.0496377 0.0221609 0.0134365 -0.000626011 0.000381238 
0.918063 0.0496377 0.0176842 0.0116431 -0.000481443 0.000376643 
0.929613 0.0496377 0.0135829 0.00987826 -0.000357302 0.000382812 
0.939988 0.0496377 0.0103159 0.00844958 -0.000262295 0.0003792 
0.950362 0.0496377 0.0074152 0.00705223 -0.000181905 0.000384264 
0.959633 0.0496377 0.00517359 0.00586145 -0.000121962 0.000381138 
0.968903 0.0496377 0.00325967 0.0045945 -7.33994e-05 0.000385674 
0.977148 0.0496377 0.00186778 0.00345464 -4.01227e-05 0.000382561 
0.985394 0.0496377 0.000810338 0.00223034 -1.65942e-05 0.000386915 
0.992697 0.0496377 0.000213077 0.00114322 -4.21822e-06 0.000383604 
1 0.0496377 0 0 0 0.000387543 

0 0.0600123 0 0 0 0.000488981 
0.00730325 0.0600123 0.000286307 -0.00243391 -9.056e-06 0.000496164 
0.0146065 0.0600123 0.00105594 -0.00455404 -3.4743e-05 0.000489092 
0.0228517 0.0600123 0.00238782 -0.00657431 -8.09701e-05 0.000496269 
0.031097 0.0600123 0.0040546 -0.00805188 -0.000141618 0.000488794 
0.0403673 0.0600123 0.00611422 -0.00908018 -0.000221642 0.000495535 
0.0496377 0.0600123 0.00822912 -0.0092942 -0.000307427 0.000489117 
0.0600123 0.0600123 0.0103286 -0.008785 -0.000401816 0.000493882 
0.0703869 0.0600123 0.0121258 -0.00758787 -0.000487361 0.000490307 
0.0819372 0.0600123 0.0134248 -0.00576409 -0.000564703 0.000491793 
0.0934875 0.0600123 0.0141347 -0.00375009 -0.000619893 0.000491745 
0.106272 0.0600123 0.0140093 -0.00153724 -0.000653473 0.000489969 
0.119057 0.0600123 0.0131542 0.000397516 -0.000660557 0.000492782 
0.133119 0.0600123 0.0111913 0.00223913 -0.000642056 0.000488582 
0.14718 0.0600123 0.00828374 0.0039886 -0.000598339 0.000494163 
0.162537 0.0600123 0.00344613 0.00611812 -0.000522046 0.000486911 
0.177894 0.0600123 -0.00311225 0.00895022 -0.000407701 0.000498121 
0.194538 0.0600123 -0.0135558 0.01335 -0.000224542 0.00048425 
0.211181 0.0600123 -0.0272484 0.0188081 4.05965e-05 0.00050565 
0.22907 0.0600123 -0.0473224 0.0268246 0.000446798 0.000480659 
0.246958 0.0600123 -0.0720253 0.0351763 0.000999367 0.000512433 
0.266013 0.0600123 -0.103855 0.0455759 0.00176962 0.000474173 
0.285068 0.0600123 -0.139323 0.0546897 0.00272578 0.000506807 
0.305174 0.0600123 -0.178508 0.0629278 0.00391307 0.000457653 
0.32528 0.0600123 -0.217196 0.0683171 0.00523729 0.000478259 
0.346282 0.0600123 -0.253955 0.0695951 0.0066919 0.000426366 
0.367284 0.0600123 -0.286431 0.0678767 0.00814181 0.000432176 
0.388994 0.0600123 -0.313734 0.0614795 0.00955064 0.000388419 
0.410703 0.0600123 -0.335812 0.0530955 0.0107991 0.00038695 
0.432902 0.0600123 -0.352218 0.0413952 0.0118505 0.000359594 
0.455101 0.0600123 -0.363718 0.0286034 0.0126302 0.000360167 
0.477551 0.0600123 -0.369593 0.0138479 0.0131081 0.0003539 
0.5 0.0600123 -0.370616 -0.00163964 0.0132467 0.000362273 
0.522449 0.0600123 -0.365759 -0.0179452 0.0130273 0.000377785 
0.544899 0.0600123 -0.355681 -0.0347794 0.0124361 0.000391864 
0.567098 0.0600123 -0.339174 -0.0506594 0.011486 0.000423985 
0.589297 0.0600123 -0.316868 -0.0662533 0.0101867 0.000430938 
0.611006 0.0600123 -0.287897 -0.0778591 0.00861666 0.000469608 
0.632716 0.0600123 -0.25328 -0.0871604 0.00681983 0.000450333 
0.653718 0.0600123 -0.213804 -0.0895541 0.00495488 0.000487525 
0.67472 0.0600123 -0.171351 -0.087225 0.00308929 0.000433612 
0.694826 0.0600123 -0.129044 -0.0789659 0.00141028 0.000469281 
0.714932 0.0600123 -0.0886278 -0.0655858 -5.13648e-05 0.000398152 
0.733987 0.0600123 -0.0538225 -0.0511492 -0.00116626 0.000432692 
0.753042 0.0600123 -0.0236546 -0.0343068 -0.00198342 0.000372939 
0.77093 0.0600123 -0.00125278 -0.019507 -0.00246244 0.000401078 
0.788819 0.0600123 0.0167639 -0.00556115 -0.00268436 0.000366674 
0.805462 0.0600123 0.028012 0.00511988 -0.00268409 0.000385167 
0.822106 0.0600123 0.0354155 0.0135254 -0.00252487 0.000373448 
0.837463 0.0600123 0.0380983 0.0184739 -0.00227568 0.000381766 
0.85282 0.0600123 0.038101 0.0212764 -0.00196693 0.000383189 
0.866881 0.0600123 0.0356756 0.0218095 -0.00166194 0.000383077 
0.880943 0.0600123 0.031933 0.0210501 -0.00135856 0.000389656 
0.893728 0.0600123 0.027624 0.0194788 -0.00109866 0.000384701 
0.906513 0.0600123 0.0230158 0.0174256 -0.000861971 0.000391808 
0.918063 0.0600123 0.0188238 0.0154305 -0.000672033 0.0003855 
0.929613 0.0600123 0.0147894 0.0133776 -0.000505516 0.000391551 
0.939988 0.0600123 0.0114318 0.0116225 -0.000375796 0.00038561 
0.950362 0.0600123 0.0083569 0.00987067 -0.000264291 0.000390728 
0.959633 0.0600123 0.00591278 0.00833125 -0.000179836 0.000385323 
0.968903 0.0600123 0.00378033 0.00668098 -0.000110176 0.000390175 
0.977148 0.0600123 0.00219481 0.00513804 -6.13517e-05 0.0003849 
0.985394 0.0600123 0.00097234 0.00343122 -2.59276e-05 0.000389981 
0.992697 0.0600123 0.000262852 0.00180762 -6.69882e-06 0.00038475 
1 0.0600123 0 0 0 0.000390338 

0 0.0703869 0 0 0 0.000489638 
0.00730325 0.0703869 0.00031294 -0.00325265 -1.21438e-05 0.000498178 
0.0146065 0.0703869 0.00115929 -0.00602058 -4.62701e-05 0.00049037 
0.0228517 0.0703869 0.00260839 -0.00857199 -0.000106923 0.000499484 
0.031097 0.0703869 0.00439287 -0.0103544 -0.000185434 0.00049171 
0.0403673 0.0703869 0.00652938 -0.0114818 -0.000287404 0.000500127 
0.0496377 0.0703869 0.00865104 -0.0115588 -0.000394925 0.000493592 
0.0600123 0.0703869 0.0106182 -0.0106797 -0.000510878 0.000498871 
0.0703869 0.0703869 0.0121618 -0.00897403 -0.00061337 0.000495071 
0.0819372 0.0703869 0.0130213 -0.00648107 -0.000702577 0.000495981 
0.0934875 0.0703869 0.0131641 -0.00379744 -0.000761836 0.000495505 
0.106272 0.0703869 0.0122706 -0.000847493 -0.000790826 0.000492864 
0.119057 0.0703869 0.0104943 0.00179746 -0.000783965 0.000495236 
0.133119 0.0703869 0.0072462 0.00447272 -0.000739299 0.000489692 
0.14718 0.0703869 0.00271954 0.00719268 -0.000656422 0.000495009 
0.162537 0.0703869 -0.00456999 0.0107226 -0.000518927 0.000483548 
0.177894 0.0703869 -0.0142644 0.0152573 -0.000318911 0.000494312 
0.194538 0.0703869 -0.0291734 0.0221321 -7.23094e-06 0.000470738 
0.211181 0.0703869 -0.048171 0.0302329 0.000429626 0.000490392 
0.22907 0.0703869 -0.0745592 0.0414469 0.00107372 0.000451784 
0.246958 0.0703869 -0.105631 0.0526841 0.00191807 0.000480054 
0.266013 0.0703869 -0.143131 0.0652849 0.00304754 0.00043196 
0.285068 0.0703869 -0.182698 0.0757588 0.00439481 0.000461616 
0.305174 0.0703869 -0.223655 0.0835001 0.00600131 0.000412878 
0.32528 0.0703869 -0.262052 0.087626 0.00772541 0.000432455 
0.346282 0.0703869 -0.296769 0.0863682 0.00955545 0.000387346 
0.367284 0.0703869 -0.326466 0.0819462 0.0113258 0.00039127 
0.388994 0.0703869 -0.350829 0.0727806 0.013006 0.000353602 
0.410703 0.0703869 -0.37034 0.0617469 0.0144676 0.000348606 
0.432902 0.0703869 -0.384751 0.0476254 0.0156814 0.000325149 
0.455101 0.0703869 -0.394847 0.0324973 0.0165712 0.000323337 
0.477551 0.0703869 -0.400183 0.0154486 0.0171096 0.000319829 
0.5 0.0703869 -0.401392 -0.00233086 0.0172581 0.000329285 
0.522449 0.0703869 -0.397835 -0.0210616 0.0169971 0.000347083 
0.544899 0.0703869 -0.389909 -0.0404297 0.01631 0.000367148 
0.567098 0.0703869 -0.37658 -0.0591292 0.015207 0.00040189 
0.589297 0.0703869 -0.357977 -0.0777403 0.0136912 0.00042118 
0.611006 0.0703869 -0.332856 -0.0925058 0.0118427 0.000463552 
0.632716 0.0703869 -0.301479 -0.105053 0.00969777 0.000461388 
0.653718 0.0703869 -0.26378 -0.109853 0.0074348 0.000501865 
0.67472 0.0703869 -0.221138 -0.10954 0.00512301 0.000460664 
0.694826 0.0703869 -0.176336 -0.101247 0.00299397 0.000496481 
0.714932 0.0703869 -0.131729 -0.086881 0.00109055 0.000423868 
0.733987 0.0703869 -0.0915802 -0.0701998 -0.000413413 0.00045777 
0.753042 0.0703869 -0.0561606 -0.0501202 -0.00156781 0.000386765 
0.77093 0.0703869 -0.028874 -0.0324809 -0.00230784 0.000416826 
0.788819 0.0703869 -0.00627089 -0.0153967 -0.00273695 0.000372628 
0.805462 0.0703869 0.0089017 -0.00179453 -0.00287807 0.000392802 
0.822106 0.0703869 0.0202349 0.00928414 -0.00281365 0.000373793 
0.837463 0.0703869 0.026379 0.016587 -0.00261325 0.000382893 
0.85282 0.0703869 0.0296583 0.0213804 -0.00231996 0.000378703 
0.866881 0.0703869 0.0298551 0.0233747 -0.00200473 0.000378748 
0.880943 0.0703869 0.0283151 0.0237172 -0.00167293 0.000382084 
0.893728 0.0703869 0.0255247 0.0227104 -0.00137639 0.000377262 
0.906513 0.0703869 0.0220459 0.0209665 -0.00109721 0.000383867 
0.918063 0.0703869 0.0185073 0.0189855 -0.000866909 0.000377654 
0.929613 0.0703869 0.014879 0.0168173 -0.000660403 0.000384916 
0.939988 0.0703869 0.0116925 0.0148408 -0.000496437 0.000378969 
0.950362 0.0703869 0.0086695 0.0128107 -0.000353169 0.000385872 
0.959633 0.0703869 0.00619434 0.0109601 -0.000243003 0.000380394 
0.968903 0.0703869 0.00398686 0.00894424 -0.000150724 0.000387018 
0.977148 0.0703869 0.00231987 0.00698997 -8.49231e-05 0.000381678 
0.985394 0.0703869 0.00101678 0.00476564 -3.63364e-05 0.00038819 
0.992697 0.0703869 0.000270138 0.0025486 -9.47413e-06 0.000382828 
1 0.0703869 0 0 0 0.00038873 

0 0.0819372 0 0 0 0.000487306 
0.00730325 0.0819372 0.00035796 -0.00426608 -1.60005e-05 0.00049764 
0.0146065 0.0819372 0.0013006 -0.0078101 -6.05249e-05 0.000487671 
0.0228517 0.0819372 0.00286073 -0.0109518 -0.000138602 0.000497695 
0.031097 0.0819372 0.00473159 -0.013016 -0.000238145 0.000487828 
0.0403673 0.0819372 0.00685312 -0.0141298 -0.000365023 0.0004965 
0.0496377 0.0819372 0.0088508 -0.0139017 -0.000496017 0.000488995 
0.0600123 0.0819372 0.0104903 -0.0124201 -0.000633464 0.000494294 
0.0703869 0.0819372 0.0115561 -0.00997737 -0.000750575 0.000490948 
0.0819372 0.0819372 0.0117058 -0.00657074 -0.000846451 0.000492032 
0.0934875 0.0819372 0.010994 -0.00299699 -0.000902045 0.000492776 
0.106272 0.0819372 0.00897916 0.000939008 -0.00091513 0.000490545 
0.119057 0.0819372 0.00587869 0.00459227 -0.000879746 0.000494773 
0.133119 0.0819372 0.000761624 0.00855819 -0.000788111 0.000489693 
0.14718 0.0819372 -0.00610471 0.0128434 -0.000638536 0.000499545 
0.162537 0.0819372 -0.0168482 0.018654 -0.000399395 0.000488634 
0.177894 0.0819372 -0.0308145 0.0258354 -6.05693e-05 0.000509255 
0.194538 0.0819372 -0.0513592 0.0362129 0.000452645 0.000486795 
0.211181 0.0819372 -0.0765775 0.0477753 0.00114844 0.000519769 
0.22907 0.0819372 -0.109525 0.0623931 0.0021337 0.000481913 
0.246958 0.0819372 -0.146333 0.076253 0.00337377 0.000517741 
0.266013 0.0819372 -0.187752 0.0898037 0.00496121 0.000466296 
0.285068 0.0819372 -0.228967 0.100127 0.00677618 0.000488895 
0.305174 0.0819372 -0.268906 0.105773 0.00885448 0.000432563 
0.32528 0.0819372 -0.304654 0.107291 0.0110047 0.00043488 
0.346282 0.0819372 -0.335577 0.102852 0.0132185 0.000384526 
0.367284 0.0819372 -0.361392 0.0953427 0.0153067 0.000372664 
0.388994 0.0819372 -0.382071 0.0833709 0.0172508 0.00033464 
0.410703 0.0819372 -0.398297 0.0697315 0.018917 0.000319595 
0.432902 0.0819372 -0.410046 0.0532746 0.0202847 0.000297204 
0.455101 0.0819372 -0.418038 0.0359849 0.0212778 0.000289376 
0.477551 0.0819372 -0.422282 0.0169355 0.0218733 0.000285106 
0.5 0.0819372 -0.423321 -0.00276758 0.0220339 0.000290678 
0.522449 0.0819372 -0.420981 -0.0234616 0.0217403 0.000304121 
0.544899 0.0819372 -0.415442 -0.0448878 0.020974 0.000322076 
0.567098 0.0819372 -0.405967 -0.0660787 0.0197413 0.000348183 
0.589297 0.0819372 -0.392245 -0.0874919 0.0180358 0.000368439 
0.611006 0.0819372 -0.372805 -0.105774 0.0159322 0.000398923 
0.632716 0.0819372 -0.347155 -0.122228 0.0134518 0.000402439 
0.653718 0.0819372 -0.314126 -0.130876 0.0107825 0.000432475 
0.67472 0.0819372 -0.274271 -0.134343 0.00798616 0.000400823 
0.694826 0.0819372 -0.22928 -0.127672 0.0053395 0.000435874 
0.714932 0.0819372 -0.181594 -0.113948 0.00289809 0.000372458 
0.733987 0.0819372 -0.136008 -0.0952693 0.000898414 0.000418099 
0.753042 0.0819372 -0.0942548 -0.0717949 -0.000699749 0.000351746 
0.77093 0.0819372 -0.0606219 -0.0507185 -0.0017938 0.000396942 
0.788819 0.0819372 -0.0325737 -0.0295149 -0.00251002 0.000351512 
0.805462 0.0819372 -0.0130429 -0.0125472 -0.00285515 0.000382796 
0.822106 0.0819372 0.00233738 0.00165228 -0.00294099 0.000361349 
0.837463 0.0819372 0.0118178 0.0116969 -0.00283427 0.000377891 
0.85282 0.0819372 0.0183109 0.0188289 -0.00259563 0.000372877 
0.866881 0.0819372 0.0212145 0.0227425 -0.00230059 0.00037871 
0.880943 0.0819372 0.0221675 0.0246409 -0.00196465 0.000382154 
0.893728 0.0819372 0.0212794 0.0246863 -0.00164788 0.00038099 
0.906513 0.0819372 0.0193521 0.0237001 -0.00133713 0.000387836 
0.918063 0.0819372 0.0168367 0.0220938 -0.00107206 0.000382762 
0.929613 0.0819372 0.0139568 0.0201023 -0.00082779 0.000390219 
0.939988 0.0819372 0.0112005 0.0180948 -0.000629367 0.000383673 
0.950362 0.0819372 0.00845415 0.0159207 -0.000452658 0.000390724 
0.959633 0.0819372 0.00611397 0.0138225 -0.000314512 0.000383894 
0.968903 0.0819372 0.00397721 0.0114655 -0.000197031 0.000390619 
0.977148 0.0819372 0.00233618 0.00907879 -0.000112005 0.000383753 
0.985394 0.0819372 0.00104177 0.006285 -4.83459e-05 0.000390472 
0.992697 0.0819372 0.000283325 0.00338866 -1.26899e-05 0.000383787 
1 0.0819372 0 0 0 0.000390894 

0 0.0934875 0 0 0 0.000488237 
0.00730325 0.0934875 0.000379359 -0.00538607 -2.02395e-05 0.000499752 
0.0146065 0.0934875 0.00138002 -0.00974287 -7.60359e-05 0.000489013 
0.0228517 0.0934875 0.00300357 -0.0134535 -0.000172575 0.000500841 
0.031097 0.0934875 0.00489348 -0.0157081 -0.000293676 0.000490741 
0.0403673 0.0934875 0.00690243 -0.0166587 -0.000444817 0.000500379 
0.0496377 0.0934875 0.00865402 -0.0159544 -0.000597034 0.000492869 
0.0600123 0.0934875 0.00980487 -0.0136799 -0.000751366 0.000497445 
0.0703869 0.0934875 0.0102126 -0.0103362 -0.000876467 0.000493978 
0.0819372 0.0934875 0.00943601 -0.00586468 -0.000969623 0.000493267 
0.0934875 0.0934875 0.00763416 -0.00126228 -0.00101027 0.000493715 
0.106272 0.0934875 0.0041941 0.00382679 -0.000992818 0.000489192 
0.119057 0.0934875 -0.000586091 0.00871846 -0.000911332 0.000493089 
0.133119 0.0934875 -0.0080728 0.0143437 -0.000748551 0.000483354 
0.14718 0.0934875 -0.017853 0.0206453 -0.000501416 0.000492655 
0.162537 0.0934875 -0.0327147 0.0293301 -0.000117447 0.0004714 
0.177894 0.0934875 -0.0515166 0.0396867 0.000413205 0.000490408 
0.194538 0.0934875 -0.0778748 0.0538958 0.00119379 0.000452881 
0.211181 0.0934875 -0.108911 0.0689862 0.00221764 0.00048269 
0.22907 0.0934875 -0.146983 0.0864099 0.00361221 0.000433534 
0.246958 0.0934875 -0.187341 0.102026 0.00530025 0.000466329 
0.266013 0.0934875 -0.229814 0.115216 0.00737591 0.000415453 
0.285068 0.0934875 -0.26989 0.124116 0.00966015 0.000436319 
0.305174 0.0934875 -0.306558 0.126813 0.0121867 0.000388849 
0.32528 0.0934875 -0.338092 0.125124 0.014723 0.000388037 
0.346282 0.0934875 -0.36425 0.117429 0.0172712 0.000346039 
0.367284 0.0934875 -0.385426 0.106894 0.0196283 0.000328779 
0.388994 0.0934875 -0.401703 0.0922821 0.0217893 0.000295923 
0.410703 0.0934875 -0.413909 0.0762767 0.0236186 0.000275491 
0.432902 0.0934875 -0.422361 0.057795 0.0251049 0.000255423 
0.455101 0.0934875 -0.427767 0.0386921 0.0261751 0.000243333 
0.477551 0.0934875 -0.430571 0.0181187 0.0268123 0.000238596 
0.5 0.0934875 -0.431196 -0.00302634 0.0269823 0.000241268 
0.522449 0.0934875 -0.429846 -0.025115 0.0266681 0.000252058 
0.544899 0.0934875 -0.42654 -0.0480138 0.0258503 0.000270014 
0.567098 0.0934875 -0.420924 -0.0711115 0.0245313 0.000293144 
0.589297 0.0934875 -0.412438 -0.094747 0.0226955 0.000320534 
0.611006 0.0934875 -0.399689 -0.116244 0.0204075 0.00035129 
0.632716 0.0934875 -0.381551 -0.136448 0.0176685 0.000374348 
0.653718 0.0934875 -0.355886 -0.14957 0.0146622 0.000410188 
0.67472 0.0934875 -0.322141 -0.157743 0.0114318 0.000406921 
0.694826 0.0934875 -0.280287 -0.154286 0.00828581 0.000449144 
0.714932 0.0934875 -0.23229 -0.142988 0.00528493 0.000403773 
0.733987 0.0934875 -0.182702 -0.123312 0.00273699 0.000452643 
0.753042 0.0934875 -0.134729 -0.097319 0.000621095 0.00038073 
0.77093 0.0934875 -0.0938644 -0.0725962 -0.000904202 0.000428311 
0.788819 0.0934875 -0.0593197 -0.0466653 -0.00197663 0.000367017 
0.805462 0.0934875 -0.0346291 -0.0260645 -0.00258094 0.000401449 
0.822106 0.0934875 -0.0148834 -0.00831482 -0.00286506 0.00036927 
0.837463 0.0934875 -0.00229133 0.00471148 -0.00288986 0.000387504 
0.85282 0.0934875 0.00697377 0.0143465 -0.00274009 0.000376423 
0.866881 0.0934875 0.0121239 0.0203484 -0.00249412 0.000382843 
0.880943 0.0934875 0.015201 0.0239661 -0.00218048 0.000382011 
0.893728 0.0934875 0.0160296 0.0253361 -0.00186459 0.000380938 
0.906513 0.0934875 0.0155923 0.0253817 -0.00153964 0.000384999 
0.918063 0.0934875 0.0141545 0.0244091 -0.00125211 0.000379953 
0.929613 0.0934875 0.0121391 0.0228272 -0.000979262 0.000386479 
0.939988 0.0934875 0.00995309 0.0209669 -0.000752261 0.000380015 
0.950362 0.0934875 0.00763626 0.01879 -0.000546145 0.000387383 
0.959633 0.0934875 0.00557101 0.0165363 -0.000382415 0.000380754 
0.968903 0.0934875 0.00363506 0.0139019 -0.000241307 0.000388167 
0.977148 0.0934875 0.00213123 0.0111184 -0.000137985 0.000381755 
0.985394 0.0934875 0.000934376 0.00777688 -5.9894e-05 0.000388827 
0.992697 0.0934875 0.000250637 0.00423187 -1.57709e-05 0.000382752 
1 0.0934875 0 0 0 0.000389102 

0 0.106272 0 0 0 0.000486113 
0.00730325 0.106272 0.000419737 -0.00670364 -2.5365e-05 0.000500224 
0.0146065 0.106272 0.00148871 -0.0119673 -9.44474e-05 0.000487057 
0.0228517 0.106272 0.00311329 -0.0162059 -0.000211976 0.000499968 
0.031097 0.106272 0.00491473 -0.0184977 -0.00035644 0.000488222 
0.0403673 0.106272 0.00660923 -0.0190054 -0.00053193 0.000497963 
0.0496377 0.106272 0.00787064 -0.0175089 -0.000702863 0.000490695 
0.0600123 0.106272 0.00822776 -0.0140724 -0.000867878 0.000495132 
0.0703869 0.106272 0.00766298 -0.00949752 -0.000991374 0.000493498 
0.0819372 0.106272 0.0056061 -0.00361887 -0.00106754 0.000492901 
0.0934875 0.106272 0.00234378 0.002356 -0.0010753 0.00049607 
0.106272 0.106272 -0.00302227 0.00905638 -0.00100289 0.000491896 
0.119057 0.106272 -0.0100864 0.0157769 -0.000844758 0.00050067 
0.133119 0.106272 -0.020801 0.0239252 -0.000567908 0.000491428 
0.14718 0.106272 -0.0344662 0.0332182 -0.000168514 0.000510716 
0.162537 0.106272 -0.0544463 0.0458521 0.000434953 0.000490328 
0.177894 0.106272 -0.0788333 0.0602365 0.00124591 0.000523289 
0.194538 0.106272 -0.111075 0.0784942 0.00239919 0.000485963 
0.211181 0.106272 -0.147167 0.0967523 0.00385658 0.000523736 
0.22907 0.106272 -0.188468 0.115553 0.00576058 0.000470322 
0.246958 0.106272 -0.229808 0.131124 0.00797225 0.000494226 
0.266013 0.106272 -0.270398 0.141979 0.0105842 0.000433849 
0.285068 0.106272 -0.306783 0.147741 0.0133546 0.000432426 
0.305174 0.106272 -0.338185 0.146508 0.0163222 0.000376917 
0.32528 0.106272 -0.364059 0.140977 0.0192217 0.000354414 
0.346282 0.106272 -0.38435 0.129787 0.0220712 0.000310136 
0.367284 0.106272 -0.399854 0.116138 0.0246599 0.000278902 
0.388994 0.106272 -0.410919 0.0989418 0.0269976 0.000247763 
0.410703 0.106272 -0.418491 0.0807544 0.0289514 0.000220617 
0.432902 0.106272 -0.423289 0.0606644 0.0305225 0.000203783 
0.455101 0.106272 -0.425972 0.0402072 0.0316435 0.0001897 
0.477551 0.106272 -0.427231 0.0187226 0.0323062 0.000187429 
0.5 0.106272 -0.427309 -0.00323781 0.0324811 0.000190213 
0.522449 0.106272 -0.426683 -0.0259953 0.0321543 0.000201035 
0.544899 0.106272 -0.425205 -0.0495786 0.0313073 0.000220264 
0.567098 0.106272 -0.422986 -0.0737031 0.0299396 0.0002399 
0.589297 0.106272 -0.419332 -0.0986369 0.0280273 0.000270446 
0.611006 0.106272 -0.413313 -0.122636 0.0256223 0.00029224 
0.632716 0.106272 -0.403456 -0.146094 0.0227023 0.000321381 
0.653718 0.106272 -0.387204 -0.164277 0.0194324 0.000341398 
0.67472 0.106272 -0.363063 -0.17837 0.0158237 0.000347507 
0.694826 0.106272 -0.328877 -0.18087 0.0121952 0.000373608 
0.714932 0.106272 -0.285539 -0.17523 0.00859849 0.000338745 
0.733987 0.106272 -0.235767 -0.157373 0.00541571 0.000386672 
0.753042 0.106272 -0.183342 -0.131342 0.00265157 0.000321934 
0.77093 0.106272 -0.134953 -0.102983 0.000553129 0.000387447 
0.788819 0.106272 -0.0921674 -0.0714953 -0.00100996 0.00032802 
0.805462 0.106272 -0.0599712 -0.0459727 -0.00198154 0.000383136 
0.822106 0.106272 -0.0342097 -0.0229331 -0.00254932 0.000348716 
0.837463 0.106272 -0.0176251 -0.00588305 -0.00276423 0.000378867 
0.85282 0.106272 -0.0051485 0.00707698 -0.0027489 0.000366095 
0.866881 0.106272 0.00221552 0.0156369 -0.00258548 0.000377805 
0.880943 0.106272 0.00726499 0.0212952 -0.00232218 0.000376507 
0.893728 0.106272 0.00968882 0.0243108 -0.00202873 0.000378838 
0.906513 0.106272 0.0107379 0.0256874 -0.00170719 0.000382957 
0.918063 0.106272 0.010479 0.0256595 -0.00140966 0.000380243 
0.929613 0.106272 0.00948282 0.0247729 -0.00111739 0.000386786 
0.939988 0.106272 0.00803172 0.0232977 -0.00086743 0.000381241 
0.950362 0.106272 0.00631368 0.0213022 -0.00063547 0.000388462 
0.959633 0.106272 0.00466923 0.0190157 -0.000448034 0.000381777 
0.968903 0.106272 0.00307457 0.016179 -0.000284352 0.000388767 
0.977148 0.106272 0.00181575 0.0130412 -0.000163286 0.000382043 
0.985394 0.106272 0.000804322 0.00917764 -7.10938e-05 0.000388571 
0.992697 0.106272 0.000218865 0.00499397 -1.87767e-05 0.000382362 
1 0.106272 0 0 0 0.000388796 

0 0.119057 0 0 0 0.000487679 
0.00730325 0.119057 0.000412107 -0.0081117 -3.06874e-05 0.000501836 
0.0146065 0.119057 0.00145647 -0.0142385 -0.000113299 0.000488398 
0.0228517 0.119057 0.00298196 -0.0188698 -0.000251256 0.000502114 
0.031097 0.119057 0.00456249 -0.0209829 -0.000416957 0.000490612 
0.0403673 0.119057 0.00577757 -0.0207719 -0.000611874 0.000499633 
0.0496377 0.119057 0.00636029 -0.0182253 -0.000793912 0.000492668 
0.0600123 0.119057 0.00570523 -0.0133827 -0.000958188 0.00049449 
0.0703869 0.119057 0.0039367 -0.00738132 -0.00106609 0.00049282 
0.0819372 0.119057 0.000330055 8.95949e-05 -0.00110725 0.000488684 
0.0934875 0.119057 -0.00468634 0.00765013 -0.00106141 0.00049153 
0.106272 0.119057 -0.0123622 0.0162844 -0.000907183 0.000482119 
0.119057 0.119057 -0.0221314 0.0252544 -0.000640046 0.000490341 
0.133119 0.119057 -0.0365459 0.0364945 -0.000205364 0.000470884 
0.14718 0.119057 -0.0544617 0.0493078 0.000398765 0.000488739 
0.162537 0.119057 -0.0795653 0.0662317 0.00128684 0.000452933 
0.177894 0.119057 -0.109033 0.0846713 0.00244588 0.0004828 
0.194538 0.119057 -0.145711 0.106308 0.00403851 0.000433077 
0.211181 0.119057 -0.184746 0.126703 0.00597896 0.000467245 
0.22907 0.119057 -0.226473 0.145335 0.00841755 0.00041406 
0.246958 0.119057 -0.266005 0.15932 0.0111458 0.000435269 
0.266013 0.119057 -0.302332 0.166695 0.0142565 0.000385839 
0.285068 0.119057 -0.333288 0.168497 0.017454 0.000380911 
0.305174 0.119057 -0.358371 0.163078 0.0207889 0.000337448 
0.32528 0.119057 -0.377913 0.153664 0.0239752 0.000309733 
0.346282 0.119057 -0.392033 0.139111 0.0270486 0.000273816 
0.367284 0.119057 -0.401821 0.122601 0.0297969 0.000237257 
0.388994 0.119057 -0.408018 0.103236 0.0322461 0.000209958 
0.410703 0.119057 -0.411575 0.0833023 0.0342699 0.000177872 
0.432902 0.119057 -0.413444 0.0621414 0.0358828 0.000160588 
0.455101 0.119057 -0.414065 0.0408168 0.0370248 0.000141562 
0.477551 0.119057 -0.414138 0.018886 0.0376949 0.000135823 
0.5 0.119057 -0.413695 -0.0034369 0.0378685 0.000133469 
0.522449 0.119057 -0.413321 -0.0263937 0.0375347 0.000138595 
0.544899 0.119057 -0.412797 -0.0501462 0.0366771 0.000152744 
0.567098 0.119057 -0.412631 -0.0746258 0.0352945 0.000165076 
0.589297 0.119057 -0.412227 -0.10009 0.0333586 0.000193374 
0.611006 0.119057 -0.411383 -0.125619 0.0309114 0.000209124 
0.632716 0.119057 -0.40869 -0.151319 0.0279106 0.000247333 
0.653718 0.119057 -0.401926 -0.173875 0.0244966 0.000268498 
0.67472 0.119057 -0.388872 -0.193513 0.0206423 0.000305064 
0.694826 0.119057 -0.365708 -0.20307 0.0166508 0.000341347 
0.714932 0.119057 -0.33167 -0.204792 0.0125456 0.000349361 
0.733987 0.119057 -0.286593 -0.191602 0.00875927 0.000408247 
0.753042 0.119057 -0.233886 -0.168565 0.0053135 0.000365384 
0.77093 0.119057 -0.180136 -0.137986 0.00256261 0.000436691 
0.788819 0.119057 -0.129417 -0.101917 0.000403827 0.000364391 
0.805462 0.119057 -0.0884897 -0.0709319 -0.00103768 0.000423611 
0.822106 0.119057 -0.0551562 -0.0413839 -0.0019754 0.000366668 
0.837463 0.119057 -0.0332326 -0.019536 -0.00244105 0.000399108 
0.85282 0.119057 -0.0166146 -0.00243699 -0.00260613 0.000373771 
0.866881 0.119057 -0.00677862 0.00916884 -0.00255617 0.000386098 
0.880943 0.119057 0.000167605 0.0171625 -0.00236754 0.000380194 
0.893728 0.119057 0.00392065 0.0219896 -0.00211552 0.000382385 
0.906513 0.119057 0.00616894 0.0248183 -0.00181444 0.000384144 
0.918063 0.119057 0.00688065 0.0258944 -0.00152075 0.000381448 
0.929613 0.119057 0.00675524 0.0258668 -0.00122105 0.0003865 
0.939988 0.119057 0.00597308 0.0249375 -0.000957175 0.000381215 
0.950362 0.119057 0.00482879 0.0232638 -0.000706825 0.000387822 
0.959633 0.119057 0.0036175 0.0210495 -0.00050116 0.000381665 
0.968903 0.119057 0.00239086 0.0180964 -0.000319447 0.000388383 
0.977148 0.119057 0.00141192 0.0146805 -0.000183974 0.000382453 
0.985394 0.119057 0.000618442 0.0103827 -8.02893e-05 0.000388438 
0.992697 0.119057 0.000169184 0.00568421 -2.12162e-05 0.000383125 
1 0.119057 0 0 0 0.000388536 

0 0.133119 0 0 0 0.000487656 
0.00730325 0.133119 0.000409866 -0.00955649 -3.65788e-05 0.000504612 
0.0146065 0.133119 0.00139169 -0.0164856 -0.000133405 0.00048953 
0.0228517 0.133119 0.00262581 -0.0212467 -0.000291331 0.000503693 
0.031097 0.133119 0.00373081 -0.0228185 -0.00047539 0.000492204 
0.0403673 0.133119 0.0041133 -0.0214071 -0.000682705 0.000500663 
0.0496377 0.133119 0.00365202 -0.0173595 -0.000864756 0.000495973 
0.0600123 0.133119 0.00159826 -0.010644 -0.00101141 0.00049743 
0.0703869 0.133119 -0.00174003 -0.00280117 -0.00108259 0.000499414 
0.0819372 0.133119 -0.00731934 0.0067371 -0.00106061 0.000495456 
0.0934875 0.133119 -0.0145592 0.016443 -0.000927558 0.000503578 
0.106272 0.133119 -0.0252 0.0277951 -0.000646496 0.000494538 
0.119057 0.133119 -0.0384093 0.0399279 -0.00021537 0.000512109 
0.133119 0.133119 -0.0572922 0.0552741 0.000450604 0.000493055 
0.14718 0.133119 -0.0800143 0.0724121 0.00134503 0.000524035 
0.162537 0.133119 -0.110162 0.0938094 0.00261952 0.000487931 
0.177894 0.133119 -0.143879 0.115836 0.00422774 0.000525368 
0.194538 0.133119 -0.183047 0.139275 0.00635523 0.000471328 
0.211181 0.133119 -0.222434 0.15975 0.00884856 0.000495414 
0.22907 0.133119 -0.261574 0.175866 0.0118612 0.000432167 
0.246958 0.133119 -0.296607 0.186158 0.0151103 0.000427207 
0.266013 0.133119 -0.326532 0.188694 0.0186934 0.000367699 
0.285068 0.133119 -0.350521 0.185651 0.0222716 0.000335464 
0.305174 0.133119 -0.368303 0.175732 0.0259126 0.00028761 
0.32528 0.133119 -0.38087 0.162397 0.0293197 0.000241906 
0.346282 0.133119 -0.388734 0.144761 0.0325488 0.000207186 
0.367284 0.133119 -0.393193 0.125828 0.0353938 0.000163321 
0.388994 0.133119 -0.395324 0.104974 0.0378999 0.000140533 
0.410703 0.133119 -0.395895 0.0839319 0.0399512 0.000108548 
0.432902 0.133119 -0.395818 0.0622868 0.0415743 9.629e-05 
0.455101 0.133119 -0.395195 0.0405866 0.0427163 8.00531e-05 
0.477551 0.133119 -0.394626 0.0185666 0.0433808 7.8017e-05 
0.5 0.133119 -0.393915 -0.00378132 0.0435474 7.84374e-05 
0.522449 0.133119 -0.393667 -0.0265874 0.0432079 8.59172e-05 
0.544899 0.133119 -0.393607 -0.0500903 0.0423487 0.000102814 
0.567098 0.133119 -0.394501 -0.0742442 0.0409706 0.000116851 
0.589297 0.133119 -0.395871 -0.0993644 0.0390456 0.000149182 
0.611006 0.133119 -0.398229 -0.125063 0.0366105 0.000164593 
0.632716 0.133119 -0.400394 -0.151436 0.0336101 0.000208745 
0.653718 0.133119 -0.401164 -0.176765 0.0301594 0.000220737 
0.67472 0.133119 -0.398179 -0.200679 0.0261913 0.000264415 
0.694826 0.133119 -0.387324 -0.217776 0.0219697 0.000276298 
0.714932 0.133119 -0.366494 -0.228545 0.0174677 0.00029355 
0.733987 0.133119 -0.332228 -0.224365 0.0131307 0.000325047 
0.753042 0.133119 -0.286402 -0.209429 0.0089761 0.000292651 
0.77093 0.133119 -0.232836 -0.180912 0.00547063 0.000361191 
0.788819 0.133119 -0.176788 -0.14372 0.00255376 0.000294322 
0.805462 0.133119 -0.126731 -0.107157 0.000467187 0.000378715 
0.822106 0.133119 -0.0836748 -0.0695522 -0.0010019 0.000321597 
0.837463 0.133119 -0.0533818 -0.0408565 -0.00184033 0.000381438 
0.85282 0.133119 -0.0301927 -0.0171236 -0.00227651 0.000354125 
0.866881 0.133119 -0.0165432 -0.000754543 -0.0023953 0.000379567 
0.880943 0.133119 -0.00695347 0.0107959 -0.0023181 0.000373289 
0.893728 0.133119 -0.00173427 0.0180248 -0.00213076 0.00037895 
0.906513 0.133119 0.00167451 0.0226334 -0.00186791 0.000380698 
0.918063 0.133119 0.00325292 0.0250274 -0.00159126 0.000379067 
0.929613 0.133119 0.00391761 0.0260288 -0.00129501 0.000383948 
0.939988 0.133119 0.00378649 0.0257972 -0.00102524 0.000379295 
0.950362 0.133119 0.00323687 0.0245724 -0.000763012 0.000385409 
0.959633 0.133119 0.00249684 0.0225391 -0.00054381 0.000379584 
0.968903 0.133119 0.00167511 0.0195532 -0.000347865 0.000385584 
0.977148 0.133119 0.000996995 0.0159403 -0.000200731 0.000380002 
0.985394 0.133119 0.000432537 0.0112917 -8.76559e-05 0.000385212 
0.992697 0.133119 0.000117704 0.00616508 -2.31994e-05 0.00038047 
1 0.133119 0 0 0 0.000385108 

0 0.14718 0 0 0 0.000489897 
0.00730325 0.14718 0.000324386 -0.0109559 -4.17893e-05 0.000503963 
0.0146065 0.14718 0.00106962 -0.0184272 -0.000150713 0.000490363 
0.0228517 0.14718 0.00184869 -0.0229749 -0.000323448 0.00050266 
0.031097 0.14718 0.00227517 -0.0236383 -0.000517588 0.000492737 
0.0403673 0.14718 0.00160824 -0.0206554 -0.000724223 0.000497653 
0.0496377 0.14718 -0.000127713 -0.0148238 -0.000889899 0.000493865 
0.0600123 0.14718 -0.00381873 -0.00600609 -0.000997654 0.000490393 
0.0703869 0.14718 -0.00896677 0.0038764 -0.00100827 0.000492356 
0.0819372 0.14718 -0.0167834 0.0157341 -0.00089367 0.000482347 
0.0934875 0.14718 -0.0265047 0.0279228 -0.000639982 0.000489886 
0.106272 0.14718 -0.040353 0.0424666 -0.000189098 0.00047125 
0.119057 0.14718 -0.0571227 0.0582296 0.000455665 0.000487542 
0.133119 0.14718 -0.0802599 0.078002 0.00141389 0.000454144 
0.14718 0.14718 -0.107157 0.0994525 0.00266137 0.000482179 
0.162537 0.14718 -0.140924 0.124614 0.00438384 0.000433672 
0.177894 0.14718 -0.176942 0.149075 0.00648557 0.000466755 
0.194538 0.14718 -0.21604 0.172581 0.00916687 0.000412508 
0.211181 0.14718 -0.253234 0.191362 0.0121981 0.000432451 
0.22907 0.14718 -0.287596 0.20353 0.015735 0.000381623 
0.246958 0.14718 -0.316579 0.209081 0.0194299 0.00037252 
0.266013 0.14718 -0.339375 0.20638 0.0233908 0.000328704 
0.285068 0.14718 -0.356249 0.198428 0.0272512 0.000291735 
0.305174 0.14718 -0.367256 0.184281 0.0310985 0.000255583 
0.32528 0.14718 -0.373828 0.167483 0.0346364 0.000205407 
0.346282 0.14718 -0.376966 0.147466 0.0379427 0.000175792 
0.367284 0.14718 -0.377904 0.126808 0.0408234 0.000127901 
0.388994 0.14718 -0.377832 0.105164 0.0433413 0.000104409 
0.410703 0.14718 -0.37712 0.0835924 0.0453907 6.85654e-05 
0.432902 0.14718 -0.376461 0.0618415 0.0470057 5.29177e-05 
0.455101 0.14718 -0.375626 0.0400798 0.0481376 3.29515e-05 
0.477551 0.14718 -0.375056 0.0181355 0.048792 2.67246e-05 
0.5 0.14718 -0.37439 -0.00409481 0.0489501 2.30495e-05 
0.522449 0.14718 -0.374149 -0.0266515 0.0486057 2.54972e-05 
0.544899 0.14718 -0.374017 -0.0497904 0.0477478 3.68984e-05 
0.567098 0.14718 -0.374796 -0.0734051 0.0463806 4.42289e-05 
0.589297 0.14718 -0.376134 -0.0978658 0.0444794 6.91066e-05 
0.611006 0.14718 -0.379027 -0.123022 0.0420818 7.59622e-05 
0.632716 0.14718 -0.382742 -0.149108 0.0391287 0.00011427 
0.653718 0.14718 -0.387413 -0.175571 0.0357194 0.000119275 
0.67472 0.14718 -0.391188 -0.201941 0.0317588 0.000172426 
0.694826 0.14718 -0.390974 -0.224987 0.0274657 0.000186453 
0.714932 0.14718 -0.383722 -0.243808 0.0227563 0.000245029 
0.733987 0.14718 -0.363662 -0.250123 0.0180443 0.000288329 
0.753042 0.14718 -0.330156 -0.245913 0.0133126 0.000313277 
0.77093 0.14718 -0.282849 -0.223853 0.00910184 0.00039303 
0.788819 0.14718 -0.226803 -0.190085 0.00538475 0.000350201 
0.805462 0.14718 -0.170433 -0.149878 0.00254897 0.0004418 
0.822106 0.14718 -0.118317 -0.105197 0.000414774 0.000363693 
0.837463 0.14718 -0.0783642 -0.0688449 -0.000922265 0.000428948 
0.85282 0.14718 -0.046816 -0.0366622 -0.00173303 0.00037265 
0.866881 0.14718 -0.0277248 -0.0141069 -0.00208748 0.000399533 
0.880943 0.14718 -0.0141804 0.00223652 -0.00216674 0.000379356 
0.893728 0.14718 -0.00686586 0.0125567 -0.00207032 0.000384743 
0.906513 0.14718 -0.00201815 0.019334 -0.00186359 0.000383262 
0.918063 0.14718 0.00040919 0.0232542 -0.00161631 0.000381175 
0.929613 0.14718 0.00174322 0.0254084 -0.00133374 0.000385543 
0.939988 0.14718 0.00212448 0.0259602 -0.00106628 0.000381047 
0.950362 0.14718 0.00203409 0.0252681 -0.000799566 0.000387048 
0.959633 0.14718 0.00165918 0.023509 -0.000572697 0.000381728 
0.968903 0.14718 0.00115018 0.0205832 -0.000367572 0.000387616 
0.977148 0.14718 0.000704825 0.0168699 -0.000212513 0.000382508 
0.985394 0.14718 0.000317049 0.0119845 -9.2913e-05 0.000387408 
0.992697 0.14718 9.20371e-05 0.0065708 -2.45928e-05 0.000382948 
1 0.14718 0 0 0 0.000387535 

0 0.162537 0 0 0 0.000496832 
0.00730325 0.162537 0.000201528 -0.0118527 -4.60883e-05 0.000511425 
0.0146065 0.162537 0.000570069 -0.0194552 -0.000163313 0.000499384 
0.0228517 0.162537 0.000537468 -0.0232029 -0.000342707 0.000509672 
0.031097 0.162537 -0.000116776 -0.0223889 -0.00053422 0.000503072 
0.0403673 0.162537 -0.00226869 -0.017241 -0.000720706 0.000506035 
0.0496377 0.162537 -0.00567002 -0.00913834 -0.000845811 0.000507092 
0.0600123 0.162537 -0.0113708 0.00226346 -0.000882987 0.000502922 
0.0703869 0.162537 -0.0186803 0.0146739 -0.000796684 0.00051073 
0.0819372 0.162537 -0.0291699 0.0294754 -0.000543124 0.000500787 
0.0934875 0.162537 -0.0418441 0.0448857 -0.000115105 0.00051661 
0.106272 0.162537 -0.0593943 0.0634367 0.000574758 0.000497863 
0.119057 0.162537 -0.080056 0.0834726 0.00151139 0.000525063 
0.133119 0.162537 -0.107233 0.107765 0.00285414 0.000490636 
0.14718 0.162537 -0.137445 0.132957 0.00454512 0.000524591 
0.162537 0.162537 -0.172929 0.160247 0.00680034 0.000471898 
0.177894 0.162537 -0.20875 0.184941 0.00945516 0.000494053 
0.194538 0.162537 -0.244848 0.205932 0.0127189 0.000430374 
0.211181 0.162537 -0.277201 0.22064 0.01628 0.000422032 
0.22907 0.162537 -0.304724 0.227222 0.0202989 0.000360652 
0.246958 0.162537 -0.326305 0.227 0.0243747 0.000320319 
0.266013 0.162537 -0.34145 0.218836 0.028632 0.00027104 
0.285068 0.162537 -0.351284 0.206187 0.0326907 0.000213246 
0.305174 0.162537 -0.356397 0.188533 0.0366627 0.000177872 
0.32528 0.162537 -0.35841 0.169187 0.0402625 0.000120658 
0.346282 0.162537 -0.358639 0.1479 0.0435923 9.5685e-05 
0.367284 0.162537 -0.35792 0.126497 0.0464736 5.02743e-05 
0.388994 0.162537 -0.357268 0.104763 0.0489831 3.20803e-05 
0.410703 0.162537 -0.356547 0.0831761 0.0510222 1.47468e-06 
0.432902 0.162537 -0.356231 0.0614976 0.0526276 -1.02588e-05 
0.455101 0.162537 -0.355826 0.0397775 0.0537513 -2.60619e-05 
0.477551 0.162537 -0.355649 0.0178384 0.0543983 -3.00139e-05 
0.5 0.162537 -0.35526 -0.00437312 0.0545498 -3.11844e-05 
0.522449 0.162537 -0.355083 -0.0268491 0.0542002 -2.71929e-05 
0.544899 0.162537 -0.354802 -0.0497975 0.053341 -1.39718e-05 
0.567098 0.162537 -0.355145 -0.0729807 0.0519799 -3.97472e-06 
0.589297 0.162537 -0.355847 -0.0968003 0.0500974 2.37226e-05 
0.611006 0.162537 -0.358062 -0.120958 0.0477363 3.61083e-05 
0.632716 0.162537 -0.361365 -0.145918 0.0448421 7.96041e-05 
0.653718 0.162537 -0.366834 -0.171555 0.0415106 8.99375e-05 
0.67472 0.162537 -0.373194 -0.19783 0.0376338 0.000149479 
0.694826 0.162537 -0.37924 -0.223678 0.0333926 0.000154663 
0.714932 0.162537 -0.381997 -0.247792 0.0286485 0.000218315 
0.733987 0.162537 -0.375941 -0.26439 0.0237507 0.000226252 
0.753042 0.162537 -0.358468 -0.272796 0.0186141 0.000259893 
0.77093 0.162537 -0.324837 -0.263189 0.0137938 0.000298888 
0.788819 0.162537 -0.277934 -0.240078 0.00926668 0.000269359 
0.805462 0.162537 -0.22242 -0.202168 0.00557165 0.00035581 
0.822106 0.162537 -0.164744 -0.154894 0.0025868 0.000282965 
0.837463 0.162537 -0.114705 -0.110907 0.000550225 0.000380263 
0.85282 0.162537 -0.0724886 -0.0680884 -0.000819293 0.000321829 
0.866881 0.162537 -0.0445304 -0.0365266 -0.00154304 0.000381884 
0.880943 0.162537 -0.0239961 -0.0122321 -0.00187438 0.000359935 
0.893728 0.162537 -0.0128734 0.00349673 -0.00192321 0.000379466 
0.906513 0.162537 -0.00562357 0.0140079 -0.00180472 0.000378478 
0.918063 0.162537 -0.00206117 0.020211 -0.00160428 0.000378649 
0.929613 0.162537 5.53095e-05 0.0239211 -0.0013468 0.000383078 
0.939988 0.162537 0.000933283 0.0254491 -0.00108929 0.000378052 
0.950362 0.162537 0.0012315 0.025426 -0.000824009 0.000383663 
0.959633 0.162537 0.00112893 0.0240424 -0.00059361 0.000377626 
0.968903 0.162537 0.000833802 0.0212616 -0.000382508 0.000383249 
0.977148 0.162537 0.000528532 0.0175227 -0.000221681 0.00037773 
0.985394 0.162537 0.000234729 0.0124772 -9.70627e-05 0.000382646 
0.992697 0.162537 6.65961e-05 0.00684091 -2.57459e-05 0.000378049 
1 0.162537 0 0 0 0.000382398 

0 0.177894 0 0 0 0.000498648 
0.00730325 0.177894 -2.18277e-05 -0.0123224 -4.75412e-05 0.000505348 
0.0146065 0.177894 -0.000253528 -0.0194131 -0.000165727 0.000498384 
0.0228517 0.177894 -0.00127314 -0.021782 -0.000337968 0.000502337 
0.031097 0.177894 -0.00321125 -0.0190562 -0.000508691 0.000499539 
0.0403673 0.177894 -0.00702408 -0.0114202 -0.000650858 0.000495575 
0.0496377 0.177894 -0.0122593 -0.000851466 -0.000708588 0.000498294 
0.0600123 0.177894 -0.0201053 0.0132932 -0.000643235 0.000486831 
0.0703869 0.177894 -0.0296732 0.028424 -0.00042597 0.000494625 
0.0819372 0.177894 -0.0428532 0.046464 7.55296e-06 0.000475761 
0.0934875 0.177894 -0.05837 0.0654194 0.00065467 0.000490537 
0.106272 0.177894 -0.0792146 0.0882125 0.00163697 0.000459626 
0.119057 0.177894 -0.103054 0.112458 0.00291939 0.000484216 
0.133119 0.177894 -0.132963 0.140564 0.00469922 0.000438711 
0.14718 0.177894 -0.164831 0.168295 0.0068702 0.000467862 
0.162537 0.177894 -0.199918 0.195888 0.0096702 0.000414535 
0.177894 0.177894 -0.233476 0.218901 0.0128571 0.000430899 
0.194538 0.177894 -0.264821 0.235735 0.0166458 0.000379716 
0.211181 0.177894 -0.291173 0.245154 0.0206525 0.000365928 
0.22907 0.177894 -0.311548 0.245677 0.0250468 0.000322336 
0.246958 0.177894 -0.326065 0.239674 0.029393 0.000277272 
0.266013 0.177894 -0.33468 0.226557 0.0338368 0.000241942 
0.285068 0.177894 -0.339058 0.209985 0.0379996 0.000180471 
0.305174 0.177894 -0.340338 0.189872 0.0420198 0.00015051 
0.32528 0.177894 -0.339957 0.168992 0.0456295 9.02635e-05 
0.346282 0.177894 -0.339276 0.147301 0.0489522 6.32592e-05 
0.367284 0.177894 -0.338535 0.125825 0.051822 1.49277e-05 
0.388994 0.177894 -0.338435 0.104329 0.0543223 -7.81213e-06 
0.410703 0.177894 -0.338444 0.0829583 0.0563569 -4.10136e-05 
0.432902 0.177894 -0.338878 0.0614009 0.0579609 -5.67656e-05 
0.455101 0.177894 -0.339138 0.0397406 0.0590848 -7.47699e-05 
0.477551 0.177894 -0.339492 0.0177666 0.0597315 -8.19204e-05 
0.5 0.177894 -0.339506 -0.0044807 0.0598814 -8.52609e-05 
0.522449 0.177894 -0.33955 -0.0269639 0.0595292 -8.42036e-05 
0.544899 0.177894 -0.339306 -0.0498259 0.0586675 -7.38784e-05 
0.567098 0.177894 -0.339358 -0.0727215 0.0573072 -6.72739e-05 
0.589297 0.177894 -0.339411 -0.0960434 0.0554331 -4.47147e-05 
0.611006 0.177894 -0.340433 -0.119295 0.0530944 -3.7249e-05 
0.632716 0.177894 -0.342088 -0.143092 0.0502437 -3.07563e-06 
0.653718 0.177894 -0.345816 -0.167309 0.046982 -9.48742e-08 
0.67472 0.177894 -0.350997 -0.19241 0.0432023 4.87739e-05 
0.694826 0.177894 -0.358406 -0.218609 0.0390685 4.6991e-05 
0.714932 0.177894 -0.366088 -0.245058 0.0344093 0.000117474 
0.733987 0.177894 -0.370554 -0.26892 0.0295092 0.000126948 
0.753042 0.177894 -0.36799 -0.287901 0.0242072 0.000210249 
0.77093 0.177894 -0.350922 -0.292434 0.019009 0.000258709 
0.788819 0.177894 -0.318729 -0.283633 0.01385 0.000299616 
0.805462 0.177894 -0.270758 -0.254097 0.00936598 0.000394021 
0.822106 0.177894 -0.213529 -0.210455 0.00548467 0.000346922 
0.837463 0.177894 -0.156652 -0.161433 0.00262475 0.00045232 
0.85282 0.177894 -0.104865 -0.108887 0.000539412 0.000366378 
0.866881 0.177894 -0.0669584 -0.0673005 -0.000697395 0.000433536 
0.880943 0.177894 -0.0377431 -0.0327209 -0.00139883 0.000378159 
0.893728 0.177894 -0.0212429 -0.0094853 -0.00166604 0.000399156 
0.906513 0.177894 -0.0102362 0.00639553 -0.00168153 0.000383927 
0.918063 0.177894 -0.00477075 0.0157274 -0.00155255 0.000383337 
0.929613 0.177894 -0.00139847 0.0214728 -0.00133547 0.000385309 
0.939988 0.177894 0.00013249 0.0242778 -0.00109702 0.000379842 
0.950362 0.177894 0.000839953 0.0251333 -0.000839263 0.000386101 
0.959633 0.177894 0.000953462 0.0242584 -0.00060913 0.000379927 
0.968903 0.177894 0.000792194 0.0217348 -0.000394705 0.000386578 
0.977148 0.177894 0.000545197 0.0180677 -0.000229639 0.000380703 
0.985394 0.177894 0.000268888 0.0129353 -0.000100854 0.000386568 
0.992697 0.177894 8.3223e-05 0.00713154 -2.68157e-05 0.000381181 
1 0.177894 0 0 0 0.000386737 

0 0.194538 0 0 0 0.000519665 
0.00730325 0.194538 -0.000349458 -0.0112396 -4.4812e-05 0.000520447 
0.0146065 0.194538 -0.00143603 -0.0169118 -0.000151508 0.000521108 
0.0228517 0.194538 -0.0038638 -0.0170668 -0.000295897 0.000518551 
0.031097 0.194538 -0.00748967 -0.0118218 -0.000419307 0.000523378 
0.0403673 0.194538 -0.0132945 -0.00121594 -0.000482572 0.000515549 
0.0496377 0.194538 -0.020619 0.0122053 -0.000434475 0.000525486 
0.0600123 0.194538 -0.0308425 0.0294843 -0.000219818 0.000512522 
0.0703869 0.194538 -0.0428947 0.0477904 0.000179459 0.000527822 
0.0819372 0.194538 -0.0589849 0.0695454 0.000855311 0.00050785 
0.0934875 0.194538 -0.0774463 0.0924087 0.00178897 0.000530753 
0.106272 0.194538 -0.101253 0.119379 0.00314155 0.000497774 
0.119057 0.194538 -0.127426 0.147182 0.00484457 0.000525743 
0.133119 0.194538 -0.158319 0.177534 0.00713083 0.000475879 
0.14718 0.194538 -0.189598 0.205646 0.00982856 0.000493658 
0.162537 0.194538 -0.221647 0.230951 0.0131913 0.000431962 
0.177894 0.194538 -0.250568 0.249832 0.0168936 0.000420188 
0.194538 0.194538 -0.275396 0.260737 0.0211563 0.000359073 
0.211181 0.194538 -0.294752 0.263793 0.025535 0.000312816 
0.22907 0.194538 -0.30798 0.258152 0.0302142 0.000263339 
0.246958 0.194538 -0.316146 0.246869 0.0347416 0.000196266 
0.266013 0.194538 -0.319807 0.229935 0.0392887 0.000160979 
0.285068 0.194538 -0.320737 0.210808 0.0434918 9.31848e-05 
0.305174 0.194538 -0.320378 0.189686 0.0475175 6.69784e-05 
0.32528 0.194538 -0.319567 0.168498 0.0511176 1.11559e-05 
0.346282 0.194538 -0.319419 0.147132 0.0544306 -1.14631e-05 
0.367284 0.194538 -0.31956 0.126034 0.0572977 -5.30419e-05 
0.388994 0.194538 -0.320441 0.104804 0.0598026 -7.25732e-05 
0.410703 0.194538 -0.321329 0.0835964 0.061847 -0.000100996 
0.432902 0.194538 -0.322468 0.0619988 0.0634629 -0.000114907 
0.455101 0.194538 -0.323297 0.0402419 0.0645977 -0.000130302 
0.477551 0.194538 -0.324079 0.0180859 0.0652527 -0.000136631 
0.5 0.194538 -0.324443 -0.00433607 0.0654075 -0.0001387 
0.522449 0.194538 -0.324729 -0.0269848 0.0650565 -0.000137279 
0.544899 0.194538 -0.324631 -0.0499499 0.0641936 -0.000126184 
0.567098 0.194538 -0.324606 -0.0728647 0.0628312 -0.000118549 
0.589297 0.194538 -0.32433 -0.0960737 0.060957 -9.47923e-05 
0.611006 0.194538 -0.324514 -0.11894 0.0586243 -8.34476e-05 
0.632716 0.194538 -0.324842 -0.142082 0.0557926 -4.65277e-05 
0.653718 0.194538 -0.326605 -0.164963 0.0525711 -3.42158e-05 
0.67472 0.194538 -0.329508 -0.188412 0.0488633 1.95119e-05 
0.694826 0.194538 -0.335234 -0.212669 0.0448353 2.90567e-05 
0.714932 0.194538 -0.342716 -0.237958 0.040309 0.000104081 
0.733987 0.194538 -0.351249 -0.264065 0.035524 0.00010648 
0.753042 0.194538 -0.357438 -0.288882 0.0302527 0.000191411 
0.77093 0.194538 -0.354944 -0.306101 0.0249111 0.000195434 
0.788819 0.194538 -0.340521 -0.313439 0.019349 0.000246388 
0.805462 0.194538 -0.308371 -0.299753 0.0142155 0.000288434 
0.822106 0.194538 -0.262108 -0.269199 0.00945092 0.000260955 
0.837463 0.194538 -0.206798 -0.22276 0.00565777 0.000358681 
0.85282 0.194538 -0.14974 -0.165882 0.00265958 0.000278729 
0.866881 0.194538 -0.101469 -0.114667 0.000694279 0.000382823 
0.880943 0.194538 -0.0612626 -0.0670964 -0.000575813 0.000322857 
0.893728 0.194538 -0.0359294 -0.0328156 -0.00120127 0.000379991 
0.906513 0.194538 -0.0179283 -0.00792437 -0.00144876 0.000362884 
0.918063 0.194538 -0.0087191 0.00727063 -0.00144562 0.000376826 
0.929613 0.194538 -0.00306243 0.0168835 -0.00129966 0.000379825 
0.939988 0.194538 -0.000540814 0.0219425 -0.00109536 0.000376025 
0.950362 0.194538 0.000742727 0.0242731 -0.000852963 0.000382876 
0.959633 0.194538 0.00109293 0.0242128 -0.000626553 0.000375251 
0.968903 0.194538 0.00101751 0.0221711 -0.000409949 0.000382618 
0.977148 0.194538 0.000729864 0.0186907 -0.000240298 0.000374725 
0.985394 0.194538 0.000373564 0.0135331 -0.000106264 0.000382144 
0.992697 0.194538 0.000112576 0.00752337 -2.84191e-05 0.000374718 
1 0.194538 0 0 0 0.000382238 

0 0.211181 0 0 0 0.000517645 
0.00730325 0.211181 -0.000726493 -0.00908276 -3.58559e-05 0.000505209 
0.0146065 0.211181 -0.00280532 -0.0122785 -0.000116277 0.000515503 
0.0228517 0.211181 -0.00669536 -0.00956716 -0.00020862 0.000501925 
0.031097 0.211181 -0.0120559 -0.00150402 -0.00025659 0.000512786 
0.0403673 0.211181 -0.0198296 0.012175 -0.000207633 0.000495467 
0.0496377 0.211181 -0.0291747 0.0284788 -1.97771e-05 0.000507677 
0.0600123 0.211181 -0.0415984 0.0489548 0.00038246 0.000485899 
0.0703869 0.211181 -0.055851 0.0705403 0.00100268 0.000501248 
0.0819372 0.211181 -0.0743347 0.0960729 0.00196499 0.000471477 
0.0934875 0.211181 -0.0950357 0.122691 0.00322794 0.00049265 
0.106272 0.211181 -0.120712 0.153155 0.00499153 0.000450762 
0.119057 0.211181 -0.147944 0.183357 0.00714186 0.000474294 
0.133119 0.211181 -0.178269 0.214193 0.00993975 0.000423413 
0.14718 0.211181 -0.207485 0.240781 0.0131401 0.000434436 
0.162537 0.211181 -0.235285 0.262082 0.0170071 0.000383569 
0.177894 0.211181 -0.258838 0.275546 0.0211405 0.000365014 
0.194538 0.211181 -0.277167 0.280007 0.0257696 0.000321247 
0.211181 0.211181 -0.290122 0.276754 0.0304096 0.000269995 
0.22907 0.211181 -0.297521 0.265652 0.0352646 0.000234954 
0.246958 0.211181 -0.301009 0.250129 0.0398833 0.000165096 
0.266013 0.211181 -0.301703 0.23067 0.0444657 0.000134924 
0.285068 0.211181 -0.301102 0.210221 0.0486696 6.54402e-05 
0.305174 0.211181 -0.300667 0.189021 0.0526848 3.58235e-05 
0.32528 0.211181 -0.300502 0.168181 0.0562777 -2.18725e-05 
0.346282 0.211181 -0.301354 0.147349 0.0595933 -5.02719e-05 
0.367284 0.211181 -0.302446 0.126704 0.0624728 -9.38112e-05 
0.388994 0.211181 -0.304071 0.105668 0.0649969 -0.000117652 
0.410703 0.211181 -0.305503 0.0845367 0.0670627 -0.000147781 
0.432902 0.211181 -0.306996 0.0628382 0.0686996 -0.000164516 
0.455101 0.211181 -0.308094 0.0409363 0.0698522 -0.000181444 
0.477551 0.211181 -0.309094 0.0185896 0.0705211 -0.000189935 
0.5 0.211181 -0.309689 -0.00401166 0.0706853 -0.000193493 
0.522449 0.211181 -0.310221 -0.0268264 0.0703398 -0.000193986 
0.544899 0.211181 -0.310402 -0.0499115 0.069479 -0.000184418 
0.567098 0.211181 -0.31063 -0.0729075 0.0681161 -0.000178479 
0.589297 0.211181 -0.310562 -0.0961095 0.0662403 -0.000156643 
0.611006 0.211181 -0.310699 -0.118825 0.0639069 -0.000146859 
0.632716 0.211181 -0.310632 -0.141608 0.0610789 -0.00011391 
0.653718 0.211181 -0.311182 -0.16362 0.057872 -0.000103923 
0.67472 0.211181 -0.311995 -0.185787 0.0541994 -6.00943e-05 
0.694826 0.211181 -0.314728 -0.207966 0.0502384 -5.52826e-05 
0.714932 0.211181 -0.319043 -0.231187 0.04582 4.1185e-06 
0.733987 0.211181 -0.326628 -0.25642 0.041172 8.00266e-07 
0.753042 0.211181 -0.335655 -0.282892 0.0360351 8.73808e-05 
0.77093 0.211181 -0.342877 -0.308054 0.0307452 9.19769e-05 
0.788819 0.211181 -0.343655 -0.328164 0.0250577 0.000197568 
0.805462 0.211181 -0.329343 -0.332058 0.019553 0.000244518 
0.822106 0.211181 -0.299133 -0.319377 0.0141235 0.000297778 
0.837463 0.211181 -0.252068 -0.283201 0.00948621 0.000398158 
0.85282 0.211181 -0.195837 -0.229883 0.00552985 0.000345183 
0.866881 0.211181 -0.140561 -0.172419 0.00269937 0.00045825 
0.880943 0.211181 -0.0908244 -0.112556 0.000688513 0.000366848 
0.893728 0.211181 -0.0559639 -0.0659227 -0.000447672 0.00043304 
0.906513 0.211181 -0.0296491 -0.0292543 -0.00105161 0.000381252 
0.918063 0.211181 -0.0154826 -0.00555995 -0.00124977 0.000397021 
0.929613 0.211181 -0.00644582 0.00987032 -0.00122053 0.000386605 
0.939988 0.211181 -0.00225071 0.0181958 -0.00107386 0.000381428 
0.950362 0.211181 0.000100145 0.0226253 -0.000860142 0.000386228 
0.959633 0.211181 0.000939737 0.0237971 -0.000643863 0.000377682 
0.968903 0.211181 0.00109623 0.0225478 -0.000427629 0.000386317 
0.977148 0.211181 0.000841069 0.0194333 -0.000253439 0.00037739 
0.985394 0.211181 0.000443429 0.0143103 -0.000113136 0.000386552 
0.992697 0.211181 0.000136812 0.00806546 -3.04637e-05 0.000377832 
1 0.211181 0 0 0 0.000386537 

0 0.22907 0 0 0 0.000556022 
0.00730325 0.22907 -0.0012462 -0.00414459 -1.8441e-05 0.000529079 
0.0146065 0.22907 -0.00457259 -0.00356982 -5.00365e-05 0.000553256 
0.0228517 0.22907 -0.0101725 0.00278699 -5.72396e-05 0.000528785 
0.031097 0.22907 -0.0174437 0.0140684 8.30892e-06 0.000550349 
0.0403673 0.22907 -0.0272441 0.0309768 0.000214699 0.000527356 
0.0496377 0.22907 -0.0386201 0.0503091 0.000589129 0.000547548 
0.0600123 0.22907 -0.0532009 0.0740633 0.00123289 0.000522474 
0.0703869 0.22907 -0.0695276 0.0989571 0.00212915 0.000543902 
0.0819372 0.22907 -0.0899619 0.127996 0.00343915 0.000510553 
0.0934875 0.22907 -0.112105 0.157671 0.00508849 0.000532822 
0.106272 0.22907 -0.138174 0.190234 0.0073152 0.00048585 
0.119057 0.22907 -0.164627 0.220909 0.00994649 0.000498415 
0.133119 0.22907 -0.192234 0.249873 0.0132655 0.000439863 
0.14718 0.22907 -0.217476 0.27265 0.0169486 0.000425372 
0.162537 0.22907 -0.23969 0.288194 0.0212685 0.000365407 
0.177894 0.22907 -0.257263 0.295188 0.0257614 0.000316262 
0.194538 0.22907 -0.269472 0.293143 0.030669 0.000266183 
0.211181 0.22907 -0.277078 0.284242 0.0354851 0.000193476 
0.22907 0.22907 -0.280474 0.269009 0.0404385 0.000157025 
0.246958 0.22907 -0.28137 0.25086 0.0450929 8.14238e-05 
0.266013 0.22907 -0.281177 0.230459 0.0496781 5.31008e-05 
0.285068 0.22907 -0.280716 0.209982 0.0538737 -1.10396e-05 
0.305174 0.22907 -0.281179 0.18936 0.0578864 -3.80108e-05 
0.32528 0.22907 -0.28205 0.169149 0.0614887 -8.84856e-05 
0.346282 0.22907 -0.283785 0.148686 0.0648256 -0.000114872 
0.367284 0.22907 -0.28552 0.12824 0.067733 -0.000153855 
0.388994 0.22907 -0.287493 0.107135 0.0702879 -0.000176384 
0.410703 0.22907 -0.289127 0.0858599 0.072383 -0.000204143 
0.432902 0.22907 -0.290705 0.0639481 0.0740461 -0.000219978 
0.455101 0.22907 -0.291887 0.0418296 0.0752205 -0.000235559 
0.477551 0.22907 -0.292992 0.0192869 0.0759069 -0.000243473 
0.5 0.22907 -0.293751 -0.00348387 0.0760847 -0.000246199 
0.522449 0.22907 -0.294505 -0.0264379 0.0757494 -0.000246321 
0.544899 0.22907 -0.29497 -0.0496231 0.0748961 -0.000236166 
0.567098 0.22907 -0.295514 -0.0727151 0.0735386 -0.000229696 
0.589297 0.22907 -0.295783 -0.0959758 0.0716667 -0.000207191 
0.611006 0.22907 -0.296162 -0.118786 0.0693358 -0.000195983 
0.632716 0.22907 -0.296204 -0.14161 0.0665096 -0.000161901 
0.653718 0.22907 -0.296395 -0.163562 0.0633055 -0.000147783 
0.67472 0.22907 -0.296325 -0.18541 0.0596418 -0.000101914 
0.694826 0.22907 -0.297126 -0.20639 0.0557056 -8.65258e-05 
0.714932 0.22907 -0.298674 -0.227777 0.0513438 -2.43588e-05 
0.733987 0.22907 -0.303149 -0.250069 0.0467969 -1.20072e-05 
0.753042 0.22907 -0.309844 -0.274158 0.0418077 7.51009e-05 
0.77093 0.22907 -0.318919 -0.30054 0.0366679 7.62241e-05 
0.788819 0.22907 -0.326675 -0.32661 0.0310576 0.000179353 
0.805462 0.22907 -0.326583 -0.345095 0.0254466 0.000177429 
0.822106 0.22907 -0.314695 -0.351884 0.019624 0.000243899 
0.837463 0.22907 -0.284541 -0.334601 0.0143185 0.000284493 
0.85282 0.22907 -0.240246 -0.296415 0.00943966 0.000258845 
0.866881 0.22907 -0.18698 -0.241765 0.00563969 0.00036236 
0.880943 0.22907 -0.132527 -0.175546 0.00269136 0.000277142 
0.893728 0.22907 -0.0876727 -0.117334 0.000828762 0.000382467 
0.906513 0.22907 -0.0507352 -0.065728 -0.000331071 0.000323355 
0.918063 0.22907 -0.0284519 -0.0293644 -0.00086659 0.000374648 
0.929613 0.22907 -0.0130834 -0.00421742 -0.00104712 0.000362808 
0.939988 0.22907 -0.00554127 0.0102675 -0.00100907 0.000371261 
0.950362 0.22907 -0.00115775 0.0187561 -0.000852252 0.000377955 
0.959633 0.22907 0.0005273 0.0222734 -0.000658947 0.000370482 
0.968903 0.22907 0.00112245 0.0225398 -0.0004483 0.000380966 
0.977148 0.22907 0.000977109 0.0201432 -0.000270359 0.000369703 
0.985394 0.22907 0.000575262 0.0152493 -0.000122535 0.000381388 
0.992697 0.22907 0.000181696 0.00874676 -3.34032e-05 0.000369412 
1 0.22907 0 0 0 0.000382125 

0 0.246958 0 0 0 0.000543392 
0.00730325 0.246958 -0.00167213 0.00244929 7.88153e-06 0.000502006 
0.0146065 0.246958 -0.00611301 0.00800568 4.5179e-05 0.000537911 
0.0228517 0.246958 -0.0132268 0.0184639 0.000152657 0.000500756 
0.031097 0.246958 -0.0221609 0.0329873 0.000362977 0.000528804 
0.0403673 0.246958 -0.0336555 0.0529836 0.000760747 0.000496319 
0.0496377 0.246958 -0.0466598 0.0752115 0.00135401 0.000518871 
0.0600123 0.246958 -0.0628537 0.102085 0.00227338 0.000485837 
0.0703869 0.246958 -0.0806206 0.130009 0.00347658 0.000507238 
0.0819372 0.246958 -0.10217 0.161904 0.00516227 0.000467317 
0.0934875 0.246958 -0.124861 0.193609 0.00721455 0.000486662 
0.106272 0.246958 -0.150305 0.226735 0.00990372 0.000438511 
0.119057 0.246958 -0.175055 0.256174 0.012992 0.000444958 
0.133119 0.246958 -0.199233 0.281646 0.016779 0.000394418 
0.14718 0.246958 -0.220133 0.299366 0.0208694 0.000372902 
0.162537 0.246958 -0.236965 0.308603 0.025545 0.000327489 
0.177894 0.246958 -0.249196 0.309186 0.0302968 0.000273422 
0.194538 0.246958 -0.256496 0.301373 0.0353833 0.000236502 
0.211181 0.246958 -0.260204 0.287963 0.0402947 0.000162091 
0.22907 0.246958 -0.261234 0.269962 0.0452875 0.000130359 
0.246958 0.246958 -0.261032 0.250494 0.0499465 5.48176e-05 
0.266013 0.246958 -0.26106 0.23008 0.0545268 2.25508e-05 
0.285068 0.246958 -0.261395 0.210157 0.058723 -4.19553e-05 
0.305174 0.246958 -0.262859 0.190212 0.0627499 -7.52742e-05 
0.32528 0.246958 -0.264561 0.170546 0.066378 -0.000126861 
0.346282 0.246958 -0.266784 0.150274 0.0697487 -0.000157576 
0.367284 0.246958 -0.268769 0.129859 0.0726916 -0.000197795 
0.388994 0.246958 -0.270782 0.108609 0.0752813 -0.00022285 
0.410703 0.246958 -0.272409 0.08715 0.077407 -0.000251837 
0.432902 0.246958 -0.273962 0.065048 0.0790971 -0.000269563 
0.455101 0.246958 -0.275167 0.0427504 0.0802942 -0.000286439 
0.477551 0.246958 -0.276335 0.0200614 0.0809998 -0.000296062 
0.5 0.246958 -0.277211 -0.00282903 0.0811936 -0.000300178 
0.522449 0.246958 -0.278113 -0.0258775 0.0808718 -0.000301866 
0.544899 0.246958 -0.278766 -0.0491239 0.0800302 -0.000293208 
0.567098 0.246958 -0.279523 -0.0722743 0.0786829 -0.000288082 
0.589297 0.246958 -0.280059 -0.0955701 0.0768201 -0.000267137 
0.611006 0.246958 -0.280745 -0.118459 0.0744968 -0.000256858 
0.632716 0.246958 -0.281176 -0.141355 0.0716764 -0.00022433 
0.653718 0.246958 -0.281695 -0.163409 0.0684755 -0.000210543 
0.67472 0.246958 -0.281819 -0.185241 0.0648132 -0.000167393 
0.694826 0.246958 -0.282033 -0.205778 0.0608806 -0.000152293 
0.714932 0.246958 -0.281987 -0.226145 0.0565353 -9.93864e-05 
0.733987 0.246958 -0.283298 -0.246091 0.0520341 -8.87373e-05 
0.753042 0.246958 -0.285972 -0.267357 0.0471386 -2.11086e-05 
0.77093 0.246958 -0.2926 -0.291462 0.0421396 -2.2728e-05 
0.788819 0.246958 -0.301549 -0.31816 0.036689 7.6121e-05 
0.805462 0.246958 -0.310154 -0.344769 0.031167 7.49592e-05 
0.822106 0.246958 -0.312967 -0.3663 0.0252519 0.000197711 
0.837463 0.246958 -0.30077 -0.369651 0.0195866 0.000238143 
0.85282 0.246958 -0.272624 -0.352637 0.0140287 0.000298666 
0.866881 0.246958 -0.227506 -0.309803 0.00935889 0.000399165 
0.880943 0.246958 -0.173973 -0.246505 0.00542948 0.000340422 
0.893728 0.246958 -0.122199 -0.180833 0.00269839 0.000456039 
0.906513 0.246958 -0.0762069 -0.114539 0.000806155 0.000364042 
0.918063 0.246958 -0.0454752 -0.0636352 -0.000215322 0.000426083 
0.929613 0.246958 -0.0228772 -0.0256398 -0.000723717 0.000381964 
0.939988 0.246958 -0.0111875 -0.00212826 -0.000864416 0.000392077 
0.950362 0.246958 -0.00401788 0.0124842 -0.000806249 0.000387375 
0.959633 0.246958 -0.000970413 0.0194599 -0.00065687 0.000377949 
0.968903 0.246958 0.000467956 0.0219503 -0.000462963 0.000386789 
0.977148 0.246958 0.000700727 0.0206897 -0.000285979 0.000374249 
0.985394 0.246958 0.000481207 0.0162668 -0.000132191 0.000386749 
0.992697 0.246958 0.000162733 0.00959896 -3.64752e-05 0.000373768 
1 0.246958 0 0 0 0.000386545 

0 0.266013 0 0 0 0.000589985 
0.00730325 0.266013 -0.00219779 0.0122914 4.49304e-05 0.000530286 
0.0146065 0.266013 -0.00782038 0.0241212 0.000177892 0.000581208 
0.0228517 0.266013 -0.0163379 0.0391338 0.000436485 0.000532679 
0.031097 0.266013 -0.0267611 0.0569662 0.000830555 0.000570677 
0.0403673 0.266013 -0.0396668 0.0798204 0.00146295 0.000531865 
0.0496377 0.266013 -0.0539569 0.104714 0.00231676 0.000559763 
0.0600123 0.266013 -0.0712159 0.134268 0.00355604 0.000521687 
0.0703869 0.266013 -0.0896817 0.164541 0.00510584 0.000543165 
0.0819372 0.266013 -0.11118 0.198147 0.00720253 0.000497456 
0.0934875 0.266013 -0.133049 0.230342 0.00967945 0.000507539 
0.106272 0.266013 -0.1563 0.262117 0.0128348 0.000452073 
0.119057 0.266013 -0.177975 0.288407 0.0163616 0.000437811 
0.133119 0.266013 -0.19782 0.308807 0.0205727 0.000378894 
0.14718 0.266013 -0.214066 0.320495 0.0250093 0.000331486 
0.162537 0.266013 -0.226047 0.323303 0.0299648 0.000279321 
0.177894 0.266013 -0.23402 0.318094 0.0349014 0.000206013 
0.194538 0.266013 -0.238119 0.305774 0.0400993 0.000165957 
0.211181 0.266013 -0.239778 0.289452 0.0450584 8.60807e-05 
0.22907 0.266013 -0.240203 0.270229 0.0500642 5.39432e-05 
0.246958 0.266013 -0.240238 0.250699 0.0547231 -1.64507e-05 
0.266013 0.266013 -0.241125 0.230887 0.0593095 -4.80266e-05 
0.285068 0.266013 -0.242377 0.211684 0.0635241 -0.000105496 
0.305174 0.266013 -0.244508 0.192153 0.0675831 -0.000138032 
0.32528 0.266013 -0.246617 0.172667 0.07125 -0.00018545 
0.346282 0.266013 -0.248928 0.152283 0.0746624 -0.000215471 
0.367284 0.266013 -0.250896 0.131673 0.0776444 -0.00025358 
0.388994 0.266013 -0.252814 0.110197 0.0802702 -0.000277883 
0.410703 0.266013 -0.254385 0.088522 0.0824275 -0.00030539 
0.432902 0.266013 -0.255919 0.0662438 0.0841456 -0.000322387 
0.455101 0.266013 -0.257166 0.0437902 0.0853672 -0.000338131 
0.477551 0.266013 -0.258414 0.0209711 0.0860945 -0.000347168 
0.5 0.266013 -0.259411 -0.00202471 0.0863076 -0.000350555 
0.522449 0.266013 -0.260454 -0.0251582 0.0860029 -0.000351702 
0.544899 0.266013 -0.261281 -0.0484576 0.085177 -0.000342599 
0.567098 0.266013 -0.262223 -0.0716412 0.0838444 -0.000336665 
0.589297 0.266013 -0.262983 -0.0949441 0.0819958 -0.000315303 
0.611006 0.266013 -0.263913 -0.117851 0.0796863 -0.000303663 
0.632716 0.266013 -0.264645 -0.140776 0.0768793 -0.000270586 
0.653718 0.266013 -0.265486 -0.162983 0.0736896 -0.000254858 
0.67472 0.266013 -0.265961 -0.185024 0.0700354 -0.000211037 
0.694826 0.266013 -0.266316 -0.205893 0.0661055 -0.000192578 
0.714932 0.266013 -0.266112 -0.226395 0.0617601 -0.000138819 
0.733987 0.266013 -0.266175 -0.245552 0.0572656 -0.000118741 
0.753042 0.266013 -0.266538 -0.265 0.0524037 -5.10722e-05 
0.77093 0.266013 -0.269626 -0.285409 0.0474877 -3.48516e-05 
0.788819 0.266013 -0.275059 -0.308564 0.0421818 5.92958e-05 
0.805462 0.266013 -0.283795 -0.335365 0.0368257 5.90659e-05 
0.822106 0.266013 -0.291887 -0.363022 0.0310151 0.000175033 
0.837463 0.266013 -0.292991 -0.382577 0.0252676 0.000166711 
0.85282 0.266013 -0.282663 -0.388158 0.0193257 0.000244625 
0.866881 0.266013 -0.254325 -0.366553 0.0139825 0.000283173 
0.880943 0.266013 -0.212595 -0.31953 0.00912251 0.000258143 
0.893728 0.266013 -0.162731 -0.256439 0.00542514 0.000364335 
0.906513 0.266013 -0.112526 -0.18127 0.00261344 0.000276765 
0.918063 0.266013 -0.0726716 -0.116684 0.000904666 0.000377477 
0.929613 0.266013 -0.0404014 -0.0623104 -0.000116365 0.000323451 
0.939988 0.266013 -0.0218182 -0.0251677 -0.000557005 0.000365386 
0.950362 0.266013 -0.00947036 -0.00057271 -0.00067757 0.00036022 
0.959633 0.266013 -0.00372162 0.0125926 -0.000615432 0.000361992 
0.968903 0.266013 -0.000619139 0.0191571 -0.000462147 0.000373176 
0.977148 0.266013 0.000308925 0.0200907 -0.000296777 0.00036098 
0.985394 0.266013 0.000436397 0.0168081 -0.000141231 0.000376348 
0.992697 0.266013 0.000165967 0.0102369 -3.98715e-05 0.00036055 
1 0.266013 0 0 0 0.000377863 

0 0.285068 0 0 0 0.000558151 
0.00730325 0.285068 -0.00246415 0.0237186 8.97937e-05 0.00049061 
0.0146065 0.285068 -0.00882288 0.0427469 0.000335694 0.000549435 
0.0228517 0.285068 -0.0183352 0.0624851 0.000768999 0.000491972 
0.031097 0.285068 -0.0297711 0.0834398 0.00136991 0.000534123 
0.0403673 0.285068 -0.0435683 0.1088 0.00225957 0.00048919 
0.0496377 0.285068 -0.0585864 0.135979 0.0033925 0.000518452 
0.0600123 0.285068 -0.0762917 0.167625 0.00496668 0.000476371 
0.0703869 0.285068 -0.0948409 0.199425 0.0068696 0.000496867 
0.0819372 0.285068 -0.11566 0.233558 0.00937138 0.000450591 
0.0934875 0.285068 -0.13617 0.264899 0.0122508 0.000456713 
0.106272 0.285068 -0.156859 0.293971 0.0158286 0.000406743 
0.119057 0.285068 -0.175316 0.316025 0.019733 0.000386957 
0.133119 0.285068 -0.191073 0.330795 0.0242887 0.000338896 
0.14718 0.285068 -0.203199 0.336445 0.0289885 0.000287542 
0.162537 0.285068 -0.211266 0.333433 0.0341395 0.000246241 
0.177894 0.285068 -0.216072 0.323469 0.0391921 0.000172445 
0.194538 0.285068 -0.21818 0.307902 0.04445 0.00013694 
0.211181 0.285068 -0.21887 0.289921 0.0494299 5.89041e-05 
0.22907 0.285068 -0.219463 0.270385 0.0544428 2.34814e-05 
0.246958 0.285068 -0.220172 0.251335 0.0591108 -4.54886e-05 
0.266013 0.285068 -0.221923 0.232201 0.0637193 -8.31614e-05 
0.285068 0.285068 -0.223885 0.21356 0.0679674 -0.000140654 
0.305174 0.285068 -0.226361 0.19422 0.0720687 -0.000177394 
0.32528 0.285068 -0.2286 0.174714 0.0757789 -0.000225481 
0.346282 0.285068 -0.230846 0.15415 0.0792338 -0.000257829 
0.367284 0.285068 -0.232742 0.133333 0.0822538 -0.000296747 
0.388994 0.285068 -0.234602 0.111677 0.0849144 -0.000322837 
0.410703 0.285068 -0.236183 0.089845 0.0871027 -0.000351261 
0.432902 0.285068 -0.237769 0.0674417 0.0888493 -0.000369868 
0.455101 0.285068 -0.239115 0.0448811 0.0900967 -0.000386621 
0.477551 0.285068 -0.240475 0.0219657 0.0908476 -0.000397017 
0.5 0.285068 -0.241609 -0.0011057 0.0910822 -0.000401509 
0.522449 0.285068 -0.242783 -0.0243009 0.0907974 -0.000403744 
0.544899 0.285068 -0.243754 -0.047635 0.0899901 -0.000395935 
0.567098 0.285068 -0.244812 -0.0708354 0.0886752 -0.00039086 
0.589297 0.285068 -0.245688 -0.0941318 0.086844 -0.000371139 
0.611006 0.285068 -0.246699 -0.117032 0.0845515 -0.000360152 
0.632716 0.285068 -0.247528 -0.139957 0.0817615 -0.0003291 
0.653718 0.285068 -0.248504 -0.162229 0.0785876 -0.000313703 
0.67472 0.285068 -0.24925 -0.184406 0.0749469 -0.000271852 
0.694826 0.285068 -0.250015 -0.205566 0.0710255 -0.000253156 
0.714932 0.285068 -0.250322 -0.226367 0.066682 -0.000201467 
0.733987 0.285068 -0.250351 -0.245579 0.0621837 -0.00018069 
0.753042 0.285068 -0.249768 -0.264381 0.0573219 -0.000121137 
0.77093 0.285068 -0.24999 -0.282456 0.0524301 -0.000104031 
0.788819 0.285068 -0.251328 -0.302187 0.0471985 -3.16354e-05 
0.805462 0.285068 -0.256969 -0.325495 0.0419764 -3.04654e-05 
0.822106 0.285068 -0.265374 -0.352884 0.0363345 7.65978e-05 
0.837463 0.285068 -0.274324 -0.380769 0.0306951 7.0351e-05 
0.85282 0.285068 -0.27773 -0.403194 0.024676 0.000203675 
0.866881 0.285068 -0.266389 -0.404765 0.0189766 0.000237195 
0.880943 0.285068 -0.239647 -0.381454 0.0134325 0.000297276 
0.893728 0.285068 -0.196915 -0.330852 0.00886462 0.000396231 
0.906513 0.285068 -0.147262 -0.256828 0.0050885 0.000331685 
0.918063 0.285068 -0.100731 -0.183135 0.00255154 0.000445208 
0.929613 0.285068 -0.0601659 -0.111929 0.000847511 0.000358781 
0.939988 0.285068 -0.0346308 -0.0584208 -2.64816e-05 0.000412746 
0.950362 0.285068 -0.0165966 -0.020461 -0.000426292 0.000380738 
0.959633 0.285068 -0.00771242 0.00161667 -0.000509687 0.00038357 
0.968903 0.285068 -0.00252717 0.0142012 -0.000431682 0.0003858 
0.977148 0.285068 -0.000595698 0.0184429 -0.000295075 0.000371849 
0.985394 0.285068 0.000110097 0.0170272 -0.000146418 0.00038541 
0.992697 0.285068 9.19361e-05 0.0109578 -4.22735e-05 0.000368647 
1 0.285068 0 0 0 0.000384812 

0 0.305174 0 0 0 0.000592398 
0.00730325 0.305174 -0.002728 0.0372882 0.000142562 0.000512951 
0.0146065 0.305174 -0.00960985 0.0643892 0.00052029 0.000579872 
0.0228517 0.305174 -0.0196338 0.089042 0.00115367 0.00051634 
0.031097 0.305174 -0.0315594 0.112941 0.00198727 0.000563141 
0.0403673 0.305174 -0.0456243 0.140331 0.00316059 0.00051374 
0.0496377 0.305174 -0.0606801 0.169233 0.00459493 0.00054267 
0.0600123 0.305174 -0.0779354 0.202144 0.00652278 0.000495726 
0.0703869 0.305174 -0.0955986 0.234402 0.0087888 0.000509395 
0.0819372 0.305174 -0.114678 0.267725 0.011694 0.000457083 
0.0934875 0.305174 -0.132918 0.296832 0.0149597 0.000448382 
0.106272 0.305174 -0.150466 0.321968 0.0189257 0.000391359 
0.119057 0.305174 -0.165551 0.338975 0.0231609 0.000352133 
0.133119 0.305174 -0.177697 0.347915 0.0280021 0.000297557 
0.14718 0.305174 -0.186591 0.347967 0.0329062 0.000230541 
0.162537 0.305174 -0.192109 0.340133 0.0381975 0.000184999 
0.177894 0.305174 -0.195204 0.326777 0.0433257 0.000106004 
0.194538 0.305174 -0.196708 0.309339 0.0486204 6.84128e-05 
0.211181 0.305174 -0.197485 0.290866 0.053616 -5.46488e-06 
0.22907 0.305174 -0.198735 0.271661 0.0586453 -4.17486e-05 
0.246958 0.305174 -0.200193 0.253263 0.0633382 -0.000104211 
0.266013 0.305174 -0.202492 0.234582 0.0679852 -0.000142072 
0.285068 0.305174 -0.20479 0.216127 0.0722785 -0.000195568 
0.305174 0.305174 -0.207304 0.196672 0.0764284 -0.000232119 
0.32528 0.305174 -0.209505 0.176941 0.0801845 -0.000278197 
0.346282 0.305174 -0.211663 0.156142 0.0836824 -0.000310063 
0.367284 0.305174 -0.213525 0.135123 0.0867413 -0.000347377 
0.388994 0.305174 -0.215393 0.113314 0.0894381 -0.000372851 
0.410703 0.305174 -0.217033 0.0913546 0.09166 -0.000399889 
0.432902 0.305174 -0.218697 0.0688313 0.0934381 -0.000417936 
0.455101 0.305174 -0.220147 0.0461637 0.0947148 -0.000433752 
0.477551 0.305174 -0.221612 0.0231415 0.095493 -0.000443693 
0.5 0.305174 -0.22287 -1.87062e-05 0.0957528 -0.000447707 
0.522449 0.305174 -0.224158 -0.0232934 0.0954915 -0.000449466 
0.544899 0.305174 -0.225257 -0.0466857 0.0947064 -0.000441493 
0.567098 0.305174 -0.226421 -0.069932 0.0934124 -0.000435654 
0.589297 0.305174 -0.227413 -0.0932561 0.0916015 -0.000415883 
0.611006 0.305174 -0.228512 -0.116171 0.0893286 -0.000403525 
0.632716 0.305174 -0.229447 -0.139106 0.086558 -0.000372389 
0.653718 0.305174 -0.230518 -0.161384 0.083403 -0.000354904 
0.67472 0.305174 -0.231402 -0.183606 0.0797806 -0.000313017 
0.694826 0.305174 -0.232355 -0.204934 0.0758749 -0.000291997 
0.714932 0.305174 -0.232953 -0.22605 0.0715425 -0.000240519 
0.733987 0.305174 -0.233311 -0.24585 0.0670463 -0.000217299 
0.753042 0.305174 -0.233009 -0.265127 0.0621779 -0.000158062 
0.77093 0.305174 -0.23262 -0.282756 0.0572792 -0.000133451 
0.788819 0.305174 -0.232304 -0.300612 0.0520633 -6.33733e-05 
0.805462 0.305174 -0.234511 -0.319681 0.0469094 -4.3949e-05 
0.822106 0.305174 -0.239024 -0.342635 0.0414055 5.30191e-05 
0.837463 0.305174 -0.247174 -0.370268 0.0359353 5.09657e-05 
0.85282 0.305174 -0.254739 -0.399692 0.0300256 0.00017388 
0.866881 0.305174 -0.25561 -0.419165 0.0242443 0.00016155 
0.880943 0.305174 -0.245348 -0.421278 0.0183098 0.000243825 
0.893728 0.305174 -0.217962 -0.393054 0.0130657 0.000284201 
0.906513 0.305174 -0.178755 -0.334672 0.00837595 0.000255627 
0.918063 0.305174 -0.133321 -0.262233 0.00491609 0.000362953 
0.929613 0.305174 -0.0887669 -0.178962 0.0023571 0.000275895 
0.939988 0.305174 -0.0553947 -0.109417 0.000875343 0.000365326 
0.950362 0.305174 -0.0291682 -0.0543985 4.03429e-05 0.000321361 
0.959633 0.305174 -0.0148806 -0.0187466 -0.000286638 0.000350734 
0.968903 0.305174 -0.0058919 0.00344031 -0.000345642 0.000352893 
0.977148 0.305174 -0.00209921 0.0134107 -0.000269677 0.000347014 
0.985394 0.305174 -0.000320575 0.0154979 -0.000144167 0.000362965 
0.992697 0.305174 -1.11038e-06 0.010815 -4.36989e-05 0.00034607 
1 0.305174 0 0 0 0.000365945 

0 0.32528 0 0 0 0.00053732 
0.00730325 0.32528 -0.00266977 0.0514501 0.000197247 0.000462309 
0.0146065 0.32528 -0.00951971 0.086897 0.000711663 0.000528234 
0.0228517 0.32528 -0.0196407 0.116453 0.00155137 0.000463809 
0.031097 0.32528 -0.0315962 0.143039 0.00262249 0.000510229 
0.0403673 0.32528 -0.0454873 0.171971 0.00408084 0.000460374 
0.0496377 0.32528 -0.0601443 0.202016 0.00581243 0.000488432 
0.0600123 0.32528 -0.0765544 0.235407 0.00808153 0.000442965 
0.0703869 0.32528 -0.0930001 0.267226 0.0106887 0.000454494 
0.0819372 0.32528 -0.110139 0.298787 0.0139611 0.000406841 
0.0934875 0.32528 -0.12604 0.324852 0.0175663 0.000394934 
0.106272 0.32528 -0.140626 0.345568 0.0218597 0.000346 
0.119057 0.32528 -0.152685 0.357457 0.0263618 0.000304569 
0.133119 0.32528 -0.161831 0.360975 0.0314215 0.000258702 
0.14718 0.32528 -0.168198 0.356228 0.0364734 0.000192438 
0.162537 0.32528 -0.171963 0.344604 0.0418603 0.000151643 
0.177894 0.32528 -0.174061 0.328946 0.0470385 7.5906e-05 
0.194538 0.32528 -0.175484 0.310507 0.0523615 3.67847e-05 
0.211181 0.32528 -0.176652 0.292095 0.0573782 -3.3917e-05 
0.22907 0.32528 -0.178563 0.273375 0.0624367 -7.5087e-05 
0.246958 0.32528 -0.180626 0.255505 0.0671677 -0.000136208 
0.266013 0.32528 -0.183239 0.23706 0.0718624 -0.000177927 
0.285068 0.32528 -0.185671 0.218585 0.0762049 -0.000231361 
0.305174 0.32528 -0.188122 0.198936 0.0804038 -0.000270045 
0.32528 0.32528 -0.190256 0.178982 0.0842045 -0.000316438 
0.346282 0.32528 -0.192365 0.157999 0.0877443 -0.000349975 
0.367284 0.32528 -0.194239 0.136843 0.0908415 -0.000387787 
0.388994 0.32528 -0.19615 0.114925 0.0935754 -0.000414825 
0.410703 0.32528 -0.197863 0.0928755 0.0958318 -0.000442515 
0.432902 0.32528 -0.199599 0.0702568 0.0976433 -0.000461838 
0.455101 0.32528 -0.201138 0.0475047 0.0989509 -0.000478398 
0.477551 0.32528 -0.202691 0.0243972 0.0997585 -0.00048928 
0.5 0.32528 -0.204057 0.00116726 0.100046 -0.000494125 
0.522449 0.32528 -0.205452 -0.0221691 0.0998104 -0.000496528 
0.544899 0.32528 -0.206678 -0.0456057 0.0990498 -0.000489542 
0.567098 0.32528 -0.207958 -0.0688849 0.0977791 -0.000484095 
0.589297 0.32528 -0.209081 -0.0922273 0.0959908 -0.000465623 
0.611006 0.32528 -0.210279 -0.11515 0.0937396 -0.000453471 
0.632716 0.32528 -0.211316 -0.138087 0.0909904 -0.000424171 
0.653718 0.32528 -0.21243 -0.160367 0.0878557 -0.000406749 
0.67472 0.32528 -0.21335 -0.182616 0.0842534 -0.000367352 
0.694826 0.32528 -0.214341 -0.204017 0.0803657 -0.000346147 
0.714932 0.32528 -0.215095 -0.225316 0.0760488 -0.000297256 
0.733987 0.32528 -0.215819 -0.245483 0.0715618 -0.000273447 
0.753042 0.32528 -0.216093 -0.265247 0.0666942 -0.000216209 
0.77093 0.32528 -0.215918 -0.283253 0.0617862 -0.00019057 
0.788819 0.32528 -0.215014 -0.300682 0.0565605 -0.000127878 
0.805462 0.32528 -0.214645 -0.317421 0.0514173 -0.000105706 
0.822106 0.32528 -0.215359 -0.33639 0.0459756 -3.15365e-05 
0.837463 0.32528 -0.220516 -0.359827 0.0406334 -2.80476e-05 
0.85282 0.32528 -0.228378 -0.388854 0.0348898 8.43152e-05 
0.866881 0.32528 -0.236644 -0.417629 0.0292118 7.52555e-05 
0.880943 0.32528 -0.238938 -0.43926 0.0231849 0.000210688 
0.893728 0.32528 -0.226626 -0.436027 0.0175654 0.000241638 
0.906513 0.32528 -0.200105 -0.402228 0.0121848 0.000289904 
0.918063 0.32528 -0.159887 -0.341278 0.00787566 0.000389209 
0.929613 0.32528 -0.11506 -0.255524 0.00440982 0.000318222 
0.939988 0.32528 -0.0755219 -0.174305 0.00218821 0.000424281 
0.950362 0.32528 -0.0421116 -0.100942 0.000765685 0.000349905 
0.959633 0.32528 -0.0226239 -0.0480697 8.59965e-05 0.000391697 
0.968903 0.32528 -0.00973447 -0.0127506 -0.000185085 0.000374233 
0.977148 0.32528 -0.00395515 0.00535939 -0.00021044 0.000368704 
0.985394 0.32528 -0.000949957 0.0127089 -0.000130483 0.000378099 
0.992697 0.32528 -0.00013771 0.0104713 -4.22338e-05 0.000360318 
1 0.32528 0 0 0 0.000377917 

0 0.346282 0 0 0 0.000541805 
0.00730325 0.346282 -0.00252422 0.0653855 0.000252393 0.00046887 
0.0146065 0.346282 -0.00894565 0.109427 0.000904478 0.000531064 
0.0228517 0.346282 -0.0184915 0.14407 0.0019542 0.000469461 
0.031097 0.346282 -0.0297899 0.17314 0.00326658 0.000513286 
0.0403673 0.346282 -0.0427975 0.203161 0.0050113 0.000463179 
0.0496377 0.346282 -0.0563608 0.23375 0.00703698 0.000485629 
0.0600123 0.346282 -0.0712108 0.266868 0.00963716 0.000437738 
0.0703869 0.346282 -0.0858272 0.297449 0.0125678 0.000439326 
0.0819372 0.346282 -0.100621 0.326493 0.0161787 0.00038766 
0.0934875 0.346282 -0.11405 0.348989 0.0200871 0.000362678 
0.106272 0.346282 -0.125961 0.365123 0.0246629 0.000309038 
0.119057 0.346282 -0.135569 0.372178 0.0293867 0.000256146 
0.133119 0.346282 -0.142644 0.370983 0.0346209 0.000206311 
0.14718 0.346282 -0.1475 0.362469 0.0397865 0.000135419 
0.162537 0.346282 -0.15052 0.348181 0.0452465 9.20169e-05 
0.177894 0.346282 -0.152426 0.33125 0.0504666 1.91277e-05 
0.194538 0.346282 -0.154189 0.312497 0.0558222 -2.1548e-05 
0.211181 0.346282 -0.155868 0.294427 0.0608712 -8.65124e-05 
0.22907 0.346282 -0.158229 0.276109 0.0659726 -0.000128414 
0.246958 0.346282 -0.160613 0.258469 0.0707524 -0.000185474 
0.266013 0.346282 -0.163289 0.239969 0.0755013 -0.000227319 
0.285068 0.346282 -0.165708 0.22127 0.0798958 -0.000278671 
0.305174 0.346282 -0.168084 0.201358 0.0841446 -0.000317112 
0.32528 0.346282 -0.170182 0.181186 0.0879904 -0.000361876 
0.346282 0.346282 -0.172286 0.16004 0.0915737 -0.000394987 
0.367284 0.346282 -0.174191 0.138766 0.0947115 -0.000431312 
0.388994 0.346282 -0.176137 0.116734 0.097485 -0.000457895 
0.410703 0.346282 -0.177901 0.0945803 0.0997788 -0.000484516 
0.432902 0.346282 -0.179684 0.0718525 0.101626 -0.000503434 
0.455101 0.346282 -0.181291 0.0490051 0.102968 -0.000519374 
0.477551 0.346282 -0.182917 0.0258092 0.103808 -0.000529894 
0.5 0.346282 -0.184383 0.0025065 0.104126 -0.000534488 
0.522449 0.346282 -0.185882 -0.0208929 0.10392 -0.000536491 
0.544899 0.346282 -0.187236 -0.0443793 0.103188 -0.000529532 
0.567098 0.346282 -0.188635 -0.0677021 0.101944 -0.000523479 
0.589297 0.346282 -0.189894 -0.0910815 0.100182 -0.000505203 
0.611006 0.346282 -0.191203 -0.114042 0.0979556 -0.000492026 
0.632716 0.346282 -0.19236 -0.137021 0.0952308 -0.000463011 
0.653718 0.346282 -0.193563 -0.159349 0.092119 -0.000443966 
0.67472 0.346282 -0.194591 -0.181661 0.0885386 -0.00040498 
0.694826 0.346282 -0.19566 -0.203118 0.084671 -0.000381562 
0.714932 0.346282 -0.196516 -0.224522 0.0803725 -0.000333455 
0.733987 0.346282 -0.197359 -0.244892 0.0759005 -0.000307384 
0.753042 0.346282 -0.197838 -0.265067 0.0710422 -0.000251463 
0.77093 0.346282 -0.198007 -0.283792 0.0661328 -0.000224066 
0.788819 0.346282 -0.197519 -0.301868 0.0608945 -0.000162735 
0.805462 0.346282 -0.196852 -0.318195 0.0557361 -0.000134473 
0.822106 0.346282 -0.196314 -0.334915 0.0503029 -6.47212e-05 
0.837463 0.346282 -0.1983 -0.353692 0.0450247 -4.36774e-05 
0.85282 0.346282 -0.202498 -0.37793 0.039416 5.36031e-05 
0.866881 0.346282 -0.209987 -0.407226 0.0338991 4.91249e-05 
0.880943 0.346282 -0.216187 -0.4382 0.0279573 0.00017275 
0.893728 0.346282 -0.21505 -0.454968 0.02222 0.0001618 
0.906513 0.346282 -0.202968 -0.448685 0.0164145 0.000236855 
0.918063 0.346282 -0.175357 -0.409319 0.0114213 0.000286427 
0.929613 0.346282 -0.138474 -0.335521 0.00708227 0.000246369 
0.939988 0.346282 -0.0986453 -0.252318 0.00402635 0.000352878 
0.950362 0.346282 -0.0612923 -0.163211 0.00186553 0.000269578 
0.959633 0.346282 -0.0358276 -0.0920284 0.000698349 0.000340882 
0.968903 0.346282 -0.0169601 -0.0400453 0.000102478 0.000311068 
0.977148 0.346282 -0.0074855 -0.00973663 -9.1633e-05 0.000326856 
0.985394 0.346282 -0.00213007 0.00596833 -9.61063e-05 0.000334056 
0.992697 0.346282 -0.000423713 0.00823915 -3.70726e-05 0.000322581 
1 0.346282 0 0 0 0.000339956 

0 0.367284 0 0 0 0.000469809 
0.00730325 0.367284 -0.00213249 0.0783952 0.000301341 0.00041277 
0.0146065 0.367284 -0.00771686 0.13052 0.00107906 0.000464557 
0.0228517 0.367284 -0.0164231 0.170188 0.0023231 0.00041076 
0.031097 0.367284 -0.0267868 0.201596 0.00386026 0.000449314 
0.0403673 0.367284 -0.038688 0.232335 0.00587028 0.000404144 
0.0496377 0.367284 -0.0509568 0.262989 0.00816489 0.000423503 
0.0600123 0.367284 -0.0641247 0.29529 0.0110623 0.000381334 
0.0703869 0.367284 -0.0768541 0.324161 0.0142772 0.00038053 
0.0819372 0.367284 -0.0893882 0.350379 0.0181784 0.000335931 
0.0934875 0.367284 -0.100515 0.369251 0.0223403 0.000309895 
0.106272 0.367284 -0.110078 0.38107 0.0271455 0.000263663 
0.119057 0.367284 -0.117622 0.383852 0.0320445 0.000212235 
0.133119 0.367284 -0.12308 0.378721 0.0374133 0.00016754 
0.14718 0.367284 -0.126841 0.367316 0.0426665 0.000100588 
0.162537 0.367284 -0.129438 0.351148 0.0481862 5.78906e-05 
0.177894 0.367284 -0.131349 0.333521 0.0534468 -1.05675e-05 
0.194538 0.367284 -0.133463 0.314736 0.0588416 -5.40434e-05 
0.211181 0.367284 -0.135562 0.297002 0.0639325 -0.000116189 
0.22907 0.367284 -0.138199 0.278945 0.0690847 -0.000161131 
0.246958 0.367284 -0.140736 0.261344 0.0739178 -0.000217127 
0.266013 0.367284 -0.14337 0.242685 0.0787216 -0.000260765 
0.285068 0.367284 -0.145723 0.22374 0.083167 -0.000311811 
0.305174 0.367284 -0.148023 0.203599 0.0874642 -0.000351594 
0.32528 0.367284 -0.150094 0.183268 0.0913546 -0.000396351 
0.346282 0.367284 -0.152196 0.162 0.0949812 -0.000430816 
0.367284 0.367284 -0.154125 0.140635 0.0981601 -0.000467393 
0.388994 0.367284 -0.156087 0.118508 0.100974 -0.000495127 
0.410703 0.367284 -0.157882 0.0962701 0.103306 -0.000522174 
0.432902 0.367284 -0.159697 0.0734582 0.10519 -0.000541951 
0.455101 0.367284 -0.161362 0.0505414 0.106567 -0.000558419 
0.477551 0.367284 -0.163053 0.0272843 0.107441 -0.000569535 
0.5 0.367284 -0.164612 0.00393428 0.107792 -0.00057475 
0.522449 0.367284 -0.166206 -0.0195057 0.107617 -0.000577097 
0.544899 0.367284 -0.167679 -0.0430225 0.106916 -0.000570897 
0.567098 0.367284 -0.169192 -0.0663728 0.105702 -0.000564961 
0.589297 0.367284 -0.170583 -0.0897765 0.103968 -0.000547692 
0.611006 0.367284 -0.172011 -0.112761 0.10177 -0.000534458 
0.632716 0.367284 -0.173305 -0.13577 0.0990719 -0.000506862 
0.653718 0.367284 -0.174624 -0.158128 0.0959853 -0.000487647 
0.67472 0.367284 -0.175785 -0.180484 0.0924291 -0.000450676 
0.694826 0.367284 -0.176942 -0.201997 0.0885835 -0.000426951 
0.714932 0.367284 -0.177887 -0.223495 0.0843054 -0.000381555 
0.733987 0.367284 -0.178801 -0.243998 0.0798505 -0.000354863 
0.753042 0.367284 -0.17945 -0.264437 0.0750054 -0.00030185 
0.77093 0.367284 -0.179985 -0.283593 0.0701022 -0.000273544 
0.788819 0.367284 -0.18005 -0.302283 0.0648603 -0.000214449 
0.805462 0.367284 -0.179585 -0.319067 0.0596874 -0.000185088 
0.822106 0.367284 -0.178458 -0.335242 0.0542397 -0.000123167 
0.837463 0.367284 -0.177997 -0.351393 0.0489698 -9.79794e-05 
0.85282 0.367284 -0.178875 -0.371054 0.0434241 -2.3786e-05 
0.866881 0.367284 -0.184161 -0.396343 0.0380342 -1.96418e-05 
0.880943 0.367284 -0.191448 -0.428445 0.032242 9.56604e-05 
0.893728 0.367284 -0.197641 -0.456991 0.0265698 8.74815e-05 
0.906513 0.367284 -0.196759 -0.473626 0.0206129 0.000212316 
0.918063 0.367284 -0.181425 -0.459705 0.0151931 0.000249226 
0.929613 0.367284 -0.153995 -0.4081 0.010153 0.000270493 
0.939988 0.367284 -0.11681 -0.33261 0.00629787 0.000373511 
0.950362 0.367284 -0.0781345 -0.235087 0.00333727 0.000296156 
0.959633 0.367284 -0.0476022 -0.148483 0.00157254 0.000387542 
0.968903 0.367284 -0.0232922 -0.0778907 0.000534778 0.000331395 
0.977148 0.367284 -0.0105032 -0.0314537 9.559e-05 0.000358732 
0.985394 0.367284 -0.00305155 -0.00386527 -3.84301e-05 0.000354037 
0.992697 0.367284 -0.000611627 0.00509936 -2.64205e-05 0.000343392 
1 0.367284 0 0 0 0.00035716 

0 0.388994 0 0 0 0.000443963 
0.00730325 0.388994 -0.00165227 0.0887777 0.000342682 0.000401965 
0.0146065 0.388994 -0.00605127 0.14858 0.00122805 0.000440008 
0.0228517 0.388994 -0.0133456 0.193532 0.0026472 0.000396861 
0.031097 0.388994 -0.0221923 0.227263 0.00439066 0.000427276 
0.0403673 0.388994 -0.0324647 0.258573 0.00664432 0.000386393 
0.0496377 0.388994 -0.0430081 0.288973 0.00918398 0.000397922 
0.0600123 0.388994 -0.054176 0.320129 0.0123483 0.000356553 
0.0703869 0.388994 -0.0648459 0.347091 0.0158139 0.000346879 
0.0819372 0.388994 -0.0751921 0.370488 0.0199666 0.000301143 
0.0934875 0.388994 -0.0842775 0.385992 0.0243437 0.000267221 
0.106272 0.388994 -0.0920006 0.394043 0.02934 0.000218938 
0.119057 0.388994 -0.0980776 0.39333 0.0343831 0.00016367 
0.133119 0.388994 -0.102573 0.385163 0.0398627 0.000117024 
0.14718 0.388994 -0.105803 0.371738 0.0451903 5.16382e-05 
0.162537 0.388994 -0.108335 0.354392 0.0507663 7.53103e-06 
0.177894 0.388994 -0.110413 0.336474 0.0560713 -5.62358e-05 
0.194538 0.388994 -0.112784 0.317772 0.0615137 -0.000100483 
0.211181 0.388994 -0.115117 0.300239 0.0666545 -0.00015848 
0.22907 0.388994 -0.117815 0.28223 0.0718634 -0.00020362 
0.246958 0.388994 -0.120348 0.26447 0.0767525 -0.000257262 
0.266013 0.388994 -0.122887 0.245549 0.0816119 -0.000300758 
0.285068 0.388994 -0.125162 0.226343 0.086108 -0.000350177 
0.305174 0.388994 -0.127403 0.205987 0.0904541 -0.000389662 
0.32528 0.388994 -0.129446 0.185513 0.0943897 -0.00043293 
0.346282 0.388994 -0.131524 0.164119 0.0980612 -0.00046704 
0.367284 0.388994 -0.133444 0.142648 0.101283 -0.000502477 
0.388994 0.388994 -0.135392 0.120415 0.104138 -0.00052986 
0.410703 0.388994 -0.137195 0.098085 0.10651 -0.000556175 
0.432902 0.388994 -0.139025 0.0751907 0.108433 -0.000575637 
0.455101 0.388994 -0.140733 0.0522087 0.109847 -0.000591714 
0.477551 0.388994 -0.142478 0.0288957 0.110758 -0.000602547 
0.5 0.388994 -0.144119 0.00550285 0.111144 -0.000607673 
0.522449 0.388994 -0.145805 -0.0179742 0.111005 -0.000609709 
0.544899 0.388994 -0.147396 -0.0415202 0.110337 -0.000603666 
0.567098 0.388994 -0.149031 -0.0648977 0.109156 -0.000597282 
0.589297 0.388994 -0.150571 -0.0883293 0.107456 -0.000580342 
0.611006 0.388994 -0.152143 -0.111345 0.105289 -0.000566394 
0.632716 0.388994 -0.153601 -0.134397 0.102622 -0.000539265 
0.653718 0.388994 -0.155064 -0.156805 0.0995641 -0.000518969 
0.67472 0.388994 -0.156383 -0.179236 0.0960358 -0.000482655 
0.694826 0.388994 -0.157674 -0.200838 0.0922155 -0.000457463 
0.714932 0.388994 -0.158783 -0.222457 0.0879608 -0.000413096 
0.733987 0.388994 -0.159836 -0.243088 0.083526 -0.000384628 
0.753042 0.388994 -0.16065 -0.263721 0.0786981 -0.000333326 
0.77093 0.388994 -0.161338 -0.283182 0.0738069 -0.000303321 
0.788819 0.388994 -0.161622 -0.302435 0.0685695 -0.000246599 
0.805462 0.388994 -0.161499 -0.320017 0.0633893 -0.000216035 
0.822106 0.388994 -0.160768 -0.3368 0.0579232 -0.000156484 
0.837463 0.388994 -0.159993 -0.352119 0.0526359 -0.000125658 
0.85282 0.388994 -0.159669 -0.368682 0.047104 -5.85443e-05 
0.866881 0.388994 -0.162106 -0.389114 0.0417871 -3.84112e-05 
0.880943 0.388994 -0.166498 -0.417267 0.0361285 5.77014e-05 
0.893728 0.388994 -0.172921 -0.449031 0.0305902 5.08888e-05 
0.906513 0.388994 -0.176505 -0.479422 0.0246536 0.000166313 
0.918063 0.388994 -0.171211 -0.487737 0.0190343 0.0001661 
0.929613 0.388994 -0.155458 -0.463561 0.0135057 0.000215598 
0.939988 0.388994 -0.127025 -0.405672 0.00896237 0.000283249 
0.950362 0.388994 -0.0930503 -0.311997 0.00520584 0.000221696 
0.959633 0.388994 -0.0608218 -0.217556 0.00275452 0.000322864 
0.968903 0.388994 -0.0327776 -0.128264 0.00115564 0.000247275 
0.977148 0.388994 -0.0162462 -0.0626899 0.000384646 0.000299357 
0.985394 0.388994 -0.00558972 -0.0200079 6.01514e-05 0.000278968 
0.992697 0.388994 -0.00130719 -0.00127939 -6.4128e-06 0.000289242 
1 0.388994 0 0 0 0.000286999 

0 0.410703 0 0 0 0.000370606 
0.00730325 0.410703 -0.0010638 0.0969869 0.000371663 0.000349785 
0.0146065 0.410703 -0.00411304 0.163283 0.00133931 0.000371919 
0.0228517 0.410703 -0.00988004 0.21339 0.00290017 0.00034241 
0.031097 0.410703 -0.0171014 0.24951 0.0048167 0.000364137 
0.0403673 0.410703 -0.0257015 0.281367 0.00727733 0.000331184 
0.0496377 0.410703 -0.0344994 0.311352 0.0100248 0.000338416 
0.0600123 0.410703 -0.0437034 0.341218 0.0134126 0.000304244 
0.0703869 0.410703 -0.0523877 0.366291 0.0170856 0.000292562 
0.0819372 0.410703 -0.0607002 0.387095 0.0214434 0.000253614 
0.0934875 0.410703 -0.067928 0.399648 0.0259942 0.000220394 
0.106272 0.410703 -0.0740408 0.404529 0.0311435 0.000177375 
0.119057 0.410703 -0.0788696 0.401018 0.036302 0.000125458 
0.133119 0.410703 -0.082583 0.390506 0.0418725 8.11816e-05 
0.14718 0.410703 -0.0854021 0.375641 0.0472649 2.04581e-05 
0.162537 0.410703 -0.0878815 0.357505 0.0528953 -2.42675e-05 
0.177894 0.410703 -0.0900722 0.339451 0.0582478 -8.41432e-05 
0.194538 0.410703 -0.0925756 0.320828 0.063742 -0.000130208 
0.211181 0.410703 -0.0950039 0.303373 0.0689359 -0.000186029 
0.22907 0.410703 -0.097648 0.285308 0.0742021 -0.000232504 
0.246958 0.410703 -0.100092 0.267338 0.0791458 -0.000285103 
0.266013 0.410703 -0.102496 0.24816 0.0840586 -0.000329508 
0.285068 0.410703 -0.10467 0.228738 0.0886034 -0.000378356 
0.305174 0.410703 -0.106832 0.208208 0.0929969 -0.000418825 
0.32528 0.410703 -0.108825 0.187621 0.0969769 -0.000461872 
0.346282 0.410703 -0.110852 0.166124 0.100692 -0.000496937 
0.367284 0.410703 -0.11274 0.144566 0.103956 -0.000532443 
0.388994 0.410703 -0.114652 0.122251 0.106853 -0.000560585 
0.410703 0.410703 -0.116448 0.0998575 0.109264 -0.000587142 
0.432902 0.410703 -0.118281 0.0769109 0.111227 -0.000607159 
0.455101 0.410703 -0.120022 0.0538939 0.112679 -0.00062358 
0.477551 0.410703 -0.121813 0.0305539 0.113627 -0.000634747 
0.5 0.410703 -0.123529 0.00714613 0.114051 -0.000640297 
0.522449 0.410703 -0.125301 -0.0163403 0.113948 -0.000642442 
0.544899 0.410703 -0.127009 -0.0398891 0.113317 -0.000636935 
0.567098 0.410703 -0.128769 -0.0632675 0.112172 -0.000630472 
0.589297 0.410703 -0.13046 -0.0867025 0.110507 -0.00061427 
0.611006 0.410703 -0.132183 -0.109727 0.108375 -0.000600112 
0.632716 0.410703 -0.133817 -0.132801 0.105742 -0.000574046 
0.653718 0.410703 -0.135443 -0.155243 0.102717 -0.000553457 
0.67472 0.410703 -0.136946 -0.177729 0.0992207 -0.000518676 
0.694826 0.410703 -0.138404 -0.199392 0.0954293 -0.000493126 
0.714932 0.410703 -0.139705 -0.221104 0.0912017 -0.000450875 
0.733987 0.410703 -0.140919 -0.241852 0.0867904 -0.000421901 
0.753042 0.410703 -0.141913 -0.262659 0.0819831 -0.000373332 
0.77093 0.410703 -0.142773 -0.282356 0.0771077 -0.000342448 
0.788819 0.410703 -0.143334 -0.302017 0.0718802 -0.000288641 
0.805462 0.410703 -0.143636 -0.320153 0.066701 -0.000257086 
0.822106 0.410703 -0.143414 -0.337645 0.0612251 -0.000200296 
0.837463 0.410703 -0.142645 -0.353205 0.055919 -0.000168419 
0.85282 0.410703 -0.141501 -0.368559 0.0503751 -0.000111039 
0.866881 0.410703 -0.141591 -0.385684 0.045078 -8.54304e-05 
0.880943 0.410703 -0.143417 -0.408995 0.039496 -1.15852e-05 
0.893728 0.410703 -0.149087 -0.4386 0.0340828 -8.83011e-06 
0.906513 0.410703 -0.155123 -0.47443 0.0282524 0.000104137 
0.918063 0.410703 -0.157124 -0.49866 0.022612 0.000103583 
0.929613 0.410703 -0.150822 -0.500332 0.016825 0.000196906 
0.939988 0.410703 -0.131114 -0.46539 0.0117823 0.000251922 
0.950362 0.410703 -0.102889 -0.386011 0.0073327 0.000229923 
0.959633 0.410703 -0.0707392 -0.291737 0.00418721 0.000337854 
0.968903 0.410703 -0.0405914 -0.18712 0.00196179 0.000255623 
0.977148 0.410703 -0.0209061 -0.102372 0.000786071 0.000328507 
0.985394 0.410703 -0.0073812 -0.0423293 0.000206579 0.000288231 
0.992697 0.410703 -0.00173101 -0.0106255 2.59599e-05 0.000310404 
1 0.410703 0 0 0 0.000297782 

0 0.432902 0 0 0 0.000328756 
0.00730325 0.432902 -0.00045227 0.101206 0.000388313 0.000328499 
0.0146065 0.432902 -0.00201194 0.172972 0.00140839 0.000333022 
0.0228517 0.432902 -0.00593779 0.228332 0.00307524 0.000317846 
0.031097 0.432902 -0.0111784 0.267071 0.00512995 0.000329089 
0.0403673 0.432902 -0.0178141 0.299775 0.00776063 0.000303375 
0.0496377 0.432902 -0.0246824 0.329413 0.0106802 0.00030343 
0.0600123 0.432902 -0.0318711 0.358095 0.0142518 0.000272378 
0.0703869 0.432902 -0.0386178 0.381568 0.0180939 0.000254684 
0.0819372 0.432902 -0.0450849 0.400275 0.0226178 0.000216749 
0.0934875 0.432902 -0.0507218 0.41052 0.0273088 0.000180237 
0.106272 0.432902 -0.055571 0.413014 0.032582 0.000136928 
0.119057 0.432902 -0.0594865 0.407488 0.0378356 8.54559e-05 
0.133119 0.432902 -0.062684 0.39535 0.0434843 4.03852e-05 
0.14718 0.432902 -0.0652587 0.379557 0.0489364 -1.69385e-05 
0.162537 0.432902 -0.0676907 0.360938 0.0546213 -6.23006e-05 
0.177894 0.432902 -0.0699129 0.342808 0.0600239 -0.000118258 
0.194538 0.432902 -0.0723892 0.324196 0.0655726 -0.000164502 
0.211181 0.432902 -0.0747634 0.306684 0.0708207 -0.000217617 
0.22907 0.432902 -0.0772582 0.288459 0.0761434 -0.000263951 
0.246958 0.432902 -0.0795567 0.270239 0.0811402 -0.000314822 
0.266013 0.432902 -0.0818115 0.250806 0.0861044 -0.000358985 
0.285068 0.432902 -0.0838682 0.231189 0.0906967 -0.000406374 
0.305174 0.432902 -0.0859242 0.210498 0.0951366 -0.000446565 
0.32528 0.432902 -0.087835 0.189795 0.0991604 -0.000488419 
0.346282 0.432902 -0.0897749 0.168192 0.10292 -0.000523194 
0.367284 0.432902 -0.0915975 0.146543 0.106224 -0.000557884 
0.388994 0.432902 -0.0934516 0.12415 0.109163 -0.000585763 
0.410703 0.432902 -0.0952161 0.101702 0.111614 -0.000611826 
0.432902 0.432902 -0.0970328 0.0787139 0.113617 -0.000631621 
0.455101 0.432902 -0.0987874 0.055673 0.115109 -0.000647832 
0.477551 0.432902 -0.100609 0.0323194 0.116096 -0.000658806 
0.5 0.432902 -0.102389 0.00891034 0.116559 -0.000664396 
0.522449 0.432902 -0.104244 -0.0145708 0.116496 -0.000666331 
0.544899 0.432902 -0.106067 -0.0381087 0.115905 -0.000661058 
0.567098 0.432902 -0.107956 -0.0614763 0.1148 -0.000654298 
0.589297 0.432902 -0.10981 -0.0849048 0.113175 -0.00063848 
0.611006 0.432902 -0.111704 -0.107931 0.111082 -0.000623867 
0.632716 0.432902 -0.113541 -0.131025 0.108489 -0.000598327 
0.653718 0.432902 -0.115372 -0.153501 0.105501 -0.000577089 
0.67472 0.432902 -0.117107 -0.176049 0.102041 -0.000543034 
0.694826 0.432902 -0.118781 -0.19779 0.0982838 -0.00051664 
0.714932 0.432902 -0.120316 -0.219613 0.0940884 -0.000475477 
0.733987 0.432902 -0.121743 -0.240493 0.0897055 -0.000445522 
0.753042 0.432902 -0.122985 -0.261479 0.0849238 -0.000398646 
0.77093 0.432902 -0.124075 -0.281387 0.0800691 -0.000366755 
0.788819 0.432902 -0.124901 -0.301364 0.0748577 -0.000315508 
0.805462 0.432902 -0.125461 -0.319979 0.0696873 -0.000283175 
0.822106 0.432902 -0.12556 -0.338243 0.0642101 -0.000229491 
0.837463 0.432902 -0.125151 -0.354557 0.0588902 -0.000196937 
0.85282 0.432902 -0.124294 -0.37005 0.0533262 -0.000143063 
0.866881 0.432902 -0.123824 -0.385374 0.0480205 -0.000111514 
0.880943 0.432902 -0.124335 -0.404447 0.0424729 -4.83572e-05 
0.893728 0.432902 -0.127788 -0.429941 0.0371511 -3.29023e-05 
0.906513 0.432902 -0.132345 -0.465218 0.0314407 5.95838e-05 
0.918063 0.432902 -0.136283 -0.497813 0.0258686 5.40924e-05 
0.929613 0.432902 -0.135228 -0.519053 0.0199848 0.000144977 
0.939988 0.432902 -0.123796 -0.506871 0.0146219 0.000169278 
0.950362 0.432902 -0.103736 -0.449445 0.00961962 0.000169826 
0.959633 0.432902 -0.0760773 -0.364055 0.00582578 0.000260367 
0.968903 0.432902 -0.0476371 -0.251189 0.00295137 0.00017394 
0.977148 0.432902 -0.0260406 -0.150824 0.00130846 0.000261695 
0.985394 0.432902 -0.00986896 -0.0718937 0.000405028 0.000196797 
0.992697 0.432902 -0.00243459 -0.0236246 7.12262e-05 0.000242256 
1 0.432902 0 0 0 0.000207259 

0 0.455101 0 0 0 0.000271285 
0.00730325 0.455101 0.00015289 0.102789 0.000390694 0.000290288 
0.0146065 0.455101 5.92755e-05 0.178384 0.00143249 0.000278655 
0.0228517 0.455101 -0.00198617 0.238598 0.00316266 0.000278695 
0.031097 0.455101 -0.0052171 0.280147 0.00531256 0.000279859 
0.0403673 0.455101 -0.00991495 0.314051 0.00806866 0.000262418 
0.0496377 0.455101 -0.014902 0.343526 0.0111188 0.000257853 
0.0600123 0.455101 -0.0201499 0.37119 0.0148297 0.000232894 
0.0703869 0.455101 -0.0250484 0.39337 0.0187994 0.000213497 
0.0819372 0.455101 -0.0297813 0.410463 0.023449 0.000180408 
0.0934875 0.455101 -0.033939 0.418981 0.028247 0.000145061 
0.106272 0.455101 -0.0376275 0.419724 0.0336163 0.000104524 
0.119057 0.455101 -0.0407061 0.412776 0.0389464 5.64436e-05 
0.133119 0.455101 -0.0434131 0.399506 0.0446613 1.1881e-05 
0.14718 0.455101 -0.0457294 0.383095 0.0501678 -4.14739e-05 
0.162537 0.455101 -0.0480454 0.364148 0.0559052 -8.77435e-05 
0.177894 0.455101 -0.0502093 0.345943 0.0613574 -0.000140711 
0.194538 0.455101 -0.0525611 0.327291 0.0669592 -0.000187968 
0.211181 0.455101 -0.0547935 0.309666 0.072259 -0.000239325 
0.22907 0.455101 -0.0570775 0.291259 0.0776345 -0.000286336 
0.246958 0.455101 -0.0591841 0.272815 0.0826804 -0.000336113 
0.266013 0.455101 -0.0612547 0.253165 0.0876926 -0.000380942 
0.285068 0.455101 -0.0631639 0.233393 0.0923291 -0.000427619 
0.305174 0.455101 -0.0650808 0.212573 0.0968129 -0.000468557 
0.32528 0.455101 -0.0668779 0.191776 0.100878 -0.000510065 
0.346282 0.455101 -0.0687013 0.170091 0.104679 -0.000545504 
0.367284 0.455101 -0.0704344 0.14838 0.108024 -0.000580122 
0.388994 0.455101 -0.0722078 0.125941 0.111002 -0.000608519 
0.410703 0.455101 -0.0739228 0.10347 0.113492 -0.000634675 
0.432902 0.455101 -0.0757053 0.080474 0.115535 -0.000654815 
0.455101 0.455101 -0.0774592 0.0574429 0.117066 -0.000671218 
0.477551 0.455101 -0.0792999 0.0341098 0.118094 -0.000682332 
0.5 0.455101 -0.0811349 0.0107342 0.118597 -0.000688177 
0.522449 0.455101 -0.0830657 -0.0127072 0.118575 -0.000690049 
0.544899 0.455101 -0.0850019 -0.0361999 0.118026 -0.000685108 
0.567098 0.455101 -0.0870242 -0.0595228 0.116964 -0.000678113 
0.589297 0.455101 -0.0890473 -0.0829114 0.115383 -0.000662771 
0.611006 0.455101 -0.091125 -0.105906 0.113334 -0.000647813 
0.632716 0.455101 -0.093182 -0.128984 0.110784 -0.00062299 
0.653718 0.455101 -0.0952404 -0.151461 0.107839 -0.000601354 
0.67472 0.455101 -0.0972371 -0.17404 0.104421 -0.000568362 
0.694826 0.455101 -0.0991653 -0.195832 0.100703 -0.000541545 
0.714932 0.455101 -0.100981 -0.217741 0.0965451 -0.000501911 
0.733987 0.455101 -0.102673 -0.23872 0.0921961 -0.0004715 
0.753042 0.455101 -0.104208 -0.259851 0.0874458 -0.000426717 
0.77093 0.455101 -0.105567 -0.279945 0.0826175 -0.000394252 
0.788819 0.455101 -0.106694 -0.300201 0.0774284 -0.000345648 
0.805462 0.455101 -0.107569 -0.319194 0.0722733 -0.000312465 
0.822106 0.455101 -0.108101 -0.338068 0.0668031 -0.000261559 
0.837463 0.455101 -0.108191 -0.355061 0.0614792 -0.00022843 
0.85282 0.455101 -0.10775 -0.371135 0.0559012 -0.000178362 
0.866881 0.455101 -0.10697 -0.385974 0.0505793 -0.000145811 
0.880943 0.455101 -0.106424 -0.402482 0.0450368 -9.50642e-05 
0.893728 0.455101 -0.107965 -0.424134 0.0397627 -7.31997e-05 
0.906513 0.455101 -0.111218 -0.456143 0.0341455 6.58535e-07 
0.918063 0.455101 -0.116319 -0.491317 0.028672 1.90248e-06 
0.929613 0.455101 -0.119091 -0.5254 0.0227998 9.83321e-05 
0.939988 0.455101 -0.114288 -0.533089 0.0172756 0.000117135 
0.950362 0.455101 -0.101207 -0.499903 0.0118853 0.000151335 
0.959633 0.455101 -0.078349 -0.429353 0.00754893 0.000234232 
0.968903 0.455101 -0.0523092 -0.316204 0.00406359 0.000165078 
0.977148 0.455101 -0.0294599 -0.205189 0.00192556 0.000268442 
0.985394 0.455101 -0.0113238 -0.1074 0.000647726 0.000189066 
0.992697 0.455101 -0.00278947 -0.0399155 0.000127867 0.000250766 
1 0.455101 0 0 0 0.000206355 

0 0.477551 0 0 0 0.000230443 
0.00730325 0.477551 0.000701402 0.100331 0.000380694 0.000267372 
0.0146065 0.477551 0.0019835 0.178188 0.0014122 0.000240526 
0.0228517 0.477551 0.00187517 0.24281 0.00316241 0.000254337 
0.031097 0.477551 0.000802424 0.287482 0.00536312 0.000245297 
0.0403673 0.477551 -0.00179488 0.323269 0.00819946 0.000236102 
0.0496377 0.477551 -0.00482004 0.352988 0.0113393 0.000226396 
0.0600123 0.477551 -0.00815975 0.380042 0.0151472 0.000205471 
0.0703869 0.477551 -0.0113007 0.401443 0.0192063 0.00018295 
0.0819372 0.477551 -0.0144239 0.417594 0.023945 0.00015184 
0.0934875 0.477551 -0.0172366 0.425117 0.0288202 0.000115987 
0.106272 0.477551 -0.0198982 0.424877 0.0342617 7.58883e-05 
0.119057 0.477551 -0.0222486 0.417151 0.0396522 2.98953e-05 
0.133119 0.477551 -0.0245076 0.403265 0.0454233 -1.5142e-05 
0.14718 0.477551 -0.0265613 0.386517 0.0509791 -6.52044e-05 
0.162537 0.477551 -0.0286895 0.367367 0.0567662 -0.000111989 
0.177894 0.477551 -0.0307054 0.349065 0.0622658 -0.000162089 
0.194538 0.477551 -0.0328399 0.330312 0.0679177 -0.000209456 
0.211181 0.477551 -0.0348556 0.312525 0.0732655 -0.000258882 
0.22907 0.477551 -0.0368868 0.293926 0.0786894 -0.000305764 
0.246958 0.477551 -0.0387707 0.275281 0.0837802 -0.000354086 
0.266013 0.477551 -0.0406308 0.255444 0.0888364 -0.000398756 
0.285068 0.477551 -0.0423632 0.235535 0.093514 -0.00044421 
0.305174 0.477551 -0.0441045 0.214599 0.0980388 -0.000484974 
0.32528 0.477551 -0.0457523 0.19371 0.102143 -0.000525593 
0.346282 0.477551 -0.0474272 0.171954 0.105983 -0.00056086 
0.367284 0.477551 -0.0490403 0.150191 0.109365 -0.000594919 
0.388994 0.477551 -0.0507057 0.127721 0.112382 -0.000623176 
0.410703 0.477551 -0.052344 0.105243 0.114911 -0.00064905 
0.432902 0.477551 -0.0540683 0.0822572 0.116992 -0.000669081 
0.455101 0.477551 -0.0557994 0.0592559 0.118562 -0.000685438 
0.477551 0.477551 -0.0576426 0.0359668 0.119631 -0.000696457 
0.5 0.477551 -0.0595188 0.0126494 0.120177 -0.000702441 
0.522449 0.477551 -0.0615198 -0.0107263 0.120199 -0.000704196 
0.544899 0.477551 -0.0635669 -0.0341474 0.119695 -0.000699529 
0.567098 0.477551 -0.0657287 -0.0574002 0.118679 -0.000692353 
0.589297 0.477551 -0.0679323 -0.0807231 0.117146 -0.000677386 
0.611006 0.477551 -0.070214 -0.103663 0.115145 -0.000662149 
0.632716 0.477551 -0.072514 -0.126703 0.112645 -0.000637812 
0.653718 0.477551 -0.0748312 -0.149165 0.109748 -0.000615811 
0.67472 0.477551 -0.0771249 -0.171759 0.106379 -0.000583487 
0.694826 0.477551 -0.079357 -0.193594 0.102707 -0.000556269 
0.714932 0.477551 -0.0815104 -0.215585 0.0985939 -0.000517625 
0.733987 0.477551 -0.0835263 -0.236668 0.0942858 -0.000486828 
0.753042 0.477551 -0.0854117 -0.257946 0.0895743 -0.000443558 
0.77093 0.477551 -0.0871037 -0.278223 0.0847797 -0.000410806 
0.788819 0.477551 -0.0886052 -0.298732 0.0796204 -0.000364468 
0.805462 0.477551 -0.0898377 -0.318047 0.0744885 -0.000331187 
0.822106 0.477551 -0.0907719 -0.337412 0.0690348 -0.000283404 
0.837463 0.477551 -0.0912753 -0.355078 0.0637174 -0.000250557 
0.85282 0.477551 -0.0912994 -0.372024 0.0581343 -0.000203843 
0.866881 0.477551 -0.090858 -0.387142 0.0527978 -0.000170855 
0.880943 0.477551 -0.0904039 -0.402477 0.0472474 -0.000125255 
0.893728 0.477551 -0.0911339 -0.421107 0.0419934 -9.71593e-05 
0.906513 0.477551 -0.0932242 -0.448807 0.0364432 -3.73367e-05 
0.918063 0.477551 -0.0974393 -0.483219 0.031068 -2.97054e-05 
0.929613 0.477551 -0.100724 -0.524059 0.025258 5.07674e-05 
0.939988 0.477551 -0.0993798 -0.546524 0.0196759 5.80317e-05 
0.950362 0.477551 -0.0915103 -0.535937 0.0140316 9.78092e-05 
0.959633 0.477551 -0.0741439 -0.483026 0.00926644 0.000159258 
0.968903 0.477551 -0.0523899 -0.37739 0.00523607 9.82012e-05 
0.977148 0.477551 -0.0305491 -0.261788 0.00259999 0.000201242 
0.985394 0.477551 -0.0122947 -0.145882 0.000918508 0.00010481 
0.992697 0.477551 -0.0031303 -0.0577996 0.000192818 0.000179169 
1 0.477551 0 0 0 0.000115665 

0 0.5 0 0 0 0.000201017 
0.00730325 0.5 0.00118041 0.0955841 0.00035849 0.000250042 
0.0146065 0.5 0.00372303 0.173808 0.00135135 0.000210959 
0.0228517 0.5 0.0055641 0.241919 0.00307744 0.000237714 
0.031097 0.5 0.00666081 0.289787 0.00528178 0.000218895 
0.0403673 0.5 0.00615192 0.328033 0.00814993 0.000216753 
0.0496377 0.5 0.00505779 0.358462 0.0113367 0.000202417 
0.0600123 0.5 0.00357562 0.38529 0.0151985 0.000184983 
0.0703869 0.5 0.00213603 0.406316 0.0193088 0.000160807 
0.0819372 0.5 0.000576862 0.422039 0.0241001 0.000131888 
0.0934875 0.5 -0.000934064 0.429149 0.0290237 9.66921e-05 
0.106272 0.5 -0.00259744 0.428514 0.0345138 5.69287e-05 
0.119057 0.5 -0.00423233 0.420491 0.039949 1.3469e-05 
0.133119 0.5 -0.00602752 0.406354 0.0457657 -3.26455e-05 
0.14718 0.5 -0.00778879 0.389466 0.0513644 -7.97064e-05 
0.162537 0.5 -0.00968249 0.370186 0.0571967 -0.000127911 
0.177894 0.5 -0.011501 0.351774 0.0627396 -0.000175672 
0.194538 0.5 -0.0133711 0.332891 0.0684364 -0.000224064 
0.211181 0.5 -0.0151301 0.314939 0.0738266 -0.000271953 
0.22907 0.5 -0.0168749 0.296167 0.079293 -0.000319575 
0.246958 0.5 -0.0185074 0.277364 0.0844232 -0.000366804 
0.266013 0.5 -0.0201263 0.257382 0.0895186 -0.000412198 
0.285068 0.5 -0.0216535 0.237368 0.0942329 -0.000456891 
0.305174 0.5 -0.0231881 0.216345 0.0987944 -0.00049833 
0.32528 0.5 -0.0246585 0.195394 0.102934 -0.000538524 
0.346282 0.5 -0.0261563 0.173595 0.106809 -0.000574337 
0.367284 0.5 -0.0276243 0.151814 0.110226 -0.000608224 
0.388994 0.5 -0.029156 0.129346 0.113279 -0.000636879 
0.410703 0.5 -0.0306958 0.106896 0.115843 -0.000662743 
0.432902 0.5 -0.0323405 0.0839586 0.117962 -0.000682992 
0.455101 0.5 -0.0340317 0.0610266 0.119571 -0.000699435 
0.477551 0.5 -0.0358621 0.037822 0.120681 -0.000710466 
0.5 0.5 -0.037769 0.0146047 0.12127 -0.000716579 
0.522449 0.5 -0.0398326 -0.00866264 0.121337 -0.00071814 
0.544899 0.5 -0.0419884 -0.0319687 0.120881 -0.000713637 
0.567098 0.5 -0.0442911 -0.0551072 0.119914 -0.000706088 
0.589297 0.5 -0.0466824 -0.0783203 0.118433 -0.000691361 
0.611006 0.5 -0.0491801 -0.101161 0.116485 -0.000675626 
0.632716 0.5 -0.0517418 -0.124119 0.11404 -0.000651679 
0.653718 0.5 -0.0543427 -0.146519 0.111198 -0.000629118 
0.67472 0.5 -0.0569654 -0.169082 0.107884 -0.000597425 
0.694826 0.5 -0.0595399 -0.190916 0.104266 -0.00056964 
0.714932 0.5 -0.0620773 -0.212947 0.100206 -0.000531956 
0.733987 0.5 -0.0644732 -0.234097 0.0959468 -0.00050061 
0.753042 0.5 -0.0667742 -0.255486 0.0912824 -0.000458765 
0.77093 0.5 -0.0688677 -0.275903 0.0865299 -0.000425499 
0.788819 0.5 -0.0708081 -0.296623 0.0814093 -0.000381149 
0.805462 0.5 -0.0724588 -0.316218 0.0763095 -0.000347334 
0.822106 0.5 -0.0738632 -0.336002 0.070882 -0.000302059 
0.837463 0.5 -0.0748706 -0.354209 0.0655814 -0.0002687 
0.85282 0.5 -0.0754977 -0.371934 0.060005 -0.00022478 
0.866881 0.5 -0.075565 -0.387576 0.0546641 -0.000191986 
0.880943 0.5 -0.0753468 -0.402619 0.0491074 -0.000152227 
0.893728 0.5 -0.0754922 -0.419403 0.04386 -0.000122609 
0.906513 0.5 -0.0766452 -0.443316 0.0383522 -7.70232e-05 
0.918063 0.5 -0.08011 -0.475402 0.0330572 -6.3716e-05 
0.929613 0.5 -0.0838867 -0.518955 0.0273256 5.18517e-06 
0.939988 0.5 -0.0853681 -0.55164 0.021752 1.29922e-05 
0.950362 0.5 -0.0818326 -0.560584 0.0159638 6.31077e-05 
0.959633 0.5 -0.0693155 -0.526188 0.0108834 0.000116437 
0.968903 0.5 -0.0515365 -0.432952 0.00639513 7.18068e-05 
0.977148 0.5 -0.0310882 -0.317506 0.00329304 0.000177912 
0.985394 0.5 -0.0131441 -0.186164 0.001208 7.72793e-05 
0.992697 0.5 -0.00342903 -0.0778336 0.000264306 0.000168463 
1 0.5 0 0 0 8.86003e-05 

0 0.522449 0 0 0 0.000171442 
0.00730325 0.522449 0.00154086 0.0877547 0.00032763 0.000230334 
0.0146065 0.522449 0.00506896 0.164421 0.00125581 0.000182666 
0.0228517 0.522449 0.00869151 0.23477 0.00291549 0.000219747 
0.031097 0.522449 0.011923 0.285898 0.00507594 0.000192669 
0.0403673 0.522449 0.0136181 0.327368 0.00792666 0.000198676 
0.0496377 0.522449 0.0145541 0.359171 0.0111169 0.000181312 
0.0600123 0.522449 0.0149341 0.386431 0.0149902 0.000168123 
0.0703869 0.522449 0.0151412 0.407648 0.0191148 0.000143367 
0.0819372 0.522449 0.0151064 0.423586 0.0239237 0.000116712 
0.0934875 0.522449 0.0148833 0.430975 0.0288672 8.25629e-05 
0.106272 0.522449 0.0142398 0.430652 0.0343829 4.34834e-05 
0.119057 0.522449 0.0133491 0.422878 0.0398468 2.60402e-06 
0.133119 0.522449 0.0120662 0.408914 0.0456979 -4.41596e-05 
0.14718 0.522449 0.0106453 0.392098 0.0513325 -8.83821e-05 
0.162537 0.522449 0.00903489 0.372779 0.0572041 -0.000137543 
0.177894 0.522449 0.00745172 0.354244 0.0627851 -0.000183116 
0.194538 0.522449 0.00587324 0.335203 0.0685208 -0.000232022 
0.211181 0.522449 0.00439368 0.317078 0.0739472 -0.000278385 
0.22907 0.522449 0.00295588 0.298152 0.0794495 -0.000326143 
0.246958 0.522449 0.00159723 0.279224 0.0846132 -0.000372155 
0.266013 0.522449 0.000246788 0.259133 0.0897421 -0.000417596 
0.285068 0.522449 -0.00104658 0.239031 0.094488 -0.000461344 
0.305174 0.522449 -0.00234451 0.217937 0.0990813 -0.000502803 
0.32528 0.522449 -0.00360646 0.196934 0.103251 -0.000542393 
0.346282 0.522449 -0.00489766 0.175107 0.107158 -0.000578215 
0.367284 0.522449 -0.00618962 0.153325 0.110607 -0.0006118 
0.388994 0.522449 -0.0075587 0.13088 0.113691 -0.000640478 
0.410703 0.522449 -0.00897112 0.10848 0.116289 -0.000666285 
0.432902 0.522449 -0.010511 0.0856166 0.118443 -0.000686562 
0.455101 0.522449 -0.0121375 0.0627824 0.12009 -0.000703129 
0.477551 0.522449 -0.013936 0.0396943 0.121241 -0.000714168 
0.5 0.522449 -0.0158562 0.0166117 0.121873 -0.000720518 
0.522449 0.522449 -0.0179723 -0.00651083 0.121986 -0.000722036 
0.544899 0.522449 -0.0202294 -0.0296632 0.12158 -0.000717828 
0.567098 0.522449 -0.0226744 -0.0526496 0.120666 -0.000710158 
0.589297 0.522449 -0.0252583 -0.0757128 0.119242 -0.000695753 
0.611006 0.522449 -0.0279872 -0.0984181 0.117352 -0.000679819 
0.632716 0.522449 -0.0308306 -0.121255 0.114968 -0.000656239 
0.653718 0.522449 -0.0337444 -0.143559 0.112187 -0.000633436 
0.67472 0.522449 -0.0367279 -0.166053 0.108937 -0.000602233 
0.694826 0.522449 -0.0396848 -0.187855 0.105379 -0.000574248 
0.714932 0.522449 -0.0426505 -0.209896 0.101382 -0.000537311 
0.733987 0.522449 -0.0454831 -0.231093 0.0971808 -0.000505907 
0.753042 0.522449 -0.0482603 -0.25257 0.0925735 -0.000465233 
0.77093 0.522449 -0.0508196 -0.273109 0.0878728 -0.00043211 
0.788819 0.522449 -0.0532647 -0.294014 0.0828015 -0.000389542 
0.805462 0.522449 -0.0554093 -0.313856 0.0777441 -0.000356147 
0.822106 0.522449 -0.057355 -0.333991 0.072354 -0.000313418 
0.837463 0.522449 -0.0588892 -0.35265 0.067082 -0.000280786 
0.85282 0.522449 -0.0601042 -0.371044 0.0615255 -0.000239981 
0.866881 0.522449 -0.0607674 -0.387347 0.0561932 -0.000208269 
0.880943 0.522449 -0.0611227 -0.402735 0.0506381 -0.000171791 
0.893728 0.522449 -0.0614702 -0.41853 0.0453944 -0.000141096 
0.906513 0.522449 -0.0625386 -0.439397 0.0399163 -0.000102934 
0.918063 0.522449 -0.0654201 -0.468635 0.034687 -8.46465e-05 
0.929613 0.522449 -0.0689257 -0.512059 0.029038 -2.95781e-05 
0.939988 0.522449 -0.0713863 -0.55113 0.0235108 -2.34261e-05 
0.950362 0.522449 -0.0701527 -0.575492 0.0176543 2.06761e-05 
0.959633 0.522449 -0.0613399 -0.558045 0.0123528 6.05096e-05 
0.968903 0.522449 -0.0474617 -0.479842 0.00749436 2.30159e-05 
0.977148 0.522449 -0.0295686 -0.368351 0.00397514 0.000120725 
0.985394 0.522449 -0.0132001 -0.225122 0.00150608 1.47649e-05 
0.992697 0.522449 -0.00355753 -0.0983576 0.000341915 0.000112057 
1 0.522449 0 0 0 1.60706e-05 

0 0.544899 0 0 0 0.000174577 
0.00730325 0.544899 0.00180751 0.0785601 0.000289176 0.000235892 
0.0146065 0.544899 0.00617787 0.151751 0.00113217 0.000182354 
0.0228517 0.544899 0.0115581 0.222795 0.00268635 0.000227116 
0.031097 0.544899 0.0169131 0.276814 0.00475609 0.000191939 
0.0403673 0.544899 0.0208434 0.321962 0.00753856 0.000203435 
0.0496377 0.544899 0.0238332 0.355784 0.0106873 0.00018124 
0.0600123 0.544899 0.0260672 0.384087 0.0145295 0.000168798 
0.0703869 0.544899 0.0279098 0.405937 0.0186321 0.000142282 
0.0819372 0.544899 0.0294089 0.422522 0.0234237 0.000115087 
0.0934875 0.544899 0.0304825 0.4307 0.0283587 8.07512e-05 
0.106272 0.544899 0.0308742 0.431234 0.0338763 3.9876e-05 
0.119057 0.544899 0.0307416 0.424161 0.0393524 4.65558e-07 
0.133119 0.544899 0.029986 0.41071 0.0452258 -4.89589e-05 
0.14718 0.544899 0.0289175 0.394159 0.0508885 -9.09114e-05 
0.162537 0.544899 0.0275991 0.374883 0.0567931 -0.000142466 
0.177894 0.544899 0.0262545 0.356238 0.0624066 -0.000185952 
0.194538 0.544899 0.0249723 0.337019 0.0681748 -0.000236482 
0.211181 0.544899 0.0237757 0.318727 0.0736309 -0.000281324 
0.22907 0.544899 0.0226572 0.299667 0.0791622 -0.000330219 
0.246958 0.544899 0.0215851 0.280652 0.084353 -0.000375129 
0.266013 0.544899 0.0205244 0.260488 0.0895092 -0.000421512 
0.285068 0.544899 0.019485 0.240331 0.0942812 -0.000464461 
0.305174 0.544899 0.0184496 0.219193 0.0989009 -0.000506668 
0.32528 0.544899 0.0174197 0.198168 0.103097 -0.00054577 
0.346282 0.544899 0.0163639 0.176342 0.10703 -0.000582143 
0.367284 0.544899 0.0152737 0.154595 0.110505 -0.000615501 
0.388994 0.544899 0.0140966 0.132209 0.113618 -0.000644546 
0.410703 0.544899 0.0128369 0.109898 0.116247 -0.000670302 
0.432902 0.544899 0.0114283 0.0871485 0.118434 -0.000690743 
0.455101 0.544899 0.00988801 0.0644564 0.120116 -0.000707352 
0.477551 0.544899 0.00814259 0.0415311 0.121306 -0.000718332 
0.5 0.544899 0.0062241 0.0186323 0.121982 -0.000724747 
0.522449 0.544899 0.00406843 -0.00429495 0.122143 -0.000725973 
0.544899 0.544899 0.00171616 -0.0272414 0.121789 -0.000721816 
0.567098 0.544899 -0.000868577 -0.050022 0.120931 -0.000713635 
0.589297 0.544899 -0.00365013 -0.0728807 0.119567 -0.000699277 
0.611006 0.544899 -0.00662006 -0.0953933 0.117741 -0.000682658 
0.632716 0.544899 -0.00976314 -0.118053 0.115424 -0.000659171 
0.653718 0.544899 -0.0130135 -0.140202 0.112712 -0.000635574 
0.67472 0.544899 -0.0163906 -0.162572 0.109533 -0.000604586 
0.694826 0.544899 -0.0197686 -0.184282 0.106047 -0.000575767 
0.714932 0.544899 -0.0232109 -0.206274 0.102121 -0.000539252 
0.733987 0.544899 -0.0265347 -0.227461 0.0979889 -0.000507046 
0.753042 0.544899 -0.029852 -0.248977 0.09345 -0.000467124 
0.77093 0.544899 -0.0329472 -0.269585 0.0888125 -0.000433296 
0.788819 0.544899 -0.0359743 -0.290622 0.0838026 -0.000391962 
0.805462 0.544899 -0.0386904 -0.310652 0.0787995 -0.000358027 
0.822106 0.544899 -0.041255 -0.331084 0.0734597 -0.000317103 
0.837463 0.544899 -0.0433953 -0.350119 0.0682291 -0.000284091 
0.85282 0.544899 -0.0452922 -0.369063 0.0627069 -0.000245566 
0.866881 0.544899 -0.0466616 -0.385945 0.0573977 -0.000214081 
0.880943 0.544899 -0.047728 -0.401859 0.051858 -0.0001809 
0.893728 0.544899 -0.048459 -0.417237 0.0466256 -0.000150981 
0.906513 0.544899 -0.0495955 -0.435911 0.0411755 -0.000121046 
0.918063 0.544899 -0.0520718 -0.4625 0.0360021 -0.000100771 
0.929613 0.544899 -0.0554655 -0.504479 0.0304328 -5.79746e-05 
0.939988 0.544899 -0.0588733 -0.547266 0.0249721 -5.05457e-05 
0.950362 0.544899 -0.0597525 -0.583832 0.0191004 -9.09733e-06 
0.959633 0.544899 -0.0541785 -0.58169 0.013653 2.50195e-05 
0.968903 0.544899 -0.0437064 -0.519379 0.00850499 -3.89413e-06 
0.977148 0.544899 -0.0282109 -0.414414 0.00462543 8.9412e-05 
0.985394 0.544899 -0.0133421 -0.26283 0.00180344 -1.50948e-05 
0.992697 0.544899 -0.00369658 -0.119785 0.000422027 9.21885e-05 
1 0.544899 0 0 0 -1.739e-05 

0 0.567098 0 0 0 0.00015678 
0.00730325 0.567098 0.00193745 0.06776 0.000247659 0.000218638 
0.0146065 0.567098 0.00677155 0.135591 0.000990588 0.000164545 
0.0228517 0.567098 0.0134991 0.205414 0.00240634 0.00021468 
0.031097 0.567098 0.0206915 0.261739 0.00434218 0.000174408 
0.0403673 0.567098 0.0268814 0.310857 0.00700667 0.00019386 
0.0496377 0.567098 0.0320705 0.347428 0.0100682 0.000169895 
0.0600123 0.567098 0.0362868 0.377682 0.0138363 0.00016262 
0.0703869 0.567098 0.0398134 0.400772 0.0178808 0.000137657 
0.0819372 0.567098 0.0428697 0.418566 0.0226208 0.000113297 
0.0934875 0.567098 0.045289 0.428123 0.0275185 8.12011e-05 
0.106272 0.567098 0.04684 0.430152 0.0330133 4.16447e-05 
0.119057 0.567098 0.0475999 0.42431 0.0384837 5.05451e-06 
0.133119 0.567098 0.0474881 0.411819 0.0443661 -4.4966e-05 
0.14718 0.567098 0.0468495 0.395785 0.0500478 -8.4292e-05 
0.162537 0.567098 0.0458534 0.376691 0.0559783 -0.000137374 
0.177894 0.567098 0.0447481 0.357958 0.0616183 -0.000178972 
0.194538 0.567098 0.0437398 0.338546 0.0674126 -0.000230682 
0.211181 0.567098 0.0428063 0.320068 0.0728916 -0.000274219 
0.22907 0.567098 0.0420039 0.30088 0.0784449 -0.000323653 
0.246958 0.567098 0.0412289 0.281792 0.0836558 -0.000367589 
0.266013 0.567098 0.040479 0.261584 0.0888324 -0.000414269 
0.285068 0.567098 0.0397184 0.241386 0.0936241 -0.000456567 
0.305174 0.567098 0.0389682 0.220219 0.098264 -0.00049904 
0.32528 0.567098 0.0381965 0.19918 0.10248 -0.000537845 
0.346282 0.567098 0.0374026 0.177372 0.106433 -0.000574455 
0.367284 0.567098 0.0365448 0.155674 0.10993 -0.000607814 
0.388994 0.567098 0.0355891 0.13337 0.113067 -0.000637077 
0.410703 0.567098 0.0345134 0.111172 0.115722 -0.000663048 
0.432902 0.567098 0.0332629 0.088567 0.117938 -0.000683676 
0.455101 0.567098 0.0318363 0.0660502 0.119654 -0.00070062 
0.477551 0.567098 0.0301656 0.0433258 0.120882 -0.000711715 
0.5 0.567098 0.0282704 0.0206523 0.1216 -0.00071849 
0.522449 0.567098 0.0260894 -0.00203529 0.121808 -0.000719725 
0.544899 0.567098 0.0236552 -0.0247278 0.121508 -0.000715887 
0.567098 0.567098 0.0209351 -0.0472542 0.120709 -0.000707591 
0.589297 0.567098 0.0179581 -0.0698559 0.119409 -0.000693474 
0.611006 0.567098 0.0147397 -0.0921257 0.117651 -0.000676632 
0.632716 0.567098 0.0112873 -0.114553 0.115408 -0.000653328 
0.653718 0.567098 0.00768061 -0.1365 0.112772 -0.000629462 
0.67472 0.567098 0.00388769 -0.158689 0.109672 -0.000598677 
0.694826 0.567098 5.69245e-05 -0.180259 0.106266 -0.000569652 
0.714932 0.567098 -0.00389519 -0.202148 0.102422 -0.000533486 
0.733987 0.567098 -0.00775434 -0.223281 0.0983693 -0.000501272 
0.753042 0.567098 -0.0116604 -0.244785 0.0939106 -0.000461985 
0.77093 0.567098 -0.0153512 -0.265426 0.0893482 -0.00042844 
0.788819 0.567098 -0.0190198 -0.286545 0.0844124 -0.000388179 
0.805462 0.567098 -0.0223716 -0.306716 0.0794766 -0.000354877 
0.822106 0.567098 -0.0256235 -0.327379 0.074201 -0.000315557 
0.837463 0.567098 -0.0284414 -0.346719 0.0690256 -0.000283541 
0.85282 0.567098 -0.0310714 -0.366082 0.0635531 -0.000247112 
0.866881 0.567098 -0.0331785 -0.383452 0.0582829 -0.000217054 
0.880943 0.567098 -0.0350375 -0.399937 0.0527748 -0.000185863 
0.893728 0.567098 -0.036463 -0.415263 0.0475663 -0.00015714 
0.906513 0.567098 -0.0381513 -0.432523 0.0421496 -0.000130204 
0.918063 0.567098 -0.0407285 -0.456828 0.0370291 -0.00010817 
0.929613 0.567098 -0.04422 -0.496536 0.031539 -7.29081e-05 
0.939988 0.567098 -0.0480771 -0.541106 0.026158 -6.51852e-05 
0.950362 0.567098 -0.0500968 -0.586734 0.0203091 -2.96227e-05 
0.959633 0.567098 -0.0467108 -0.597601 0.0147751 -3.40056e-06 
0.968903 0.567098 -0.0388636 -0.550744 0.00940764 -2.76165e-05 
0.977148 0.567098 -0.0257217 -0.453625 0.00522594 5.58164e-05 
0.985394 0.567098 -0.0126547 -0.297044 0.00209013 -4.4479e-05 
0.992697 0.567098 -0.00357618 -0.140393 0.000502652 6.13727e-05 
1 0.567098 0 0 0 -5.27003e-05 

0 0.589297 0 0 0 0.000188848 
0.00730325 0.589297 0.00196631 0.0567537 0.000203934 0.000244285 
0.0146065 0.589297 0.00711112 0.117687 0.000837328 0.000191287 
0.0228517 0.589297 0.015069 0.184379 0.00208751 0.000242027 
0.031097 0.589297 0.0240014 0.241923 0.0038497 0.000196796 
0.0403673 0.589297 0.0324867 0.294781 0.0063457 0.000220318 
0.0496377 0.589297 0.0399356 0.334625 0.00927153 0.000190839 
0.0600123 0.589297 0.0461774 0.367648 0.0129199 0.000183058 
0.0703869 0.589297 0.0514316 0.392551 0.016869 0.000155808 
0.0819372 0.589297 0.056094 0.411943 0.0215217 0.00012871 
0.0934875 0.589297 0.0599144 0.423269 0.0263521 9.56827e-05 
0.106272 0.589297 0.0626969 0.427258 0.0317972 5.28353e-05 
0.119057 0.589297 0.0644055 0.423122 0.0372416 1.65977e-05 
0.133119 0.589297 0.0649701 0.411998 0.0431179 -3.74017e-05 
0.14718 0.589297 0.0647763 0.396758 0.0488091 -7.49785e-05 
0.162537 0.589297 0.0640965 0.377994 0.0547584 -0.000131614 
0.177894 0.589297 0.0632085 0.359233 0.0604196 -0.000171003 
0.194538 0.589297 0.0624492 0.339618 0.0662345 -0.000225184 
0.211181 0.589297 0.0617523 0.320941 0.0717307 -0.000266891 
0.22907 0.589297 0.0612583 0.301612 0.0772991 -0.000317947 
0.246958 0.589297 0.060777 0.282471 0.0825234 -0.00036062 
0.266013 0.589297 0.0603516 0.262242 0.0877136 -0.000408486 
0.285068 0.589297 0.0598836 0.242035 0.0925185 -0.000449903 
0.305174 0.589297 0.0594427 0.220862 0.097172 -0.000493253 
0.32528 0.589297 0.058951 0.199839 0.101401 -0.000531501 
0.346282 0.589297 0.0584498 0.178072 0.10537 -0.000568724 
0.367284 0.589297 0.0578522 0.156457 0.108883 -0.000601839 
0.388994 0.589297 0.0571525 0.13427 0.112039 -0.000631497 
0.410703 0.589297 0.0562909 0.112227 0.114714 -0.000657443 
0.432902 0.589297 0.0552315 0.0898102 0.116957 -0.000678244 
0.455101 0.589297 0.0539455 0.0675172 0.118703 -0.000695265 
0.477551 0.589297 0.0523773 0.0450447 0.119966 -0.000706283 
0.5 0.589297 0.0505263 0.0226513 0.120726 -0.000713137 
0.522449 0.589297 0.04834 0.000260403 0.120983 -0.000714015 
0.544899 0.589297 0.0458362 -0.0221185 0.120738 -0.000710186 
0.567098 0.589297 0.0429902 -0.0443279 0.12 -0.000701249 
0.589297 0.589297 0.0398181 -0.0666085 0.118769 -0.00068705 
0.611006 0.589297 0.0363477 -0.0885684 0.117084 -0.000669312 
0.632716 0.589297 0.0325724 -0.110696 0.114922 -0.000645857 
0.653718 0.589297 0.0285913 -0.13237 0.112369 -0.000620895 
0.67472 0.589297 0.0243538 -0.154311 0.109359 -0.000589948 
0.694826 0.589297 0.0200364 -0.175668 0.106043 -0.000559706 
0.714932 0.589297 0.0155293 -0.197384 0.102293 -0.000523451 
0.733987 0.589297 0.0110851 -0.218386 0.0983321 -0.000490005 
0.753042 0.589297 0.00652968 -0.239811 0.0939672 -0.000450813 
0.77093 0.589297 0.00217874 -0.260416 0.0894939 -0.000416147 
0.788819 0.589297 -0.0022052 -0.281556 0.0846473 -0.000376329 
0.805462 0.589297 -0.00626677 -0.301795 0.0797937 -0.000342138 
0.822106 0.589297 -0.0102837 -0.32262 0.0745984 -0.00030375 
0.837463 0.589297 -0.0138553 -0.342189 0.0694941 -0.000271218 
0.85282 0.589297 -0.0172976 -0.361885 0.0640883 -0.000236247 
0.866881 0.589297 -0.0202203 -0.379628 0.0588744 -0.000206283 
0.880943 0.589297 -0.0229619 -0.396607 0.0534165 -0.000177072 
0.893728 0.589297 -0.0251903 -0.412023 0.0482488 -0.000149734 
0.906513 0.589297 -0.0275401 -0.428383 0.042878 -0.000127122 
0.918063 0.589297 -0.0303532 -0.450835 0.0378151 -0.000105839 
0.929613 0.589297 -0.0340417 -0.488081 0.0324075 -7.89229e-05 
0.939988 0.589297 -0.0383824 -0.533302 0.0271163 -7.14769e-05 
0.950362 0.589297 -0.0415144 -0.585998 0.0213175 -4.10326e-05 
0.959633 0.589297 -0.0401177 -0.608229 0.0157412 -1.98676e-05 
0.968903 0.589297 -0.034628 -0.576315 0.0102103 -3.99293e-05 
0.977148 0.589297 -0.0235817 -0.487988 0.00577539 3.6563e-05 
0.985394 0.589297 -0.0120879 -0.328727 0.00236122 -5.93761e-05 
0.992697 0.589297 -0.00347952 -0.160539 0.00058054 4.67383e-05 
1 0.589297 0 0 0 -7.02553e-05 

0 0.611006 0 0 0 0.000175642 
0.00730325 0.611006 0.00191026 0.0456027 0.000162263 0.000225588 
0.0146065 0.611006 0.00701675 0.0984477 0.000684135 0.000178048 
0.0228517 0.611006 0.0155535 0.160135 0.00175364 0.000228775 
0.031097 0.611006 0.025586 0.217452 0.00331384 0.000182672 
0.0403673 0.611006 0.0360832 0.273199 0.00559838 0.000213873 
0.0496377 0.611006 0.0458124 0.31662 0.00834257 0.000182719 
0.0600123 0.611006 0.0543354 0.35332 0.0118264 0.00018307 
0.0703869 0.611006 0.061568 0.380749 0.0156428 0.000158321 
0.0819372 0.611006 0.0679744 0.40235 0.0201735 0.000136178 
0.0934875 0.611006 0.0732871 0.41591 0.024907 0.000106671 
0.106272 0.611006 0.077464 0.42237 0.0302748 6.6965e-05 
0.119057 0.611006 0.0803362 0.420471 0.0356715 3.3878e-05 
0.133119 0.611006 0.0818034 0.411248 0.0415246 -1.94472e-05 
0.14718 0.611006 0.0822274 0.397174 0.0472137 -5.43263e-05 
0.162537 0.611006 0.0819394 0.379003 0.0531737 -0.00011248 
0.177894 0.611006 0.0812845 0.360315 0.0588507 -0.000149988 
0.194538 0.611006 0.080731 0.34051 0.064681 -0.000205985 
0.211181 0.611006 0.080219 0.32159 0.070189 -0.000246489 
0.22907 0.611006 0.079994 0.302081 0.0757663 -0.000298578 
0.246958 0.611006 0.0797931 0.282856 0.0809972 -0.000340513 
0.266013 0.611006 0.0797032 0.262609 0.0861936 -0.000388911 
0.285068 0.611006 0.0795526 0.242396 0.0910047 -0.000430009 
0.305174 0.611006 0.0794435 0.221229 0.0956648 -0.000473854 
0.32528 0.611006 0.079258 0.200223 0.0999011 -0.000512178 
0.346282 0.611006 0.0790721 0.178507 0.103878 -0.000549898 
0.367284 0.611006 0.078764 0.156983 0.1074 -0.000583397 
0.388994 0.611006 0.0783487 0.134933 0.110568 -0.000613504 
0.410703 0.611006 0.0777342 0.113069 0.11326 -0.000640015 
0.432902 0.611006 0.0768948 0.0908706 0.115523 -0.00066119 
0.455101 0.611006 0.0757806 0.0688359 0.117295 -0.00067882 
0.477551 0.611006 0.0743402 0.0466553 0.118591 -0.000690079 
0.5 0.611006 0.0725605 0.0245862 0.119391 -0.000697465 
0.522449 0.611006 0.0703886 0.00254031 0.119695 -0.000698398 
0.544899 0.611006 0.0678345 -0.0194716 0.119505 -0.000694933 
0.567098 0.611006 0.0648732 -0.041309 0.11883 -0.000685845 
0.589297 0.611006 0.0615165 -0.063208 0.11767 -0.0006718 
0.611006 0.611006 0.0577958 -0.0848 0.116063 -0.000653733 
0.632716 0.611006 0.0536998 -0.106564 0.113986 -0.00063024 
0.653718 0.611006 0.0493368 -0.127904 0.111524 -0.000604852 
0.67472 0.611006 0.0446469 -0.149528 0.108611 -0.000573746 
0.694826 0.611006 0.0398242 -0.170612 0.105393 -0.000543113 
0.714932 0.611006 0.0347432 -0.192082 0.101747 -0.000506694 
0.733987 0.611006 0.0296846 -0.212893 0.0978895 -0.000473052 
0.753042 0.611006 0.02445 -0.234165 0.0936308 -0.000433819 
0.77093 0.611006 0.0193956 -0.254677 0.0892594 -0.000399293 
0.788819 0.611006 0.0142515 -0.275768 0.0845159 -0.000359679 
0.805462 0.611006 0.00942859 -0.29602 0.0797588 -0.000326019 
0.822106 0.611006 0.00459623 -0.316921 0.0746592 -0.000288143 
0.837463 0.611006 0.000208223 -0.336642 0.0696414 -0.000256578 
0.85282 0.611006 -0.0041089 -0.356557 0.0643194 -0.00022234 
0.866881 0.611006 -0.00790142 -0.374563 0.0591787 -0.000193754 
0.880943 0.611006 -0.0115797 -0.391891 0.0537897 -0.000165091 
0.893728 0.611006 -0.0147365 -0.407436 0.0486808 -0.000139578 
0.906513 0.611006 -0.0179732 -0.423297 0.0433712 -0.000117194 
0.918063 0.611006 -0.021375 -0.444331 0.0383744 -9.62553e-05 
0.929613 0.611006 -0.0255611 -0.479153 0.0330551 -7.18385e-05 
0.939988 0.611006 -0.0303794 -0.524285 0.0278616 -6.44154e-05 
0.950362 0.611006 -0.0343179 -0.582151 0.0221338 -3.66241e-05 
0.959633 0.611006 -0.0343424 -0.613948 0.0165515 -2.07558e-05 
0.968903 0.611006 -0.0305758 -0.595873 0.0109055 -3.69055e-05 
0.977148 0.611006 -0.0212383 -0.516526 0.00626412 3.10951e-05 
0.985394 0.611006 -0.0111634 -0.356521 0.00260951 -5.7589e-05 
0.992697 0.611006 -0.00324652 -0.178884 0.000653775 4.32037e-05 
1 0.611006 0 0 0 -6.98591e-05 

0 0.632716 0 0 0 0.000226144 
0.00730325 0.632716 0.00173459 0.0352333 0.000122777 0.00026464 
0.0146065 0.632716 0.00661045 0.0793501 0.000535122 0.000224096 
0.0228517 0.632716 0.0154773 0.134462 0.00141546 0.000268671 
0.031097 0.632716 0.0263737 0.189831 0.002751 0.000222486 
0.0403673 0.632716 0.0388047 0.247071 0.00478265 0.00025558 
0.0496377 0.632716 0.0508127 0.293847 0.00729629 0.000218521 
0.0600123 0.632716 0.0617118 0.334817 0.0105644 0.000219689 
0.0703869 0.632716 0.0710423 0.365509 0.0142046 0.000190958 
0.0819372 0.632716 0.0792836 0.389891 0.0185736 0.000165462 
0.0934875 0.632716 0.0861916 0.406044 0.023177 0.000134337 
0.106272 0.632716 0.0918988 0.415284 0.0284354 9.0609e-05 
0.119057 0.632716 0.0960646 0.416046 0.0337582 5.67505e-05 
0.133119 0.632716 0.0985489 0.409211 0.0395667 -1.12034e-06 
0.14718 0.632716 0.0996661 0.396736 0.0452398 -3.49695e-05 
0.162537 0.632716 0.0997984 0.379448 0.0512015 -9.76113e-05 
0.177894 0.632716 0.099372 0.360996 0.0568891 -0.000132641 
0.194538 0.632716 0.0989978 0.341035 0.0627308 -0.000191956 
0.211181 0.632716 0.0986278 0.321855 0.0682468 -0.000229927 
0.22907 0.632716 0.0986448 0.302111 0.0738277 -0.000284097 
0.246958 0.632716 0.098702 0.282779 0.079059 -0.000324277 
0.266013 0.632716 0.0989566 0.262505 0.0842547 -0.000374031 
0.285068 0.632716 0.0991356 0.242309 0.0890647 -0.000414055 
0.305174 0.632716 0.0993893 0.221168 0.093724 -0.000458872 
0.32528 0.632716 0.0995373 0.200207 0.0979601 -0.000496562 
0.346282 0.632716 0.0997051 0.178562 0.101938 -0.000534975 
0.367284 0.632716 0.0997201 0.157161 0.105463 -0.000568239 
0.388994 0.632716 0.0996321 0.135279 0.108637 -0.000598816 
0.410703 0.632716 0.0993027 0.113635 0.111339 -0.000625396 
0.432902 0.632716 0.0987265 0.0917012 0.113618 -0.000646813 
0.455101 0.632716 0.0978203 0.0699766 0.115412 -0.000664644 
0.477551 0.632716 0.0965452 0.0481424 0.116737 -0.000675865 
0.5 0.632716 0.0948649 0.0264566 0.117574 -0.000683435 
0.522449 0.632716 0.0927345 0.00481895 0.117925 -0.000683993 
0.544899 0.632716 0.0901476 -0.0167598 0.117791 -0.000680587 
0.567098 0.632716 0.0870869 -0.0381555 0.117181 -0.000670754 
0.589297 0.632716 0.0835517 -0.0596021 0.116096 -0.00065659 
0.611006 0.632716 0.0795854 -0.0807518 0.114573 -0.000637404 
0.632716 0.632716 0.0751622 -0.102077 0.112588 -0.000613609 
0.653718 0.632716 0.0704083 -0.123005 0.110225 -0.00058677 
0.67472 0.632716 0.0652437 -0.144232 0.107419 -0.000555219 
0.694826 0.632716 0.0598908 -0.164958 0.104311 -0.000522884 
0.714932 0.632716 0.0541971 -0.186101 0.100782 -0.000485957 
0.733987 0.632716 0.0484835 -0.206633 0.0970408 -0.000450483 
0.753042 0.632716 0.0425156 -0.227671 0.0929036 -0.000410795 
0.77093 0.632716 0.0367039 -0.248003 0.08865 -0.000374467 
0.788819 0.632716 0.0307336 -0.268974 0.0840269 -0.000334616 
0.805462 0.632716 0.0250861 -0.289155 0.0793833 -0.000299347 
0.822106 0.632716 0.0193668 -0.310055 0.074398 -0.000261647 
0.837463 0.632716 0.0140968 -0.329832 0.0694851 -0.000228927 
0.85282 0.632716 0.00883529 -0.349882 0.0642666 -0.000195385 
0.866881 0.632716 0.0041092 -0.36804 0.0592187 -0.000166387 
0.880943 0.632716 -0.000573767 -0.385592 0.0539199 -0.000138931 
0.893728 0.632716 -0.00472282 -0.401227 0.0488906 -0.000114456 
0.906513 0.632716 -0.00891352 -0.416813 0.0436618 -9.44694e-05 
0.918063 0.632716 -0.0129883 -0.43674 0.0387451 -7.52433e-05 
0.929613 0.632716 -0.0177394 -0.469302 0.0335254 -5.60781e-05 
0.939988 0.632716 -0.023076 -0.513956 0.0284405 -4.99726e-05 
0.950362 0.632716 -0.0278248 -0.575909 0.0228027 -2.683e-05 
0.959633 0.632716 -0.0291914 -0.616203 0.017243 -1.5723e-05 
0.968903 0.632716 -0.0270281 -0.611457 0.0115189 -3.03101e-05 
0.977148 0.632716 -0.0192214 -0.541417 0.00670563 3.09196e-05 
0.985394 0.632716 -0.0103923 -0.381883 0.00283887 -5.35984e-05 
0.992697 0.632716 -0.00306141 -0.196245 0.00072226 4.33701e-05 
1 0.632716 0 0 0 -6.76673e-05 

0 0.653718 0 0 0 0.000209966 
0.00730325 0.653718 0.00157858 0.0258187 8.84815e-05 0.000241642 
0.0146065 0.653718 0.0060498 0.0612303 0.000400617 0.00020844 
0.0228517 0.653718 0.0145755 0.108809 0.0010991 0.000248266 
0.031097 0.653718 0.0254798 0.160362 0.00220638 0.000205444 
0.0403673 0.653718 0.0390311 0.217055 0.00396214 0.000243897 
0.0496377 0.653718 0.0528111 0.266349 0.00620927 0.000205347 
0.0600123 0.653718 0.0661419 0.311657 0.00921778 0.000218617 
0.0703869 0.653718 0.0779118 0.346212 0.0126405 0.000191169 
0.0819372 0.653718 0.0883623 0.374179 0.01681 0.000175583 
0.0934875 0.653718 0.097133 0.393382 0.0212518 0.000148743 
0.106272 0.653718 0.104555 0.405802 0.0263702 0.000111676 
0.119057 0.653718 0.110231 0.409649 0.0315924 8.1609e-05 
0.133119 0.653718 0.114046 0.405758 0.037333 2.76274e-05 
0.14718 0.653718 0.116184 0.395402 0.0429733 -3.31232e-06 
0.162537 0.653718 0.116971 0.379465 0.0489253 -6.58388e-05 
0.177894 0.653718 0.116911 0.361513 0.054617 -9.88289e-05 
0.194538 0.653718 0.116722 0.341523 0.0604662 -0.000160033 
0.211181 0.653718 0.116455 0.322062 0.065987 -0.000196835 
0.22907 0.653718 0.116643 0.302011 0.0715675 -0.000252587 
0.246958 0.653718 0.11691 0.282476 0.076794 -0.000292281 
0.266013 0.653718 0.117491 0.262123 0.0819821 -0.000342862 
0.285068 0.653718 0.118017 0.241911 0.0867837 -0.000382971 
0.305174 0.653718 0.118661 0.220793 0.0914346 -0.000428464 
0.32528 0.653718 0.119181 0.199876 0.095663 -0.000466713 
0.346282 0.653718 0.119731 0.178308 0.0996337 -0.000505896 
0.367284 0.653718 0.120102 0.157029 0.103155 -0.000540041 
0.388994 0.653718 0.120368 0.135329 0.106327 -0.00057136 
0.410703 0.653718 0.120357 0.113922 0.109032 -0.000598953 
0.432902 0.653718 0.120074 0.0922811 0.111321 -0.000620981 
0.455101 0.653718 0.119409 0.0708994 0.113131 -0.000639773 
0.477551 0.653718 0.118325 0.0494525 0.114482 -0.000651392 
0.5 0.653718 0.116772 0.0281951 0.115353 -0.000659716 
0.522449 0.653718 0.114703 0.00701497 0.115748 -0.000660389 
0.544899 0.653718 0.112108 -0.0140766 0.115668 -0.000657427 
0.567098 0.653718 0.108965 -0.0349761 0.115123 -0.000647397 
0.589297 0.653718 0.105273 -0.0559097 0.114114 -0.000633323 
0.611006 0.653718 0.101074 -0.076558 0.112676 -0.000613655 
0.632716 0.653718 0.0963386 -0.0973767 0.110788 -0.000589605 
0.653718 0.653718 0.0911987 -0.117826 0.108528 -0.00056209 
0.67472 0.653718 0.0855675 -0.138582 0.105836 -0.000529999 
0.694826 0.653718 0.0796812 -0.158882 0.102845 -0.000496948 
0.714932 0.653718 0.0733752 -0.179615 0.0994428 -0.000459304 
0.733987 0.653718 0.0669942 -0.199798 0.0958283 -0.000423262 
0.753042 0.653718 0.0602842 -0.220516 0.0918241 -0.000382803 
0.77093 0.653718 0.0536936 -0.240601 0.0877004 -0.000346232 
0.788819 0.653718 0.0468777 -0.261366 0.0832115 -0.000305676 
0.805462 0.653718 0.040372 -0.281416 0.0786955 -0.000270572 
0.822106 0.653718 0.033734 -0.302215 0.0738396 -0.000232274 
0.837463 0.653718 0.0275359 -0.321965 0.0690472 -0.000200189 
0.85282 0.653718 0.0212787 -0.342025 0.0639492 -0.00016603 
0.866881 0.653718 0.0155548 -0.360234 0.0590113 -0.000138133 
0.880943 0.653718 0.00980527 -0.377837 0.0538216 -0.000109766 
0.893728 0.653718 0.00458687 -0.393494 0.0488908 -8.70329e-05 
0.906513 0.653718 -0.000682536 -0.408934 0.0437613 -6.55273e-05 
0.918063 0.653718 -0.00564119 -0.428056 0.038939 -4.75875e-05 
0.929613 0.653718 -0.0111762 -0.458647 0.0338296 -2.79559e-05 
0.939988 0.653718 -0.0171315 -0.502659 0.0288615 -2.23607e-05 
0.950362 0.653718 -0.0226524 -0.56762 0.0233282 6.21286e-07 
0.959633 0.653718 -0.0251219 -0.615212 0.017815 7.77009e-06 
0.968903 0.653718 -0.0242047 -0.622877 0.0120457 -3.29702e-06 
0.977148 0.653718 -0.0175599 -0.562035 0.00709408 5.18066e-05 
0.985394 0.653718 -0.00968699 -0.403968 0.00304496 -2.71132e-05 
0.992697 0.653718 -0.00287148 -0.211749 0.000784886 6.536e-05 
1 0.653718 0 0 0 -4.05643e-05 

0 0.67472 0 0 0 0.000266333 
0.00730325 0.67472 0.00127115 0.0177183 5.88607e-05 0.000285803 
0.0146065 0.67472 0.00509186 0.0448628 0.000281474 0.000263344 
0.0228517 0.67472 0.012966 0.084321 0.000809136 0.000293268 
0.031097 0.67472 0.023559 0.130459 0.00168942 0.000256414 
0.0403673 0.67472 0.0379223 0.184471 0.003151 0.000292582 
0.0496377 0.67472 0.0532481 0.234869 0.00509612 0.000250726 
0.0600123 0.67472 0.0690198 0.283933 0.00779444 0.000266616 
0.0703869 0.67472 0.0833436 0.322701 0.0109483 0.000232745 
0.0819372 0.67472 0.0961666 0.354993 0.0148692 0.000215878 
0.0934875 0.67472 0.106978 0.377835 0.0191089 0.000185782 
0.106272 0.67472 0.116284 0.393734 0.024049 0.000144765 
0.119057 0.67472 0.123653 0.400968 0.0291373 0.000113054 
0.133119 0.67472 0.129024 0.400421 0.0347793 5.47716e-05 
0.14718 0.67472 0.132377 0.39271 0.0403638 2.36323e-05 
0.162537 0.67472 0.133971 0.37861 0.0462902 -4.36254e-05 
0.177894 0.67472 0.134365 0.361529 0.0519776 -7.43209e-05 
0.194538 0.67472 0.134389 0.341674 0.05783 -0.000139476 
0.211181 0.67472 0.134208 0.321982 0.0633534 -0.000172869 
0.22907 0.67472 0.134541 0.301562 0.0689305 -0.000231096 
0.246958 0.67472 0.134979 0.281761 0.0741477 -0.000268085 
0.266013 0.67472 0.135885 0.261263 0.0793217 -0.000320099 
0.285068 0.67472 0.136761 0.241023 0.0841075 -0.000358692 
0.305174 0.67472 0.13784 0.219931 0.0887415 -0.000405168 
0.32528 0.67472 0.138773 0.199085 0.0929538 -0.000442711 
0.346282 0.67472 0.139761 0.177617 0.0969093 -0.000482662 
0.367284 0.67472 0.140535 0.156494 0.100418 -0.000516641 
0.388994 0.67472 0.14121 0.135006 0.103581 -0.000548554 
0.410703 0.67472 0.141563 0.113878 0.106282 -0.000576376 
0.432902 0.67472 0.141621 0.0925758 0.108574 -0.00059879 
0.455101 0.67472 0.141238 0.0715911 0.110395 -0.000617993 
0.477551 0.67472 0.140389 0.0505898 0.111766 -0.000629698 
0.5 0.67472 0.138998 0.0298236 0.112668 -0.000638406 
0.522449 0.67472 0.137029 0.00916703 0.113105 -0.00063876 
0.544899 0.67472 0.134451 -0.0113691 0.11308 -0.000636006 
0.567098 0.67472 0.131255 -0.0317001 0.112602 -0.000625174 
0.589297 0.67472 0.127422 -0.0520475 0.111672 -0.000611051 
0.611006 0.67472 0.123006 -0.0721145 0.110324 -0.000590067 
0.632716 0.67472 0.117961 -0.0923465 0.108539 -0.000565689 
0.653718 0.67472 0.112437 -0.112232 0.10639 -0.000536362 
0.67472 0.67472 0.106325 -0.13243 0.103821 -0.000503696 
0.694826 0.67472 0.0998926 -0.152212 0.10096 -0.000468395 
0.714932 0.67472 0.092944 -0.172446 0.0976966 -0.000430003 
0.733987 0.67472 0.0858684 -0.192183 0.094223 -0.000391388 
0.753042 0.67472 0.0783706 -0.212492 0.090368 -0.000350136 
0.77093 0.67472 0.0709618 -0.23223 0.0863911 -0.000310818 
0.788819 0.67472 0.0632435 -0.252709 0.0820546 -0.00026961 
0.805462 0.67472 0.0558301 -0.27253 0.0776846 -0.000231787 
0.822106 0.67472 0.0482077 -0.293144 0.0729782 -0.000193221 
0.837463 0.67472 0.0410246 -0.312748 0.0683263 -0.000158813 
0.85282 0.67472 0.0337025 -0.332723 0.0633706 -0.00012498 
0.866881 0.67472 0.0269202 -0.350856 0.0585641 -9.56237e-05 
0.880943 0.67472 0.0200351 -0.368393 0.0535068 -6.82667e-05 
0.893728 0.67472 0.0136908 -0.383967 0.0486975 -4.55394e-05 
0.906513 0.67472 0.00728182 -0.399333 0.0436906 -2.59786e-05 
0.918063 0.67472 0.00137487 -0.417829 0.0389818 -9.26768e-06 
0.929613 0.67472 -0.00500301 -0.446703 0.0339996 6.33095e-06 
0.939988 0.67472 -0.0116228 -0.489983 0.0291621 1.09338e-05 
0.950362 0.67472 -0.0179384 -0.557366 0.0237506 2.93984e-05 
0.959633 0.67472 -0.0214919 -0.611658 0.018306 3.26749e-05 
0.968903 0.67472 -0.0217741 -0.63158 0.0125176 2.05928e-05 
0.977148 0.67472 -0.0161947 -0.580234 0.00745078 7.05986e-05 
0.985394 0.67472 -0.00917485 -0.42441 0.00323802 -7.33141e-06 
0.992697 0.67472 -0.00275515 -0.226542 0.000844168 8.32705e-05 
1 0.67472 0 0 0 -2.33047e-05 

0 0.694826 0 0 0 0.000245163 
0.00730325 0.694826 0.00109632 0.0111722 3.54491e-05 0.000259195 
0.0146065 0.694826 0.00436447 0.0310773 0.000184396 0.000242051 
0.0228517 0.694826 0.011296 0.0626567 0.000565336 0.000265168 
0.031097 0.694826 0.0209528 0.102218 0.00123965 0.000233288 
0.0403673 0.694826 0.034989 0.151551 0.0024161 0.000269362 
0.0496377 0.694826 0.0506864 0.201046 0.00405082 0.000227706 
0.0600123 0.694826 0.0681593 0.252283 0.00641077 0.000256126 
0.0703869 0.694826 0.0848209 0.294887 0.00925762 0.000221107 
0.0819372 0.694826 0.100358 0.331966 0.0128886 0.000221104 
0.0934875 0.694826 0.113711 0.35897 0.0168896 0.000193932 
0.106272 0.694826 0.125281 0.378868 0.0216167 0.000165752 
0.119057 0.694826 0.134618 0.389783 0.0265406 0.000138412 
0.133119 0.694826 0.141824 0.392995 0.0320537 8.90996e-05 
0.14718 0.694826 0.146765 0.388438 0.0375572 6.12644e-05 
0.162537 0.694826 0.149589 0.376811 0.0434384 -1.65866e-06 
0.177894 0.694826 0.150817 0.361104 0.0491096 -3.01514e-05 
0.194538 0.694826 0.151257 0.341752 0.0549587 -9.55984e-05 
0.211181 0.694826 0.151256 0.321954 0.060482 -0.000127895 
0.22907 0.694826 0.151694 0.301153 0.0660537 -0.000187965 
0.246958 0.694826 0.152248 0.280968 0.0712588 -0.000224839 
0.266013 0.694826 0.153418 0.260208 0.0764139 -0.000278202 
0.285068 0.694826 0.154628 0.239837 0.0811771 -0.000317435 
0.305174 0.694826 0.156151 0.218729 0.0857863 -0.000364862 
0.32528 0.694826 0.157539 0.197933 0.0899744 -0.000403599 
0.346282 0.694826 0.159005 0.176569 0.0939063 -0.00044459 
0.367284 0.694826 0.160229 0.155607 0.0973939 -0.000480088 
0.388994 0.694826 0.161341 0.134344 0.100541 -0.000513095 
0.410703 0.694826 0.162093 0.113508 0.10323 -0.000542489 
0.432902 0.694826 0.162519 0.0925691 0.105517 -0.000565835 
0.455101 0.694826 0.162451 0.0720088 0.107343 -0.000586423 
0.477551 0.694826 0.161863 0.0514886 0.108729 -0.000598751 
0.5 0.694826 0.160668 0.0312522 0.109657 -0.000608486 
0.522449 0.694826 0.158823 0.0111624 0.110133 -0.000609061 
0.544899 0.694826 0.156295 -0.00877109 0.110159 -0.000606871 
0.567098 0.694826 0.153067 -0.0284837 0.109745 -0.000595818 
0.589297 0.694826 0.149119 -0.0481883 0.108893 -0.000581748 
0.611006 0.694826 0.144503 -0.0676177 0.107636 -0.000560125 
0.632716 0.694826 0.139171 -0.0871972 0.105955 -0.000535298 
0.653718 0.694826 0.133278 -0.106457 0.103921 -0.000505016 
0.67472 0.694826 0.12671 -0.126024 0.10148 -0.000471456 
0.694826 0.694826 0.119744 -0.145222 0.0987527 -0.00043505 
0.714932 0.694826 0.112174 -0.164873 0.0956352 -0.00039541 
0.733987 0.694826 0.104411 -0.184094 0.0923104 -0.000355754 
0.753042 0.694826 0.0961436 -0.203904 0.0886138 -0.000313024 
0.77093 0.694826 0.0879194 -0.22323 0.0847938 -0.00027293 
0.788819 0.694826 0.0793106 -0.243326 0.0806213 -0.000230131 
0.805462 0.694826 0.0709767 -0.262853 0.0764094 -0.000191936 
0.822106 0.694826 0.0623597 -0.283167 0.0718661 -0.000151658 
0.837463 0.694826 0.0541553 -0.302536 0.0673688 -0.000117387 
0.85282 0.694826 0.0457278 -0.322276 0.0625713 -8.15849e-05 
0.866881 0.694826 0.0378185 -0.34023 0.0579123 -5.29705e-05 
0.880943 0.694826 0.0297298 -0.357529 0.0530055 -2.323e-05 
0.893728 0.694826 0.022189 -0.372938 0.0483357 -1.99472e-06 
0.906513 0.694826 0.0145511 -0.388217 0.0434697 2.0433e-05 
0.918063 0.694826 0.00756575 -0.406289 0.0388903 3.55033e-05 
0.929613 0.694826 0.000199462 -0.433764 0.0340479 5.31746e-05 
0.939988 0.694826 -0.00717926 -0.476386 0.0293497 5.70244e-05 
0.950362 0.694826 -0.0143496 -0.545506 0.0240719 7.65875e-05 
0.959633 0.694826 -0.0189466 -0.605716 0.0187138 7.66356e-05 
0.968903 0.694826 -0.0203065 -0.637299 0.0129301 6.75517e-05 
0.977148 0.694826 -0.015528 -0.595448 0.00777183 0.000113849 
0.985394 0.694826 -0.00905127 -0.442654 0.00341599 3.70506e-05 
0.992697 0.694826 -0.00273883 -0.240181 0.00089977 0.000128033 
1 0.694826 0 0 0 2.10994e-05 

0 0.714932 0 0 0 0.000297629 
0.00730325 0.714932 0.000776922 0.00589038 1.69443e-05 0.000302021 
0.0146065 0.714932 0.00328876 0.0195986 0.000105463 0.000296106 
0.0228517 0.714932 0.00902955 0.0437366 0.000361018 0.000309736 
0.031097 0.714932 0.0174666 0.0762298 0.000849912 0.000288968 
0.0403673 0.714932 0.0307216 0.119366 0.00175364 0.000318063 
0.0496377 0.714932 0.0463443 0.166006 0.00307306 0.000280424 
0.0600123 0.714932 0.0651848 0.217378 0.00506574 0.000309204 
0.0703869 0.714932 0.0839981 0.262879 0.0075604 0.00026867 
0.0819372 0.714932 0.102332 0.304707 0.010846 0.000270328 
0.0934875 0.714932 0.118414 0.336418 0.0145563 0.000236914 
0.106272 0.714932 0.132469 0.360866 0.0190217 0.000206353 
0.119057 0.714932 0.143994 0.375882 0.0237398 0.000176124 
0.133119 0.714932 0.153291 0.383094 0.0290842 0.000123062 
0.14718 0.714932 0.160082 0.382087 0.0344727 9.38726e-05 
0.162537 0.714932 0.164453 0.373453 0.0402802 2.68498e-05 
0.177894 0.714932 0.166768 0.359694 0.0459162 -5.59611e-07 
0.194538 0.714932 0.16782 0.341246 0.0517513 -6.99859e-05 
0.211181 0.714932 0.168102 0.321597 0.0572698 -9.86088e-05 
0.22907 0.714932 0.168692 0.300446 0.0628336 -0.000161368 
0.246958 0.714932 0.169352 0.27984 0.068024 -0.000194385 
0.266013 0.714932 0.170783 0.258718 0.0731552 -0.000249193 
0.285068 0.714932 0.172314 0.238153 0.0778891 -0.000286078 
0.305174 0.714932 0.174321 0.216988 0.0824645 -0.000334442 
0.32528 0.714932 0.176207 0.196249 0.0866185 -0.000372303 
0.346282 0.714932 0.178231 0.175009 0.0905167 -0.000414147 
0.367284 0.714932 0.179976 0.154248 0.0939737 -0.000449648 
0.388994 0.714932 0.181608 0.133248 0.0970938 -0.000483456 
0.410703 0.714932 0.182824 0.112752 0.0997633 -0.000513338 
0.432902 0.714932 0.183685 0.0922247 0.102038 -0.00053732 
0.455101 0.714932 0.183985 0.0721438 0.103861 -0.000558602 
0.477551 0.714932 0.183712 0.0521644 0.105256 -0.000571243 
0.5 0.714932 0.182752 0.032521 0.106206 -0.000581628 
0.522449 0.714932 0.181073 0.0130661 0.106717 -0.000582038 
0.544899 0.714932 0.178619 -0.00619538 0.106793 -0.000580281 
0.567098 0.714932 0.175388 -0.0252146 0.106444 -0.000568466 
0.589297 0.714932 0.171341 -0.0442012 0.105673 -0.000554518 
0.611006 0.714932 0.166545 -0.0629123 0.10451 -0.000531468 
0.632716 0.714932 0.160933 -0.0817599 0.102939 -0.000506428 
0.653718 0.714932 0.154683 -0.100307 0.101027 -0.000474025 
0.67472 0.714932 0.147654 -0.119159 0.0987224 -0.000439948 
0.694826 0.714932 0.140157 -0.137675 0.0961405 -0.000400752 
0.714932 0.714932 0.131946 -0.156654 0.0931817 -0.000360371 
0.733987 0.714932 0.123487 -0.175255 0.0900196 -0.000317319 
0.753042 0.714932 0.114416 -0.194478 0.0864972 -0.000273765 
0.77093 0.714932 0.105358 -0.213285 0.0828507 -0.000229758 
0.788819 0.714932 0.0958115 -0.23291 0.0788605 -0.000186269 
0.805462 0.714932 0.086523 -0.252022 0.0748256 -0.000143897 
0.822106 0.714932 0.0768459 -0.271941 0.070466 -0.000103376 
0.837463 0.714932 0.0675679 -0.290927 0.0661443 -6.51621e-05 
0.85282 0.714932 0.0579541 -0.310316 0.061528 -2.9921e-05 
0.866881 0.714932 0.0488524 -0.327932 0.0570398 1.76813e-06 
0.880943 0.714932 0.039473 -0.344892 0.0523087 2.98994e-05 
0.893728 0.714932 0.0306703 -0.360005 0.0478029 5.28883e-05 
0.906513 0.714932 0.0217255 -0.375215 0.0431034 7.24832e-05 
0.918063 0.714932 0.0135951 -0.392956 0.0386758 8.81227e-05 
0.929613 0.714932 0.00516982 -0.419313 0.0339936 0.000101007 
0.939988 0.714932 -0.00302518 -0.461268 0.0294508 0.000106011 
0.950362 0.714932 -0.0110938 -0.531738 0.0243249 0.00011977 
0.959633 0.714932 -0.0167539 -0.597518 0.0190738 0.000118353 
0.968903 0.714932 -0.0191886 -0.640974 0.0133165 0.000104788 
0.977148 0.714932 -0.0151827 -0.609187 0.00808276 0.000149004 
0.985394 0.714932 -0.00919917 -0.460389 0.00359336 6.68036e-05 
0.992697 0.714932 -0.00283537 -0.253966 0.000956156 0.000163517 
1 0.714932 0 0 0 4.5641e-05 

0 0.733987 0 0 0 0.000272649 
0.00730325 0.733987 0.000642164 0.00212447 3.67019e-06 0.000274496 
0.0146065 0.733987 0.00265775 0.0109415 4.72939e-05 0.000269512 
0.0228517 0.733987 0.00737521 0.0287239 0.000205369 0.000278243 
0.031097 0.733987 0.0144964 0.054381 0.000542563 0.00025971 
0.0403673 0.733987 0.0262502 0.0907112 0.00121081 0.000284557 
0.0496377 0.733987 0.0406843 0.132626 0.00224186 0.000248047 
0.0600123 0.733987 0.0594501 0.181749 0.00387543 0.000283869 
0.0703869 0.733987 0.0791621 0.228271 0.00600533 0.000241066 
0.0819372 0.733987 0.0997383 0.273807 0.00891507 0.000262894 
0.0934875 0.733987 0.1186 0.310064 0.0122973 0.000228912 
0.106272 0.733987 0.135598 0.339545 0.0164619 0.000219936 
0.119057 0.733987 0.149817 0.359008 0.0209392 0.000193021 
0.133119 0.733987 0.161542 0.370582 0.02608 0.00015615 
0.14718 0.733987 0.17051 0.373412 0.0313218 0.000130727 
0.162537 0.733987 0.176827 0.368308 0.0370255 7.45523e-05 
0.177894 0.733987 0.18075 0.357079 0.0426035 4.95962e-05 
0.194538 0.733987 0.182901 0.340162 0.0484087 -1.55576e-05 
0.211181 0.733987 0.183866 0.321069 0.0539141 -4.32964e-05 
0.22907 0.733987 0.184772 0.299784 0.0594663 -0.000106741 
0.246958 0.733987 0.185611 0.278756 0.06464 -0.000140311 
0.266013 0.733987 0.187254 0.257173 0.0697446 -0.00019707 
0.285068 0.733987 0.189071 0.236267 0.0744445 -0.00023548 
0.305174 0.733987 0.191523 0.214939 0.0789794 -0.000285473 
0.32528 0.733987 0.193917 0.19418 0.0830913 -0.000325404 
0.346282 0.733987 0.196525 0.173044 0.0869467 -0.000368725 
0.367284 0.733987 0.198841 0.15248 0.0903642 -0.000406523 
0.388994 0.733987 0.201033 0.131762 0.0934489 -0.00044183 
0.410703 0.733987 0.202759 0.111626 0.09609 -0.000473919 
0.432902 0.733987 0.204082 0.0915371 0.0983444 -0.000499228 
0.455101 0.733987 0.204779 0.071962 0.100158 -0.000522352 
0.477551 0.733987 0.204839 0.0525563 0.101555 -0.00053592 
0.5 0.733987 0.204137 0.0335389 0.102521 -0.000547609 
0.522449 0.733987 0.202638 0.0147562 0.103063 -0.000548415 
0.544899 0.733987 0.200284 -0.00379427 0.103185 -0.000547337 
0.567098 0.733987 0.197067 -0.0220803 0.102897 -0.000535343 
0.589297 0.733987 0.19295 -0.0403049 0.102204 -0.000521428 
0.611006 0.733987 0.187999 -0.0582555 0.101134 -0.000497652 
0.632716 0.733987 0.182144 -0.07632 0.0996721 -0.000472013 
0.653718 0.733987 0.175565 -0.0941067 0.097882 -0.000438433 
0.67472 0.733987 0.168114 -0.112179 0.0957151 -0.000403161 
0.694826 0.733987 0.160112 -0.129958 0.0932805 -0.00036251 
0.714932 0.733987 0.151306 -0.14819 0.0904838 -0.000320414 
0.733987 0.733987 0.142181 -0.166117 0.0874889 -0.000275856 
0.753042 0.733987 0.13236 -0.184669 0.0841465 -0.000230184 
0.77093 0.733987 0.122495 -0.202901 0.08068 -0.000184849 
0.788819 0.733987 0.112055 -0.221946 0.07688 -0.000138873 
0.805462 0.733987 0.101812 -0.240568 0.073031 -9.55768e-05 
0.822106 0.733987 0.0910823 -0.259948 0.0688658 -5.20977e-05 
0.837463 0.733987 0.0806916 -0.278453 0.0647311 -1.35774e-05 
0.85282 0.733987 0.0698581 -0.297306 0.0603096 2.52082e-05 
0.866881 0.733987 0.0594881 -0.314481 0.0560066 5.63484e-05 
0.880943 0.733987 0.0487527 -0.330926 0.0514672 8.85944e-05 
0.893728 0.733987 0.0386187 -0.345691 0.0471415 0.000110121 
0.906513 0.733987 0.0283041 -0.360747 0.0426253 0.000134063 
0.918063 0.733987 0.0189516 -0.378319 0.0383642 0.000147758 
0.929613 0.733987 0.00938994 -0.403844 0.0338542 0.000163879 
0.939988 0.733987 0.000338096 -0.445299 0.0294749 0.00016808 
0.950362 0.733987 -0.00870189 -0.516538 0.0245111 0.000183413 
0.959633 0.733987 -0.0155064 -0.587288 0.0193821 0.000179155 
0.968903 0.733987 -0.0191054 -0.642192 0.0136708 0.000168175 
0.977148 0.733987 -0.0157719 -0.620748 0.0083801 0.000210514 
0.985394 0.733987 -0.01002 -0.4772 0.00376969 0.000123281 
0.992697 0.733987 -0.00312485 -0.267868 0.00101354 0.000229016 
1 0.733987 0 0 0 9.86477e-05 

0 0.753042 0 0 0 0.000318166 
0.00730325 0.753042 0.00040101 -0.000783039 -6.04572e-06 0.000312998 
0.0146065 0.753042 0.00184205 0.00418833 3.18837e-06 0.00031849 
0.0228517 0.753042 0.00540956 0.016535 8.40825e-05 0.00031906 
0.031097 0.753042 0.0110678 0.0359945 0.000296097 0.000314702 
0.0403673 0.753042 0.0209987 0.0652888 0.000760627 0.000329504 
0.0496377 0.753042 0.0338513 0.101386 0.00152808 0.000306064 
0.0600123 0.753042 0.0519461 0.146188 0.00281141 0.000335286 
0.0703869 0.753042 0.0719663 0.191843 0.0045634 0.000295578 
0.0819372 0.753042 0.0944097 0.239426 0.00705975 0.000316903 
0.0934875 0.753042 0.115857 0.2797 0.010063 0.000277041 
0.106272 0.753042 0.135913 0.314368 0.0138692 0.000267461 
0.119057 0.753042 0.153018 0.338814 0.0180535 0.000235325 
0.133119 0.753042 0.167435 0.355091 0.022941 0.000195538 
0.14718 0.753042 0.178826 0.362111 0.0279929 0.000167965 
0.162537 0.753042 0.187442 0.360845 0.0335517 0.000108636 
0.177894 0.753042 0.193315 0.352644 0.0390384 8.33568e-05 
0.194538 0.753042 0.19698 0.33779 0.0447882 1.51141e-05 
0.211181 0.753042 0.198954 0.319762 0.0502648 -1.01061e-05 
0.22907 0.753042 0.200445 0.298606 0.0557964 -7.59482e-05 
0.246958 0.753042 0.201611 0.277298 0.0609485 -0.000105275 
0.266013 0.753042 0.203556 0.255218 0.0660218 -0.000163383 
0.285068 0.753042 0.20568 0.233916 0.0706818 -0.00019851 
0.305174 0.753042 0.20861 0.21235 0.0751676 -0.000249413 
0.32528 0.753042 0.211534 0.191539 0.0792272 -0.000288041 
0.346282 0.753042 0.214786 0.170504 0.0830284 -0.000332372 
0.367284 0.753042 0.217733 0.150168 0.086395 -0.000370315 
0.388994 0.753042 0.22057 0.129776 0.0894328 -0.000406756 
0.410703 0.753042 0.222877 0.110054 0.0920351 -0.000439683 
0.432902 0.753042 0.224739 0.0904627 0.0942599 -0.000466028 
0.455101 0.753042 0.225893 0.0714552 0.0960561 -0.000490196 
0.477551 0.753042 0.226345 0.052687 0.0974487 -0.000504452 
0.5 0.753042 0.225946 0.0343601 0.0984248 -0.0005171 
0.522449 0.753042 0.224676 0.0163172 0.0989929 -0.000518035 
0.544899 0.753042 0.222457 -0.00145545 0.0991588 -0.000517658 
0.567098 0.753042 0.219298 -0.0189375 0.0989318 -0.000505074 
0.589297 0.753042 0.215138 -0.0363308 0.0983175 -0.000491521 
0.611006 0.753042 0.210068 -0.0534442 0.0973425 -0.00046633 
0.632716 0.753042 0.203985 -0.0706518 0.0959947 -0.00044071 
0.653718 0.753042 0.197104 -0.0875916 0.0943325 -0.000404827 
0.67472 0.753042 0.189235 -0.104804 0.0923116 -0.000369283 
0.694826 0.753042 0.180751 -0.121753 0.0900338 -0.000325394 
0.714932 0.753042 0.171345 -0.139156 0.0874106 -0.000282832 
0.733987 0.753042 0.161574 -0.156309 0.0845954 -0.000234042 
0.753042 0.753042 0.150987 -0.174108 0.0814473 -0.000187864 
0.77093 0.753042 0.140321 -0.191645 0.0781761 -0.000137345 
0.788819 0.753042 0.128945 -0.210015 0.0745839 -9.1094e-05 
0.805462 0.753042 0.117726 -0.227991 0.0709391 -4.19911e-05 
0.822106 0.753042 0.105867 -0.246719 0.066989 1.09665e-06 
0.837463 0.753042 0.0943122 -0.264553 0.063063 4.54699e-05 
0.85282 0.753042 0.0821536 -0.282744 0.0588606 8.2636e-05 
0.866881 0.753042 0.0704451 -0.299275 0.0547675 0.000119013 
0.880943 0.753042 0.0582392 -0.315133 0.0504468 0.000147941 
0.893728 0.753042 0.0467054 -0.329404 0.0463272 0.000173928 
0.906513 0.753042 0.0349227 -0.344344 0.0420211 0.000192557 
0.918063 0.753042 0.0242853 -0.361783 0.0379506 0.000210245 
0.929613 0.753042 0.0135031 -0.386812 0.0336349 0.000218503 
0.939988 0.753042 0.00353044 -0.427737 0.0294364 0.000228487 
0.950362 0.753042 -0.00654579 -0.499362 0.0246542 0.000234479 
0.959633 0.753042 -0.0145405 -0.574719 0.0196693 0.00023414 
0.968903 0.753042 -0.0193331 -0.64147 0.0140259 0.000213918 
0.977148 0.753042 -0.0167106 -0.631341 0.00869216 0.000259398 
0.985394 0.753042 -0.0111878 -0.494812 0.00396276 0.000157122 
0.992697 0.753042 -0.00356938 -0.283214 0.00107804 0.000282034 
1 0.753042 0 0 0 0.000122984 

0 0.77093 0 0 0 0.00028998 
0.00730325 0.77093 0.000318094 -0.00261204 -1.23402e-05 0.000286378 
0.0146065 0.77093 0.00137222 -0.000476908 -2.63839e-05 0.000287223 
0.0228517 0.77093 0.00412822 0.00774085 -4.69212e-07 0.00028819 
0.031097 0.77093 0.00860864 0.0220138 0.000118168 0.000279659 
0.0403673 0.77093 0.0167888 0.0450596 0.000423902 0.000292812 
0.0496377 0.77093 0.027743 0.0748855 0.000974711 0.00026679 
0.0600123 0.77093 0.0440679 0.11417 0.00195269 0.000298015 
0.0703869 0.77093 0.0629446 0.156784 0.00335561 0.000255081 
0.0819372 0.77093 0.0856899 0.204157 0.00544547 0.000292369 
0.0934875 0.77093 0.108574 0.246787 0.00805527 0.00024873 
0.106272 0.77093 0.131276 0.286009 0.0114732 0.000266483 
0.119057 0.77093 0.151444 0.315319 0.0153292 0.000234407 
0.133119 0.77093 0.168948 0.33666 0.019926 0.000220404 
0.14718 0.77093 0.183197 0.34806 0.0247529 0.000196081 
0.162537 0.77093 0.194426 0.350952 0.0301311 0.000155771 
0.177894 0.77093 0.202686 0.3461 0.0354941 0.000133336 
0.194538 0.77093 0.208393 0.333899 0.0411592 7.65756e-05 
0.211181 0.77093 0.212013 0.317493 0.046586 5.2066e-05 
0.22907 0.77093 0.214599 0.296978 0.0520831 -1.0445e-05 
0.246958 0.77093 0.216496 0.275679 0.0572061 -4.13287e-05 
0.266013 0.77093 0.218895 0.253204 0.0622437 -0.00010102 
0.285068 0.77093 0.221402 0.231463 0.0668601 -0.000139076 
0.305174 0.77093 0.224771 0.209566 0.0712921 -0.000192655 
0.32528 0.77093 0.228198 0.188594 0.0752933 -0.000234629 
0.346282 0.77093 0.232058 0.167599 0.0790326 -0.000281376 
0.367284 0.77093 0.235638 0.14745 0.0823398 -0.000322558 
0.388994 0.77093 0.239123 0.127387 0.0853222 -0.000361125 
0.410703 0.77093 0.242039 0.108092 0.0878774 -0.000396902 
0.432902 0.77093 0.24446 0.0890252 0.0900645 -0.000425049 
0.455101 0.77093 0.246103 0.0706098 0.0918355 -0.000451471 
0.477551 0.77093 0.246968 0.0525072 0.0932168 -0.000467026 
0.5 0.77093 0.246901 0.0348948 0.0941971 -0.000481204 
0.522449 0.77093 0.24588 0.0176167 0.0947858 -0.000482793 
0.544899 0.77093 0.243825 0.000645171 0.09499 -0.000483178 
0.567098 0.77093 0.240744 -0.0160081 0.0948188 -0.00047055 
0.589297 0.77093 0.236573 -0.0325432 0.094279 -0.000456997 
0.611006 0.77093 0.231404 -0.0487919 0.0933954 -0.000431092 
0.632716 0.77093 0.225133 -0.0651073 0.0921582 -0.000404733 
0.653718 0.77093 0.217977 -0.0811705 0.0906213 -0.000367572 
0.67472 0.77093 0.209747 -0.0974803 0.0887444 -0.000330588 
0.694826 0.77093 0.200824 -0.113571 0.086622 -0.000285033 
0.714932 0.77093 0.190897 -0.130093 0.0841716 -0.000240387 
0.733987 0.77093 0.180534 -0.146439 0.0815363 -0.000189774 
0.753042 0.77093 0.169266 -0.163408 0.0785835 -0.000140856 
0.77093 0.77093 0.157833 -0.180194 0.0755098 -8.86297e-05 
0.788819 0.77093 0.145582 -0.19776 0.0721287 -3.88204e-05 
0.805462 0.77093 0.133378 -0.215001 0.0686931 1.15129e-05 
0.822106 0.77093 0.120407 -0.232895 0.064965 5.91904e-05 
0.837463 0.77093 0.107632 -0.249955 0.0612562 0.000103904 
0.85282 0.77093 0.0941262 -0.267262 0.0572834 0.000146772 
0.866881 0.77093 0.0809955 -0.283065 0.0534119 0.000182167 
0.880943 0.77093 0.067281 -0.298157 0.0493231 0.000217665 
0.893728 0.77093 0.0542905 -0.311954 0.0454227 0.000241397 
0.906513 0.77093 0.0410314 -0.326658 0.04134 0.000266721 
0.918063 0.77093 0.0290844 -0.344151 0.0374719 0.000281371 
0.929613 0.77093 0.017092 -0.368912 0.0333598 0.000294915 
0.939988 0.77093 0.00624813 -0.409535 0.0293476 0.000303485 
0.950362 0.77093 -0.00485556 -0.480904 0.0247544 0.000312137 
0.959633 0.77093 -0.0141298 -0.56025 0.0199267 0.000308635 
0.968903 0.77093 -0.0203562 -0.638227 0.0143698 0.000292028 
0.977148 0.77093 -0.0185748 -0.639952 0.00901115 0.000335483 
0.985394 0.77093 -0.0131727 -0.512621 0.00417044 0.000223123 
0.992697 0.77093 -0.00425033 -0.300162 0.00114922 0.000367062 
1 0.77093 0 0 0 0.000178905 

0 0.788819 0 0 0 0.000332427 
0.00730325 0.788819 0.000142981 -0.00391904 -1.64391e-05 0.000320013 
0.0146065 0.788819 0.000855524 -0.00378147 -4.68705e-05 0.000334703 
0.0228517 0.788819 0.00279017 0.00103033 -6.17012e-05 0.000324535 
0.031097 0.788819 0.00612089 0.0111188 -1.50762e-05 0.000334098 
0.0403673 0.788819 0.0124772 0.0284169 0.000163381 0.000332689 
0.0496377 0.788819 0.0213678 0.0522511 0.000532631 0.000327837 
0.0600123 0.788819 0.0354979 0.0851742 0.00124128 0.000343522 
0.0703869 0.788819 0.0526322 0.123432 0.00231901 0.000317236 
0.0819372 0.788819 0.074941 0.168378 0.00400562 0.000344204 
0.0934875 0.788819 0.09849 0.211775 0.0062018 0.000304449 
0.106272 0.788819 0.123412 0.254305 0.00918906 0.000317974 
0.119057 0.788819 0.146372 0.28824 0.0126647 0.000281619 
0.133119 0.788819 0.167075 0.314768 0.0169143 0.000264803 
0.14718 0.788819 0.18432 0.33097 0.0214645 0.000237367 
0.162537 0.788819 0.198471 0.33822 0.0266119 0.000194714 
0.177894 0.788819 0.209401 0.337044 0.0318064 0.00017149 
0.194538 0.788819 0.217627 0.327848 0.0373454 0.00011314 
0.211181 0.788819 0.223347 0.313568 0.0426896 8.94617e-05 
0.22907 0.788819 0.227579 0.294143 0.0481269 2.5623e-05 
0.246958 0.788819 0.230643 0.273254 0.0532042 -2.36857e-06 
0.266013 0.788819 0.233865 0.250561 0.0581944 -6.30701e-05 
0.285068 0.788819 0.236982 0.228484 0.0627583 -9.78715e-05 
0.305174 0.788819 0.240942 0.206242 0.0671275 -0.000152418 
0.32528 0.788819 0.244944 0.185094 0.0710604 -0.000192725 
0.346282 0.788819 0.249474 0.164124 0.0747265 -0.000240799 
0.367284 0.788819 0.253725 0.14417 0.0779627 -0.000282088 
0.388994 0.788819 0.257923 0.124469 0.0808776 -0.000322298 
0.410703 0.788819 0.261502 0.105647 0.0833742 -0.000359172 
0.432902 0.788819 0.264553 0.0871636 0.0855132 -0.00038893 
0.455101 0.788819 0.26674 0.069402 0.0872497 -0.000416721 
0.477551 0.788819 0.268079 0.0520312 0.0886118 -0.000433498 
0.5 0.788819 0.268387 0.0351974 0.0895898 -0.000448921 
0.522449 0.788819 0.267658 0.0187515 0.0901945 -0.000451077 
0.544899 0.788819 0.265792 0.00264523 0.0904337 -0.000452416 
0.567098 0.788819 0.262818 -0.0131111 0.0903167 -0.000439524 
0.589297 0.788819 0.258651 -0.0287234 0.0898514 -0.000426594 
0.611006 0.788819 0.253413 -0.044037 0.0890609 -0.000399463 
0.632716 0.788819 0.246967 -0.0593951 0.0879372 -0.000373431 
0.653718 0.788819 0.239577 -0.0745085 0.0865304 -0.000333954 
0.67472 0.788819 0.231006 -0.0898513 0.0848036 -0.000297084 
0.694826 0.788819 0.221697 -0.105004 0.0828441 -0.000247964 
0.714932 0.788819 0.211267 -0.12058 0.0805756 -0.00020334 
0.733987 0.788819 0.200358 -0.136017 0.0781305 -0.000147785 
0.753042 0.788819 0.1884 -0.152074 0.0753852 -9.90099e-05 
0.77093 0.788819 0.176218 -0.167967 0.0725224 -4.05152e-05 
0.788819 0.788819 0.163036 -0.184619 0.0693687 8.63948e-06 
0.805462 0.788819 0.149829 -0.200927 0.06616 6.6251e-05 
0.822106 0.788819 0.13564 -0.21786 0.0626748 0.000112137 
0.837463 0.788819 0.121595 -0.233912 0.0592053 0.000164663 
0.85282 0.788819 0.106602 -0.250221 0.0554875 0.000203782 
0.866881 0.788819 0.0919909 -0.265056 0.0518636 0.000247136 
0.880943 0.788819 0.0766277 -0.279372 0.0480348 0.000276132 
0.893728 0.788819 0.0621407 -0.292545 0.04438 0.000308377 
0.906513 0.788819 0.0472998 -0.307135 0.0405479 0.000323839 
0.918063 0.788819 0.0340255 -0.324672 0.0369062 0.000348221 
0.929613 0.788819 0.0207464 -0.349619 0.0330192 0.000347814 
0.939988 0.788819 0.00899499 -0.389853 0.0292097 0.00037 
0.950362 0.788819 -0.00320818 -0.460566 0.0248249 0.00036212 
0.959633 0.788819 -0.0138116 -0.543233 0.0201776 0.000372685 
0.968903 0.788819 -0.0215216 -0.632669 0.0147327 0.00034001 
0.977148 0.788819 -0.0206941 -0.647512 0.00936608 0.000395802 
0.985394 0.788819 -0.015464 -0.532385 0.00441245 0.000256674 
0.992697 0.788819 -0.0050986 -0.319929 0.00123437 0.00043815 
1 0.788819 0 0 0 0.000199281 

0 0.805462 0 0 0 0.000298303 
0.00730325 0.805462 0.000138901 -0.00463901 -1.86652e-05 0.000295279 
0.0146065 0.805462 0.000603983 -0.00604878 -5.92503e-05 0.000295057 
0.0228517 0.805462 0.0020699 -0.00353995 -0.00010122 0.00029586 
0.031097 0.805462 0.00461549 0.00325394 -0.000104838 0.000290177 
0.0403673 0.805462 0.00957941 0.0162721 -1.812e-05 0.000298294 
0.0496377 0.805462 0.0167123 0.0347813 0.000214611 0.000281143 
0.0600123 0.805462 0.0284628 0.0619241 0.00071143 0.000303467 
0.0703869 0.805462 0.0432746 0.0948733 0.00151986 0.000268318 
0.0819372 0.805462 0.0636748 0.135961 0.00285237 0.00030681 
0.0934875 0.805462 0.0862495 0.1779 0.0046644 0.000260088 
0.106272 0.805462 0.111777 0.221847 0.00722796 0.000299076 
0.119057 0.805462 0.136557 0.258966 0.0103098 0.000258853 
0.133119 0.805462 0.160096 0.290257 0.0141849 0.000275357 
0.14718 0.805462 0.180538 0.311066 0.0184263 0.000248957 
0.162537 0.805462 0.197894 0.322844 0.0233068 0.000235045 
0.177894 0.805462 0.211909 0.325405 0.0282972 0.00021447 
0.194538 0.805462 0.223021 0.319505 0.0336731 0.000175889 
0.211181 0.805462 0.231419 0.307675 0.0389014 0.000152837 
0.22907 0.805462 0.237917 0.289885 0.0442499 9.87538e-05 
0.246958 0.805462 0.242839 0.269885 0.0492604 6.82445e-05 
0.266013 0.805462 0.247394 0.247374 0.0541884 8.60287e-06 
0.285068 0.805462 0.251523 0.225192 0.0586906 -3.08377e-05 
0.305174 0.805462 0.25624 0.202695 0.0629904 -8.85133e-05 
0.32528 0.805462 0.260915 0.181369 0.0668497 -0.000133855 
0.346282 0.805462 0.266098 0.160389 0.070437 -0.000185687 
0.367284 0.805462 0.271004 0.140583 0.073596 -0.000231382 
0.388994 0.805462 0.275864 0.121225 0.0764367 -0.000274791 
0.410703 0.805462 0.280079 0.10286 0.0788679 -0.000315144 
0.432902 0.805462 0.283725 0.0849718 0.0809519 -0.000347393 
0.455101 0.805462 0.28644 0.0678736 0.0826474 -0.000377706 
0.477551 0.805462 0.288231 0.0512547 0.0839839 -0.000396233 
0.5 0.805462 0.288908 0.0352135 0.0849536 -0.000413255 
0.522449 0.805462 0.288462 0.0196149 0.0855684 -0.000416374 
0.544899 0.805462 0.286794 0.00438396 0.0858368 -0.000418442 
0.567098 0.805462 0.283938 -0.0104682 0.0857686 -0.000405721 
0.589297 0.805462 0.279806 -0.0251519 0.0853722 -0.00039271 
0.611006 0.805462 0.274529 -0.0395306 0.0846693 -0.00036501 
0.632716 0.805462 0.267967 -0.0539279 0.0836537 -0.000338136 
0.653718 0.805462 0.260394 -0.0680963 0.0823714 -0.000297465 
0.67472 0.805462 0.251565 -0.0824645 0.0807892 -0.000259004 
0.694826 0.805462 0.241927 -0.0966782 0.0789874 -0.000208242 
0.714932 0.805462 0.231086 -0.111276 0.0768957 -0.000161195 
0.733987 0.805462 0.219671 -0.12578 0.0746361 -0.000103789 
0.753042 0.805462 0.2071 -0.14084 0.0720947 -5.15054e-05 
0.77093 0.805462 0.194172 -0.155776 0.0694407 8.68096e-06 
0.788819 0.805462 0.180112 -0.171361 0.0665135 6.28271e-05 
0.805462 0.805462 0.165862 -0.186642 0.0635328 0.000121407 
0.822106 0.805462 0.150487 -0.2024 0.0602936 0.000174139 
0.837463 0.805462 0.135096 -0.217359 0.0570685 0.000226178 
0.85282 0.805462 0.118637 -0.232432 0.0536126 0.000274127 
0.866881 0.805462 0.10247 -0.246282 0.0502442 0.0003148 
0.880943 0.805462 0.085505 -0.259649 0.0466844 0.000354208 
0.893728 0.805462 0.0694955 -0.272344 0.0432835 0.000381591 
0.906513 0.805462 0.0531754 -0.286679 0.0397098 0.000408195 
0.918063 0.805462 0.038597 -0.304528 0.036301 0.000426105 
0.929613 0.805462 0.0241485 -0.329775 0.0326432 0.000436238 
0.939988 0.805462 0.0116005 -0.369968 0.0290373 0.000453537 
0.950362 0.805462 -0.00152525 -0.439324 0.0248632 0.000453326 
0.959633 0.805462 -0.0133777 -0.524607 0.0204051 0.000457596 
0.968903 0.805462 -0.0227756 -0.62417 0.0150901 0.000434165 
0.977148 0.805462 -0.0232502 -0.652669 0.00973679 0.000482446 
0.985394 0.805462 -0.0183567 -0.55272 0.00467823 0.000335621 
0.992697 0.805462 -0.0060919 -0.342252 0.00132985 0.000539876 
1 0.805462 0 0 0 0.000259267 

0 0.822106 0 0 0 0.000345299 
0.00730325 0.822106 1.86918e-05 -0.00515183 -2.02367e-05 0.000324539 
0.0146065 0.822106 0.000464276 -0.00742406 -6.81923e-05 0.000351138 
0.0228517 0.822106 0.00161084 -0.00700038 -0.000131041 0.000329172 
0.031097 0.822106 0.00360841 -0.00240123 -0.000173153 0.000353166 
0.0403673 0.822106 0.0073666 0.00681271 -0.000157062 0.000333402 
0.0496377 0.822106 0.0127884 0.021104 -3.15648e-05 0.000348499 
0.0600123 0.822106 0.0220982 0.042522 0.000293291 0.000341257 
0.0703869 0.822106 0.0341847 0.0702438 0.00087354 0.000337289 
0.0819372 0.822106 0.0520453 0.106181 0.00189007 0.000349847 
0.0934875 0.822106 0.0726436 0.145362 0.00334035 0.000324474 
0.106272 0.822106 0.097848 0.188609 0.00548003 0.000347152 
0.119057 0.822106 0.123425 0.227655 0.00814509 0.000313154 
0.133119 0.822106 0.149328 0.262747 0.0116035 0.000322411 
0.14718 0.822106 0.172601 0.288025 0.0154859 0.000295027 
0.162537 0.822106 0.193294 0.30431 0.0200447 0.000278666 
0.177894 0.822106 0.210526 0.310865 0.0247792 0.00025757 
0.194538 0.822106 0.224942 0.30839 0.0299399 0.000218891 
0.211181 0.822106 0.236415 0.299316 0.035005 0.000196047 
0.22907 0.822106 0.245817 0.283523 0.040221 0.00014222 
0.246958 0.822106 0.253194 0.264869 0.0451294 0.000112444 
0.266013 0.822106 0.259753 0.242918 0.0499668 5.23737e-05 
0.285068 0.822106 0.265426 0.220964 0.0543864 1.44107e-05 
0.305174 0.822106 0.271342 0.198389 0.0586003 -4.44472e-05 
0.32528 0.822106 0.276968 0.17701 0.0623726 -8.87227e-05 
0.346282 0.822106 0.282984 0.156077 0.0658686 -0.000142453 
0.367284 0.822106 0.288623 0.136461 0.0689389 -0.000188331 
0.388994 0.822106 0.294194 0.117487 0.071694 -0.000234104 
0.410703 0.822106 0.299052 0.0996212 0.0740492 -0.000275622 
0.432902 0.822106 0.303311 0.0823815 0.0760681 -0.000310231 
0.455101 0.822106 0.306561 0.0659991 0.0777138 -0.000342057 
0.477551 0.822106 0.308832 0.0501906 0.0790169 -0.000362495 
0.5 0.822106 0.3099 0.0349973 0.079972 -0.000380931 
0.522449 0.822106 0.309783 0.0203033 0.0805918 -0.000385203 
0.544899 0.822106 0.30835 0.00600058 0.0808859 -0.000388405 
0.567098 0.822106 0.305667 -0.00789274 0.080864 -0.000375878 
0.589297 0.822106 0.301616 -0.021598 0.0805356 -0.000363708 
0.611006 0.822106 0.296366 -0.0349881 0.0799204 -0.000335092 
0.632716 0.822106 0.289736 -0.0483765 0.0790144 -0.00030884 
0.653718 0.822106 0.282049 -0.0615409 0.0778592 -0.000265979 
0.67472 0.822106 0.272996 -0.0748832 0.0764255 -0.000228052 
0.694826 0.822106 0.263087 -0.0880813 0.0747863 -0.000173649 
0.714932 0.822106 0.251836 -0.101636 0.0728781 -0.000127261 
0.733987 0.822106 0.239947 -0.115093 0.0708124 -6.46378e-05 
0.753042 0.822106 0.226718 -0.129065 0.0684854 -1.34959e-05 
0.77093 0.822106 0.21305 -0.142879 0.0660525 5.34906e-05 
0.788819 0.822106 0.198015 -0.15728 0.0633672 0.000105414 
0.805462 0.822106 0.182707 -0.171311 0.060632 0.000172273 
0.822106 0.822106 0.166001 -0.185775 0.0576599 0.000220806 
0.837463 0.822106 0.149242 -0.199379 0.0547016 0.000282568 
0.85282 0.822106 0.131151 -0.213153 0.0515334 0.000323191 
0.866881 0.822106 0.113432 -0.225766 0.0484465 0.000375472 
0.880943 0.822106 0.0947194 -0.238285 0.0451831 0.000403174 
0.893728 0.822106 0.0772431 -0.250343 0.0420614 0.000445399 
0.906513 0.822106 0.0593472 -0.264695 0.0387709 0.000454698 
0.918063 0.822106 0.043561 -0.282762 0.0356166 0.000491839 
0.929613 0.822106 0.0278891 -0.308925 0.0322069 0.000477652 
0.939988 0.822106 0.0145994 -0.348914 0.0288183 0.000520881 
0.950362 0.822106 0.000477888 -0.416754 0.0248707 0.000490504 
0.959633 0.822106 -0.0126398 -0.503492 0.0206227 0.00052603 
0.968903 0.822106 -0.0237971 -0.612872 0.0154661 0.000473981 
0.977148 0.822106 -0.0257641 -0.656084 0.0101501 0.000551141 
0.985394 0.822106 -0.0213269 -0.575506 0.00498764 0.000363986 
0.992697 0.822106 -0.0072295 -0.368176 0.0014434 0.000628141 
1 0.822106 0 0 0 0.000275909 

0 0.837463 0 0 0 0.000295473 
0.00730325 0.837463 0.000188244 -0.00569393 -2.17845e-05 0.000302855 
0.0146065 0.837463 0.00062179 -0.00917893 -7.66202e-05 0.000290253 
0.0228517 0.837463 0.00179482 -0.00987381 -0.000156439 0.000302154 
0.031097 0.837463 0.00359669 -0.00713116 -0.00022782 0.000288244 
0.0403673 0.837463 0.00654281 0.000144206 -0.000261928 0.00030215 
0.0496377 0.837463 0.0107494 0.0110527 -0.000212037 0.000286726 
0.0600123 0.837463 0.0178494 0.0285667 -1.05031e-05 0.000305652 
0.0703869 0.837463 0.0274334 0.0513914 0.000399896 0.00027979 
0.0819372 0.837463 0.042046 0.0826142 0.00117011 0.000311068 
0.0934875 0.837463 0.0597857 0.117679 0.00232289 0.000271412 
0.106272 0.837463 0.082887 0.158645 0.00409174 0.000316887 
0.119057 0.837463 0.107696 0.197414 0.00637026 0.000274157 
0.133119 0.837463 0.13445 0.234731 0.00941978 0.000317429 
0.14718 0.837463 0.159858 0.263184 0.0129317 0.000287392 
0.162537 0.837463 0.18359 0.283543 0.017144 0.000307498 
0.177894 0.837463 0.204266 0.293776 0.0215911 0.000287477 
0.194538 0.837463 0.222206 0.294747 0.0265 0.000276712 
0.211181 0.837463 0.237188 0.288439 0.0313644 0.000253981 
0.22907 0.837463 0.249898 0.274933 0.0364096 0.000216463 
0.246958 0.837463 0.260345 0.257956 0.0411821 0.000183551 
0.266013 0.837463 0.269495 0.237055 0.0459 0.00012889 
0.285068 0.837463 0.277332 0.215753 0.0502158 8.51036e-05 
0.305174 0.837463 0.284887 0.193449 0.0543284 2.43503e-05 
0.32528 0.837463 0.29182 0.172252 0.0580037 -2.64297e-05 
0.346282 0.837463 0.29884 0.151491 0.0614017 -8.47059e-05 
0.367284 0.837463 0.305328 0.132124 0.0643784 -0.000136146 
0.388994 0.837463 0.311628 0.113552 0.0670438 -0.000186344 
0.410703 0.837463 0.317141 0.0961781 0.069319 -0.000231948 
0.432902 0.837463 0.321991 0.0795803 0.0712689 -0.000270001 
0.455101 0.837463 0.325767 0.0638967 0.0728603 -0.000304527 
0.477551 0.837463 0.328502 0.0488893 0.0741256 -0.000327337 
0.5 0.837463 0.329959 0.0345267 0.0750609 -0.000347322 
0.522449 0.837463 0.330163 0.0207239 0.0756804 -0.000352967 
0.544899 0.837463 0.328975 0.0073299 0.0759944 -0.000356773 
0.567098 0.837463 0.326471 -0.00562419 0.0760126 -0.000344717 
0.589297 0.837463 0.322524 -0.0183736 0.0757452 -0.000332341 
0.611006 0.837463 0.317313 -0.0307982 0.0752105 -0.00030341 
0.632716 0.837463 0.31065 -0.0431981 0.0744061 -0.000276195 
0.653718 0.837463 0.302858 -0.0553776 0.0733699 -0.000232381 
0.67472 0.837463 0.293622 -0.0676985 0.0720761 -0.000192661 
0.694826 0.837463 0.283439 -0.0798831 0.0705913 -0.000136869 
0.714932 0.837463 0.271817 -0.0923623 0.0688583 -8.7591e-05 
0.733987 0.837463 0.25943 -0.104746 0.0669789 -2.34518e-05 
0.753042 0.837463 0.245585 -0.117539 0.0648594 3.21772e-05 
0.77093 0.837463 0.231129 -0.130175 0.0626421 0.00010029 
0.788819 0.837463 0.215173 -0.143239 0.0601947 0.000158979 
0.805462 0.837463 0.198741 -0.155951 0.0577027 0.000225748 
0.822106 0.837463 0.180787 -0.16891 0.0549968 0.000284016 
0.837463 0.837463 0.162598 -0.181143 0.0523063 0.000343286 
0.85282 0.837463 0.14302 -0.193405 0.0494275 0.000397015 
0.866881 0.837463 0.123734 -0.204902 0.0466245 0.000443114 
0.880943 0.837463 0.103517 -0.216404 0.0436597 0.000487207 
0.893728 0.837463 0.0845959 -0.228139 0.0408181 0.000518989 
0.906513 0.837463 0.0654166 -0.242308 0.0378109 0.000547899 
0.918063 0.837463 0.0484543 -0.260994 0.03491 0.000570554 
0.929613 0.837463 0.0317917 -0.287899 0.0317457 0.000579142 
0.939988 0.837463 0.0177613 -0.328241 0.0285697 0.000606795 
0.950362 0.837463 0.00296615 -0.393906 0.0248436 0.000599464 
0.959633 0.837463 -0.0110827 -0.481543 0.0208065 0.000617528 
0.968903 0.837463 -0.0239011 -0.598258 0.015822 0.000591618 
0.977148 0.837463 -0.0277755 -0.656328 0.0105679 0.000643615 
0.985394 0.837463 -0.0242573 -0.597915 0.00531541 0.000468365 
0.992697 0.837463 -0.00822763 -0.396307 0.00156582 0.000739404 
1 0.837463 0 0 0 0.000350885 

0 0.85282 0 0 0 0.000365631 
0.00730325 0.85282 2.90652e-05 -0.00640435 -2.4314e-05 0.000326368 
0.0146065 0.85282 0.000831777 -0.0103067 -8.77783e-05 0.000379415 
0.0228517 0.85282 0.00230801 -0.0126781 -0.000187317 0.000334422 
0.031097 0.85282 0.00423149 -0.0103168 -0.000286763 0.000383053 
0.0403673 0.85282 0.0067757 -0.00495938 -0.000362072 0.000333409 
0.0496377 0.85282 0.00980255 0.00422659 -0.000369045 0.000374875 
0.0600123 0.85282 0.0149639 0.017929 -0.000259212 0.000333713 
0.0703869 0.85282 0.0217073 0.0370854 2.22221e-05 0.000358407 
0.0819372 0.85282 0.0329056 0.0631502 0.000597564 0.000339793 
0.0934875 0.85282 0.0469061 0.0939182 0.00150184 0.000341996 
0.106272 0.85282 0.0671208 0.130853 0.00293998 0.000352827 
0.119057 0.85282 0.0898231 0.168055 0.00485178 0.000335594 
0.133119 0.85282 0.116509 0.205703 0.00748852 0.000360856 
0.14718 0.85282 0.142991 0.236305 0.0106043 0.000340288 
0.162537 0.85282 0.169437 0.259957 0.0144265 0.000354586 
0.177894 0.85282 0.193277 0.273722 0.0185357 0.000336948 
0.194538 0.85282 0.215014 0.27805 0.0231362 0.000326327 
0.211181 0.85282 0.233746 0.274675 0.0277447 0.000304399 
0.22907 0.85282 0.250331 0.263631 0.0325633 0.000268276 
0.246958 0.85282 0.264378 0.248645 0.0371495 0.000234965 
0.266013 0.85282 0.276866 0.229172 0.0417015 0.000180332 
0.285068 0.85282 0.287553 0.208925 0.0458756 0.000135657 
0.305174 0.85282 0.297479 0.187237 0.0498556 7.32075e-05 
0.32528 0.85282 0.306311 0.166517 0.0534098 2.16447e-05 
0.346282 0.85282 0.314841 0.146127 0.0566902 -3.94582e-05 
0.367284 0.85282 0.322532 0.127161 0.0595576 -9.18702e-05 
0.388994 0.85282 0.329814 0.109093 0.0621201 -0.000145386 
0.410703 0.85282 0.336127 0.0922915 0.0643042 -0.000192326 
0.432902 0.85282 0.341659 0.0764022 0.0661752 -0.000233599 
0.455101 0.85282 0.345992 0.061473 0.0677041 -0.000269614 
0.477551 0.85282 0.349205 0.0473211 0.0689243 -0.000295074 
0.5 0.85282 0.351037 0.033837 0.0698341 -0.000316441 
0.522449 0.85282 0.351555 0.0209734 0.0704485 -0.000323861 
0.544899 0.85282 0.350587 0.00853109 0.0707786 -0.000328821 
0.567098 0.85282 0.348252 -0.00343948 0.0708343 -0.000317483 
0.589297 0.85282 0.344383 -0.0151927 0.0706265 -0.000306056 
0.611006 0.85282 0.339206 -0.0266062 0.0701719 -0.000276656 
0.632716 0.85282 0.332477 -0.0379757 0.0694697 -0.000250306 
0.653718 0.85282 0.324576 -0.0491149 0.0685542 -0.000204705 
0.67472 0.85282 0.315109 -0.0603632 0.0674035 -0.000165983 
0.694826 0.85282 0.30464 -0.0714565 0.0660773 -0.000106945 
0.714932 0.85282 0.292574 -0.0827915 0.0645256 -5.9157e-05 
0.733987 0.85282 0.279675 -0.0939875 0.0628404 9.83161e-06 
0.753042 0.85282 0.26511 -0.105515 0.0609387 6.28786e-05 
0.77093 0.85282 0.249858 -0.116808 0.0589492 0.000137623 
0.788819 0.85282 0.232844 -0.128435 0.0567548 0.000191699 
0.805462 0.85282 0.21531 -0.139614 0.0545231 0.000267269 
0.822106 0.85282 0.195957 -0.151 0.0521038 0.000317576 
0.837463 0.85282 0.176426 -0.161619 0.0497024 0.000388834 
0.85282 0.85282 0.155224 -0.172416 0.0471367 0.000429615 
0.866881 0.85282 0.134555 -0.182566 0.0446405 0.000492999 
0.880943 0.85282 0.112725 -0.193305 0.0419976 0.000517155 
0.893728 0.85282 0.0926234 -0.204498 0.039457 0.000574241 
0.906513 0.85282 0.0720644 -0.218956 0.0367526 0.00057366 
0.918063 0.85282 0.0542242 -0.237955 0.0341218 0.000631758 
0.929613 0.85282 0.0364779 -0.266359 0.0312177 0.000598294 
0.939988 0.85282 0.0219326 -0.306693 0.0282649 0.000672553 
0.950362 0.85282 0.0063157 -0.370773 0.024771 0.000609205 
0.959633 0.85282 -0.00859326 -0.457661 0.0209591 0.000688031 
0.968903 0.85282 -0.0232451 -0.580857 0.0161742 0.00060463 
0.977148 0.85282 -0.0292979 -0.653777 0.0110133 0.000717925 
0.985394 0.85282 -0.0269318 -0.622366 0.00568099 0.000478641 
0.992697 0.85282 -0.00939796 -0.427656 0.00170491 0.000843142 
1 0.85282 0 0 0 0.000362815 

0 0.866881 0 0 0 0.000280475 
0.00730325 0.866881 0.000446911 -0.00745323 -2.81265e-05 0.00031144 
0.0146065 0.866881 0.00126182 -0.0132443 -0.000103532 0.000269639 
0.0228517 0.866881 0.00285888 -0.0158405 -0.000224458 0.000307915 
0.031097 0.866881 0.00479032 -0.0144665 -0.000350531 0.000271575 
0.0403673 0.866881 0.00659506 -0.00856597 -0.00045683 0.000304256 
0.0496377 0.866881 0.00879963 -0.00100938 -0.000501322 0.000280308 
0.0600123 0.866881 0.012081 0.0113645 -0.000449572 0.000307042 
0.0703869 0.866881 0.0168345 0.0273969 -0.000251164 0.000284905 
0.0819372 0.866881 0.0246347 0.0501299 0.000193583 0.000312388 
0.0934875 0.866881 0.0353795 0.0762915 0.000920152 0.000284252 
0.106272 0.866881 0.051869 0.109066 0.00210364 0.000326726 
0.119057 0.866881 0.0718253 0.142999 0.00371328 0.000291346 
0.133119 0.866881 0.0968272 0.179337 0.00598629 0.000348709 
0.14718 0.866881 0.123288 0.210043 0.00873062 0.000319635 
0.162537 0.866881 0.151298 0.235684 0.0121662 0.000371109 
0.177894 0.866881 0.177956 0.251891 0.0159231 0.000351291 
0.194538 0.866881 0.203286 0.259177 0.0201886 0.000373368 
0.211181 0.866881 0.225999 0.258438 0.0245086 0.000350352 
0.22907 0.866881 0.246623 0.249886 0.0290631 0.00033521 
0.246958 0.866881 0.264657 0.236963 0.0334257 0.000298452 
0.266013 0.866881 0.280837 0.219234 0.0377754 0.000253051 
0.285068 0.866881 0.294883 0.200374 0.0417766 0.00020247 
0.305174 0.866881 0.307637 0.179723 0.0455977 0.000140525 
0.32528 0.866881 0.318837 0.159837 0.0490114 8.21998e-05 
0.346282 0.866881 0.329216 0.14012 0.0521602 1.71558e-05 
0.367284 0.866881 0.338381 0.121776 0.0549093 -4.11682e-05 
0.388994 0.866881 0.346791 0.104354 0.0573627 -9.95558e-05 
0.410703 0.866881 0.354 0.0882124 0.0594517 -0.000150761 
0.432902 0.866881 0.360234 0.0730733 0.061241 -0.000196152 
0.455101 0.866881 0.365127 0.0589139 0.0627049 -0.000234816 
0.477551 0.866881 0.36879 0.0456122 0.0638775 -0.00026321 
0.5 0.866881 0.370973 0.0329878 0.0647589 -0.000285943 
0.522449 0.866881 0.371768 0.0210365 0.0653646 -0.000295159 
0.544899 0.866881 0.370997 0.00951178 0.0657066 -0.000300512 
0.567098 0.866881 0.3688 -0.0015108 0.0657947 -0.00028999 
0.589297 0.866881 0.364994 -0.0123062 0.0656403 -0.00027817 
0.611006 0.866881 0.35982 -0.022744 0.0652588 -0.000248782 
0.632716 0.866881 0.353016 -0.0331148 0.0646512 -0.000221284 
0.653718 0.866881 0.344965 -0.04324 0.0638482 -0.000175092 
0.67472 0.866881 0.335261 -0.0534283 0.0628315 -0.000134303 
0.694826 0.866881 0.324453 -0.0634402 0.0616551 -7.43377e-05 
0.714932 0.866881 0.311948 -0.0736106 0.0602756 -2.31435e-05 
0.733987 0.866881 0.29847 -0.0836097 0.0587758 4.66919e-05 
0.753042 0.866881 0.283219 -0.0938052 0.0570833 0.000105217 
0.77093 0.866881 0.267106 -0.103739 0.0553141 0.000180031 
0.788819 0.866881 0.24914 -0.113817 0.0533656 0.000242689 
0.805462 0.866881 0.230468 -0.123482 0.0513881 0.000316375 
0.822106 0.866881 0.209958 -0.133156 0.0492494 0.000379546 
0.837463 0.866881 0.189122 -0.142292 0.0471315 0.000445149 
0.85282 0.866881 0.166725 -0.151484 0.0448726 0.000504269 
0.866881 0.866881 0.144783 -0.160602 0.0426763 0.000555939 
0.880943 0.866881 0.121926 -0.17037 0.040347 0.000605461 
0.893728 0.866881 0.100698 -0.181491 0.0380984 0.00064245 
0.906513 0.866881 0.0793407 -0.195841 0.0356867 0.000676875 
0.918063 0.866881 0.060558 -0.215718 0.0333163 0.000705056 
0.929613 0.866881 0.0421388 -0.244839 0.0306625 0.000719571 
0.939988 0.866881 0.0266826 -0.285997 0.0279243 0.000753778 
0.950362 0.866881 0.0105955 -0.347789 0.0246516 0.000750422 
0.959633 0.866881 -0.00484939 -0.434102 0.0210557 0.000782246 
0.968903 0.866881 -0.0207703 -0.559956 0.0164759 0.000768208 
0.977148 0.866881 -0.0293087 -0.647384 0.0114333 0.000812739 
0.985394 0.866881 -0.0287051 -0.644029 0.00604404 0.000638652 
0.992697 0.866881 -0.00992725 -0.459468 0.00184566 0.000953559 
1 0.866881 0 0 0 0.000477282 

0 0.880943 0 0 0 0.000413799 
0.00730325 0.880943 -0.000242808 -0.00874592 -3.17434e-05 0.000314505 
0.0146065 0.880943 0.000815192 -0.0143386 -0.000119273 0.000448068 
0.0228517 0.880943 0.00265849 -0.0189423 -0.000264043 0.000332372 
0.031097 0.880943 0.00433017 -0.0159832 -0.00041491 0.000445647 
0.0403673 0.880943 0.0057817 -0.0108729 -0.000544023 0.00032689 
0.0496377 0.880943 0.00651894 -0.00290378 -0.000610791 0.000419817 
0.0600123 0.880943 0.00850811 0.00714661 -0.000593885 0.000321978 
0.0703869 0.880943 0.0106522 0.0218521 -0.000446859 0.000386633 
0.0819372 0.880943 0.0156768 0.0406885 -8.87446e-05 0.000323607 
0.0934875 0.880943 0.0226081 0.0630644 0.000508684 0.000362223 
0.106272 0.880943 0.0356031 0.0905909 0.00148946 0.000345547 
0.119057 0.880943 0.0519388 0.120785 0.00283972 0.000358071 
0.133119 0.880943 0.0748378 0.154041 0.00477759 0.000382048 
0.14718 0.880943 0.100112 0.183671 0.00715709 0.000380287 
0.162537 0.880943 0.129143 0.209838 0.0101894 0.000417885 
0.177894 0.880943 0.157846 0.227729 0.0135591 0.000409297 
0.194538 0.880943 0.186714 0.23747 0.0174399 0.00042858 
0.211181 0.880943 0.213291 0.239276 0.0214165 0.000409133 
0.22907 0.880943 0.238304 0.233239 0.0256473 0.00039464 
0.246958 0.880943 0.260588 0.222565 0.0297289 0.000357932 
0.266013 0.880943 0.280976 0.206847 0.0338202 0.000312196 
0.285068 0.880943 0.298832 0.189695 0.0375987 0.000259594 
0.305174 0.880943 0.315008 0.170447 0.0412164 0.000195095 
0.32528 0.880943 0.329102 0.15174 0.0444532 0.000134144 
0.346282 0.880943 0.341881 0.132998 0.04744 6.50413e-05 
0.367284 0.880943 0.352978 0.11553 0.050047 4.3449e-06 
0.388994 0.880943 0.362927 0.0989438 0.0523724 -5.85544e-05 
0.410703 0.880943 0.371346 0.0836151 0.0543516 -0.000111761 
0.432902 0.880943 0.378542 0.0693366 0.0560475 -0.000161357 
0.455101 0.880943 0.384183 0.0560345 0.0574372 -0.000201702 
0.477551 0.880943 0.388449 0.04365 0.0585549 -0.000233537 
0.5 0.880943 0.391086 0.0319406 0.0594021 -0.000257659 
0.522449 0.880943 0.392244 0.0209491 0.0599948 -0.000269317 
0.544899 0.880943 0.391716 0.0103839 0.0603455 -0.000275824 
0.567098 0.880943 0.389693 0.000350133 0.0604638 -0.000266642 
0.589297 0.880943 0.38595 -0.00944877 0.0603618 -0.00025586 
0.611006 0.880943 0.380779 -0.0188676 0.0600536 -0.000226652 
0.632716 0.880943 0.373859 -0.0281971 0.0595418 -0.000200285 
0.653718 0.880943 0.365632 -0.0372549 0.0588536 -0.00015305 
0.67472 0.880943 0.355613 -0.0463312 0.0579748 -0.000113827 
0.694826 0.880943 0.344429 -0.0551893 0.0569533 -5.14901e-05 
0.714932 0.880943 0.331374 -0.0641317 0.0557528 -2.87328e-06 
0.733987 0.880943 0.317294 -0.0728356 0.0544468 7.08764e-05 
0.753042 0.880943 0.30123 -0.0816329 0.052974 0.000124864 
0.77093 0.880943 0.284295 -0.0900806 0.051437 0.000205673 
0.788819 0.880943 0.265268 -0.0985696 0.0497486 0.000260397 
0.805462 0.880943 0.245634 -0.106579 0.0480401 0.000343528 
0.822106 0.880943 0.22392 -0.114588 0.0461983 0.000393414 
0.837463 0.880943 0.202149 -0.122087 0.04438 0.000474753 
0.85282 0.880943 0.178566 -0.129887 0.0424442 0.000512647 
0.866881 0.880943 0.155898 -0.137769 0.0405624 0.000590915 
0.880943 0.880943 0.131991 -0.146977 0.0385605 0.00060758 
0.893728 0.880943 0.11027 -0.157629 0.0366161 0.000686952 
0.906513 0.880943 0.0879441 -0.172565 0.0345085 0.000671159 
0.918063 0.880943 0.0688532 -0.1926 0.0324082 0.000762519 
0.929613 0.880943 0.0494181 -0.223312 0.0300157 0.000702492 
0.939988 0.880943 0.0335747 -0.26434 0.0275024 0.000821899 
0.950362 0.880943 0.0165278 -0.325716 0.0244591 0.000711939 
0.959633 0.880943 0.000843932 -0.409343 0.0210861 0.000860692 
0.968903 0.880943 -0.016894 -0.537267 0.0167343 0.00072016 
0.977148 0.880943 -0.0282476 -0.637076 0.0118461 0.000897332 
0.985394 0.880943 -0.0299207 -0.666877 0.00642408 0.000595275 
0.992697 0.880943 -0.0109042 -0.492851 0.00199614 0.0010796 
1 0.880943 0 0 0 0.000474447 

0 0.893728 0 0 0 0.000266256 
0.00730325 0.893728 0.000347509 -0.00894812 -3.37589e-05 0.000325366 
0.0146065 0.893728 0.000381731 -0.0176468 -0.000129515 0.000234589 
0.0228517 0.893728 0.00114642 -0.0210763 -0.000290575 0.000317207 
0.031097 0.893728 0.00206477 -0.0189975 -0.000457842 0.000241943 
0.0403673 0.893728 0.00145036 -0.0110423 -0.000593683 0.000307378 
0.0496377 0.893728 0.000960775 -0.00453129 -0.000663746 0.00026343 
0.0600123 0.893728 0.000667032 0.00588435 -0.000656872 0.000310865 
0.0703869 0.893728 0.00164671 0.0185168 -0.000531519 0.000280536 
0.0819372 0.893728 0.00402419 0.0357495 -0.000218167 0.000316224 
0.0934875 0.893728 0.00898896 0.054142 0.000300108 0.00029488 
0.106272 0.893728 0.0186913 0.0776627 0.00114069 0.000336952 
0.119057 0.893728 0.0324141 0.10343 0.00229579 0.000314603 
0.133119 0.893728 0.0524802 0.133142 0.00396245 0.000375611 
0.14718 0.893728 0.0762609 0.160086 0.00602718 0.000356295 
0.162537 0.893728 0.10501 0.185386 0.00868985 0.000426502 
0.177894 0.893728 0.135063 0.203421 0.0116852 0.000410733 
0.194538 0.893728 0.166558 0.214742 0.0151771 0.00046037 
0.211181 0.893728 0.196698 0.218386 0.0187935 0.00043816 
0.22907 0.893728 0.225775 0.214643 0.0226755 0.000445399 
0.246958 0.893728 0.252303 0.206086 0.0264475 0.000405527 
0.266013 0.893728 0.276853 0.192491 0.0302495 0.000370811 
0.285068 0.893728 0.298665 0.177192 0.0337763 0.000313398 
0.305174 0.893728 0.318424 0.159631 0.0371636 0.000251494 
0.32528 0.893728 0.335699 0.142376 0.040201 0.000185 
0.346282 0.893728 0.351168 0.124905 0.0430074 0.000113548 
0.367284 0.893728 0.364516 0.108561 0.0454588 4.78779e-05 
0.388994 0.893728 0.376279 0.0930099 0.0476461 -1.91376e-05 
0.410703 0.893728 0.386155 0.0786441 0.0495085 -7.59494e-05 
0.432902 0.893728 0.394498 0.0653199 0.0511058 -0.000129468 
0.455101 0.893728 0.401034 0.0529377 0.0524176 -0.000171939 
0.477551 0.893728 0.40599 0.0414964 0.0534771 -0.000206738 
0.5 0.893728 0.409142 0.0307115 0.0542868 -0.00023177 
0.522449 0.893728 0.410678 0.0206708 0.054863 -0.000245324 
0.544899 0.893728 0.410397 0.0110479 0.0552182 -0.000251828 
0.567098 0.893728 0.408519 0.00197933 0.055362 -0.000243601 
0.589297 0.893728 0.404811 -0.00685022 0.0553069 -0.000232091 
0.611006 0.893728 0.399586 -0.0152768 0.0550657 -0.000203094 
0.632716 0.893728 0.392512 -0.0235911 0.0546424 -0.000175277 
0.653718 0.893728 0.384038 -0.0316046 0.0540614 -0.000127743 
0.67472 0.893728 0.373675 -0.0395855 0.0533122 -8.61282e-05 
0.694826 0.893728 0.362044 -0.0473093 0.0524368 -2.3303e-05 
0.714932 0.893728 0.348456 -0.0550263 0.0514059 2.91591e-05 
0.733987 0.893728 0.333732 -0.0624643 0.0502843 0.000103065 
0.753042 0.893728 0.316975 -0.0698567 0.049021 0.00016323 
0.77093 0.893728 0.299248 -0.0768958 0.0477057 0.000242933 
0.788819 0.893728 0.279472 -0.0837973 0.0462655 0.000307491 
0.805462 0.893728 0.259023 -0.090337 0.0448134 0.000386608 
0.822106 0.893728 0.236686 -0.0966947 0.0432537 0.000451929 
0.837463 0.893728 0.21423 -0.102895 0.0417185 0.000523622 
0.85282 0.893728 0.19032 -0.109253 0.0400866 0.000585695 
0.866881 0.893728 0.167158 -0.116382 0.0384988 0.000644639 
0.880943 0.893728 0.143218 -0.124673 0.0368021 0.000699844 
0.893728 0.893728 0.120968 -0.135426 0.0351407 0.000744246 
0.906513 0.893728 0.0986743 -0.150126 0.0333161 0.000789952 
0.918063 0.893728 0.0788898 -0.171081 0.0314674 0.000824626 
0.929613 0.893728 0.0592638 -0.201576 0.0293209 0.000860555 
0.939988 0.893728 0.0419273 -0.243669 0.0270232 0.000891781 
0.950362 0.893728 0.0243911 -0.30322 0.0241973 0.000919824 
0.959633 0.893728 0.00801805 -0.385891 0.0210326 0.000953288 
0.968903 0.893728 -0.0104386 -0.510512 0.0169059 0.000986078 
0.977148 0.893728 -0.0249134 -0.622653 0.0121945 0.00099383 
0.985394 0.893728 -0.029316 -0.683052 0.00677139 0.000884873 
0.992697 0.893728 -0.0103509 -0.524209 0.00213738 0.00117787 
1 0.893728 0 0 0 0.00067945 

0 0.906513 0 0 0 0.000527427 
0.00730325 0.906513 -0.00172576 -0.00910617 -2.94132e-05 0.000257169 
0.0146065 0.906513 -0.00220657 -0.0147954 -0.000120727 0.000620449 
0.0228517 0.906513 -0.00231047 -0.0218819 -0.000284789 0.000297527 
0.031097 0.906513 -0.00385877 -0.0157334 -0.000449543 0.000580589 
0.0403673 0.906513 -0.00576196 -0.00891885 -0.00056803 0.00029581 
0.0496377 0.906513 -0.00998805 -0.000805174 -0.000613451 0.000505747 
0.0600123 0.906513 -0.0114787 0.00633547 -0.000590799 0.000301944 
0.0703869 0.906513 -0.0132838 0.0187285 -0.000464404 0.000436138 
0.0819372 0.906513 -0.0119117 0.0326336 -0.000170443 0.000310674 
0.0934875 0.906513 -0.00948175 0.0483044 0.000295983 0.000396894 
0.106272 0.906513 -0.0014109 0.0669643 0.00102907 0.000341963 
0.119057 0.906513 0.00953633 0.088792 0.00202209 0.00039153 
0.133119 0.906513 0.0277382 0.113897 0.0034489 0.000398341 
0.14718 0.906513 0.0495658 0.137597 0.00521915 0.000425229 
0.162537 0.906513 0.0781522 0.160668 0.00751668 0.00046945 
0.177894 0.906513 0.108841 0.177981 0.0101237 0.000478131 
0.194538 0.906513 0.142824 0.190058 0.013195 0.000518051 
0.211181 0.906513 0.176093 0.195118 0.0164082 0.000505667 
0.22907 0.906513 0.209347 0.193492 0.0198887 0.000509924 
0.246958 0.906513 0.240127 0.187072 0.0232971 0.00047225 
0.266013 0.906513 0.269188 0.175746 0.0267541 0.000435301 
0.285068 0.906513 0.295227 0.162505 0.0299773 0.000376219 
0.305174 0.906513 0.319013 0.146905 0.0330851 0.000310476 
0.32528 0.906513 0.339845 0.131373 0.0358804 0.000240613 
0.346282 0.906513 0.35845 0.11546 0.0384689 0.0001639 
0.367284 0.906513 0.37442 0.100495 0.0407337 9.47316e-05 
0.388994 0.906513 0.388352 0.0862045 0.0427572 2.20947e-05 
0.410703 0.906513 0.399956 0.0729944 0.0444826 -3.76257e-05 
0.432902 0.906513 0.409658 0.0607767 0.0459653 -9.62727e-05 
0.455101 0.906513 0.417224 0.0494441 0.0471868 -0.000140979 
0.477551 0.906513 0.422955 0.0390432 0.0481787 -0.000179986 
0.5 0.906513 0.426651 0.0292675 0.0489442 -0.000206729 
0.522449 0.906513 0.428563 0.0202421 0.0494991 -0.000223433 
0.544899 0.906513 0.428488 0.0116203 0.0498558 -0.000231336 
0.567098 0.906513 0.426706 0.00356544 0.0500238 -0.0002252 
0.589297 0.906513 0.422956 -0.00424777 0.0500154 -0.000215023 
0.611006 0.906513 0.417607 -0.0116383 0.0498424 -0.000187085 
0.632716 0.906513 0.410278 -0.0188932 0.0495103 -0.000160865 
0.653718 0.906513 0.40149 -0.0258171 0.0490402 -0.000113347 
0.67472 0.906513 0.390676 -0.0326583 0.0484253 -7.41023e-05 
0.694826 0.906513 0.378569 -0.0392009 0.0477022 -1.01064e-05 
0.714932 0.906513 0.364366 -0.0456562 0.0468482 3.83857e-05 
0.733987 0.906513 0.349073 -0.0517879 0.0459187 0.000115125 
0.753042 0.906513 0.331624 -0.0577721 0.0448737 0.000168403 
0.77093 0.906513 0.31338 -0.0633826 0.0437887 0.000253862 
0.788819 0.906513 0.292992 -0.0687727 0.042605 0.000306613 
0.805462 0.906513 0.272285 -0.073842 0.0414166 0.000397183 
0.822106 0.906513 0.249583 -0.0787535 0.0401448 0.000442781 
0.837463 0.906513 0.227291 -0.0836142 0.0388967 0.000536654 
0.85282 0.906513 0.203302 -0.0889033 0.0375706 0.000566388 
0.866881 0.906513 0.180712 -0.0950413 0.036277 0.000665798 
0.880943 0.906513 0.15675 -0.102942 0.034885 0.000668268 
0.893728 0.906513 0.135148 -0.113101 0.0335069 0.000781057 
0.906513 0.906513 0.112439 -0.128502 0.0319664 0.000740999 
0.918063 0.906513 0.0931818 -0.149017 0.0303717 0.000884573 
0.929613 0.906513 0.0723507 -0.180467 0.0284789 0.000783887 
0.939988 0.906513 0.0546922 -0.221389 0.02641 0.000975256 
0.950362 0.906513 0.0351941 -0.282663 0.0238139 0.000794042 
0.959633 0.906513 0.0191141 -0.361315 0.020863 0.00106113 
0.968903 0.906513 -0.00171453 -0.484241 0.0169819 0.000805815 
0.977148 0.906513 -0.0194109 -0.60307 0.0124867 0.00111514 
0.985394 0.906513 -0.0278553 -0.700271 0.00710373 0.000693027 
0.992697 0.906513 -0.0111272 -0.55432 0.00227733 0.00136118 
1 0.906513 0 0 0 0.000628476 

0 0.918063 0 0 0 0.000259078 
0.00730325 0.918063 -0.000644749 -0.00510861 -1.87694e-05 0.000354847 
0.0146065 0.918063 -0.00413733 -0.0157918 -8.92929e-05 0.000164794 
0.0228517 0.918063 -0.00720382 -0.018415 -0.000230566 0.000343549 
0.031097 0.918063 -0.0105238 -0.0142234 -0.000368323 0.000195283 
0.0403673 0.918063 -0.0178646 -0.00181513 -0.000432851 0.000321453 
0.0496377 0.918063 -0.0238919 0.00255278 -0.000422737 0.000240199 
0.0600123 0.918063 -0.0290588 0.00970611 -0.000358121 0.000322392 
0.0703869 0.918063 -0.0312353 0.0186879 -0.000211934 0.000270429 
0.0819372 0.918063 -0.032282 0.0317431 8.22817e-05 0.000322998 
0.0934875 0.918063 -0.0301959 0.0435164 0.000518605 0.000302815 
0.106272 0.918063 -0.024099 0.0591485 0.001174 0.000348538 
0.119057 0.918063 -0.0138888 0.0767468 0.002041 0.000341145 
0.133119 0.918063 0.00252375 0.0980474 0.00327232 0.000400424 
0.14718 0.918063 0.0234911 0.117914 0.0047926 0.00039929 
0.162537 0.918063 0.051398 0.13824 0.00676639 0.000473088 
0.177894 0.918063 0.0826429 0.153753 0.00901512 0.000469225 
0.194538 0.918063 0.118184 0.165719 0.0116838 0.000531586 
0.211181 0.918063 0.154098 0.171324 0.0144986 0.000514695 
0.22907 0.918063 0.190801 0.171346 0.0175721 0.000536252 
0.246958 0.918063 0.22546 0.166716 0.0206045 0.000496399 
0.266013 0.918063 0.258598 0.157577 0.0236995 0.000469671 
0.285068 0.918063 0.288606 0.146388 0.0266008 0.000408043 
0.305174 0.918063 0.316143 0.132871 0.0294104 0.000346139 
0.32528 0.918063 0.34037 0.119213 0.0319468 0.000273272 
0.346282 0.918063 0.361963 0.105058 0.0343025 0.000196262 
0.367284 0.918063 0.380488 0.0916688 0.0363689 0.000124354 
0.388994 0.918063 0.396542 0.0788205 0.0382195 4.95192e-05 
0.410703 0.918063 0.409872 0.066925 0.0398013 -1.21124e-05 
0.432902 0.918063 0.420943 0.0559282 0.0411647 -7.32819e-05 
0.455101 0.918063 0.429571 0.0457369 0.0422928 -0.000118914 
0.477551 0.918063 0.436107 0.0364255 0.0432148 -0.000159983 
0.5 0.918063 0.440385 0.0276924 0.043934 -0.00018679 
0.522449 0.918063 0.442704 0.0196872 0.0444654 -0.00020485 
0.544899 0.918063 0.442876 0.0120623 0.0448211 -0.000212132 
0.567098 0.918063 0.441215 0.0050023 0.0450098 -0.000206659 
0.589297 0.918063 0.437463 -0.00181906 0.0450442 -0.000195277 
0.611006 0.918063 0.43202 -0.00820425 0.0449344 -0.000167426 
0.632716 0.918063 0.424501 -0.0144352 0.0446873 -0.000139383 
0.653718 0.918063 0.415456 -0.0203119 0.0443209 -9.15692e-05 
0.67472 0.918063 0.404328 -0.0260617 0.0438322 -4.96739e-05 
0.694826 0.918063 0.391872 -0.0314924 0.0432517 1.4655e-05 
0.714932 0.918063 0.377328 -0.0367619 0.0425634 6.70723e-05 
0.733987 0.918063 0.36171 -0.0417172 0.0418134 0.000143543 
0.753042 0.918063 0.344054 -0.0464205 0.040971 0.00020286 
0.77093 0.918063 0.325675 -0.0508359 0.0400985 0.000286245 
0.788819 0.918063 0.30542 -0.0549006 0.0391499 0.000348768 
0.805462 0.918063 0.284925 -0.0588618 0.0382005 0.000433259 
0.822106 0.918063 0.262864 -0.0625021 0.0371875 0.000495678 
0.837463 0.918063 0.241154 -0.0664981 0.0361949 0.000575537 
0.85282 0.918063 0.218316 -0.0706796 0.0351391 0.000635849 
0.866881 0.918063 0.19642 -0.0763688 0.0341042 0.000706372 
0.880943 0.918063 0.173859 -0.0832733 0.0329801 0.000765899 
0.893728 0.918063 0.152531 -0.0934708 0.0318522 0.000822785 
0.906513 0.918063 0.130978 -0.108038 0.0305649 0.000886744 
0.918063 0.918063 0.111033 -0.129199 0.0291995 0.000930013 
0.929613 0.918063 0.0907835 -0.158452 0.0275414 0.00101109 
0.939988 0.918063 0.0706514 -0.200032 0.0256933 0.00102756 
0.950362 0.918063 0.0505632 -0.259254 0.0233201 0.00113809 
0.959633 0.918063 0.0320628 -0.338304 0.0205728 0.0011423 
0.968903 0.918063 0.0110549 -0.451589 0.0169311 0.00130114 
0.977148 0.918063 -0.011102 -0.579533 0.0126722 0.00120793 
0.985394 0.918063 -0.0233645 -0.704393 0.0073689 0.00129578 
0.992697 0.918063 -0.00848851 -0.57994 0.00239542 0.00142731 
1 0.918063 0 0 0 0.00103821 

0 0.929613 0 0 0 0.000845718 
0.00730325 0.929613 -0.00558014 -0.00164476 7.75396e-06 8.39697e-05 
0.0146065 0.929613 -0.00973415 -0.0037398 -1.63703e-05 0.00107211 
0.0228517 0.929613 -0.0123219 -0.0138774 -0.000115573 0.00017862 
0.031097 0.929613 -0.0223492 0.000614649 -0.000185028 0.000874652 
0.0403673 0.929613 -0.0307389 0.0081471 -0.000149991 0.00020967 
0.0496377 0.929613 -0.0435169 0.0139004 -4.36052e-05 0.000668814 
0.0600123 0.929613 -0.0487372 0.0142804 9.21816e-05 0.000258916 
0.0703869 0.929613 -0.0551985 0.0228004 0.000279568 0.000528481 
0.0819372 0.929613 -0.0563035 0.0317642 0.000592719 0.000294698 
0.0934875 0.929613 -0.0569854 0.0410871 0.00101395 0.000458115 
0.106272 0.929613 -0.0509375 0.0521837 0.00160569 0.000345701 
0.119057 0.929613 -0.0424262 0.0662057 0.00235913 0.000444577 
0.133119 0.929613 -0.0262578 0.0830359 0.00340805 0.000419351 
0.14718 0.929613 -0.00648357 0.0991094 0.00468882 0.000481908 
0.162537 0.929613 0.021531 0.115947 0.00634352 0.000513675 
0.177894 0.929613 0.0527886 0.129218 0.00822933 0.00054662 
0.194538 0.929613 0.0898115 0.140381 0.010479 0.000589752 
0.211181 0.929613 0.127599 0.146078 0.0128685 0.000590724 
0.22907 0.929613 0.167379 0.147446 0.0154981 0.000603879 
0.246958 0.929613 0.205319 0.144465 0.0181128 0.000570133 
0.266013 0.929613 0.242293 0.137547 0.0208001 0.000538228 
0.285068 0.929613 0.275992 0.128506 0.0233354 0.000476265 
0.305174 0.929613 0.307254 0.117246 0.0258035 0.000408866 
0.32528 0.929613 0.334863 0.105647 0.0280421 0.000332557 
0.346282 0.929613 0.359603 0.0934558 0.0301294 0.000249136 
0.367284 0.929613 0.380868 0.0818322 0.0319669 0.000172887 
0.388994 0.929613 0.399336 0.0706052 0.0336183 9.14592e-05 
0.410703 0.929613 0.414692 0.0601832 0.0350349 2.58536e-05 
0.432902 0.929613 0.427474 0.0505404 0.0362613 -4.13e-05 
0.455101 0.929613 0.437487 0.0416079 0.0372818 -9.01246e-05 
0.477551 0.929613 0.445142 0.0334778 0.0381228 -0.000136176 
0.5 0.929613 0.450282 0.0258705 0.0387873 -0.000165479 
0.522449 0.929613 0.453254 0.0189484 0.0392892 -0.000187456 
0.544899 0.929613 0.453877 0.0123796 0.0396397 -0.000196816 
0.567098 0.929613 0.452517 0.00635756 0.0398469 -0.000194271 
0.589297 0.929613 0.448913 0.000570589 0.039923 -0.000184892 
0.611006 0.929613 0.443529 -0.00478302 0.0398767 -0.000159053 
0.632716 0.929613 0.435967 -0.0099639 0.0397159 -0.000133361 
0.653718 0.929613 0.42687 -0.0147879 0.0394553 -8.65921e-05 
0.67472 0.929613 0.415642 -0.0194442 0.0390949 -4.79983e-05 
0.694826 0.929613 0.403184 -0.0237884 0.0386593 1.65995e-05 
0.714932 0.929613 0.388656 -0.0279108 0.0381383 6.38021e-05 
0.733987 0.929613 0.373291 -0.0317572 0.0375683 0.000142807 
0.753042 0.929613 0.355958 -0.0352836 0.0369277 0.000193389 
0.77093 0.929613 0.338295 -0.0386129 0.0362647 0.000283682 
0.788819 0.929613 0.318825 -0.0415449 0.0355453 0.000331203 
0.805462 0.929613 0.299651 -0.0445077 0.0348267 0.000431046 
0.822106 0.929613 0.278846 -0.0471744 0.0340609 0.000467333 
0.837463 0.929613 0.259043 -0.0503067 0.0333102 0.000578159 
0.85282 0.929613 0.237687 -0.0537912 0.0325086 0.000592462 
0.866881 0.929613 0.218019 -0.0587073 0.0317165 0.000721183 
0.880943 0.929613 0.196625 -0.0652504 0.0308443 0.000698832 
0.893728 0.929613 0.177406 -0.0744354 0.0299541 0.000860528 
0.906513 0.929613 0.155816 -0.0892952 0.028912 0.000779656 
0.918063 0.929613 0.137401 -0.108993 0.0277729 0.00100393 
0.929613 0.929613 0.115303 -0.138264 0.0263545 0.000831613 
0.939988 0.929613 0.0955019 -0.176092 0.0247428 0.00115063 
0.950362 0.929613 0.0709589 -0.238726 0.0226162 0.000838854 
0.959633 0.929613 0.0531265 -0.312628 0.0200883 0.0013279 
0.968903 0.929613 0.0271943 -0.423741 0.0167134 0.000823125 
0.977148 0.929613 0.00221019 -0.548626 0.0127338 0.00144413 
0.985394 0.929613 -0.0175474 -0.712188 0.0075761 0.000693416 
0.992697 0.929613 -0.00941122 -0.599883 0.0024971 0.00176855 
1 0.929613 0 0 0 0.000828613 

0 0.939988 0 0 0 0.000277117 
0.00730325 0.939988 -0.0046496 0.0128186 5.37697e-05 0.000389158 
0.0146065 0.939988 -0.0189567 -0.00296251 0.000109616 1.53319e-06 
0.0228517 0.939988 -0.0299853 -0.00156241 9.5304e-05 0.000404213 
0.031097 0.939988 -0.0385625 0.007406 0.000114258 7.98014e-05 
0.0403673 0.939988 -0.0532539 0.0231394 0.000278561 0.000352582 
0.0496377 0.939988 -0.0628936 0.0203234 0.00049478 0.000197105 
0.0600123 0.939988 -0.0726731 0.0220964 0.000718381 0.00033752 
0.0703869 0.939988 -0.0784334 0.0257352 0.000965361 0.000268803 
0.0819372 0.939988 -0.0834044 0.0338705 0.00131641 0.000331424 
0.0934875 0.939988 -0.0834069 0.0382438 0.00173726 0.000321556 
0.106272 0.939988 -0.0791252 0.0467328 0.00228094 0.000358073 
0.119057 0.939988 -0.0703513 0.0564977 0.00294011 0.000375785 
0.133119 0.939988 -0.0551599 0.0698931 0.00383166 0.000420421 
0.14718 0.939988 -0.035135 0.0820082 0.00490187 0.000446802 
0.162537 0.939988 -0.0073943 0.0957451 0.00627176 0.000508011 
0.177894 0.939988 0.0242063 0.106517 0.00782939 0.000525977 
0.194538 0.939988 0.0618871 0.116496 0.00969332 0.000583031 
0.211181 0.939988 0.101039 0.12175 0.0116837 0.000578639 
0.22907 0.939988 0.142873 0.123947 0.0138891 0.000601295 
0.246958 0.939988 0.183368 0.122186 0.0160981 0.000566238 
0.266013 0.939988 0.223378 0.117182 0.0183842 0.000541198 
0.285068 0.939988 0.260226 0.110099 0.020555 0.000479018 
0.305174 0.939988 0.294739 0.100996 0.02268 0.000415646 
0.32528 0.939988 0.325427 0.0914254 0.0246173 0.000339218 
0.346282 0.939988 0.353086 0.0812128 0.0264315 0.000257521 
0.367284 0.939988 0.376966 0.0714033 0.0280353 0.000181309 
0.388994 0.939988 0.39777 0.0618563 0.0294824 0.000100249 
0.410703 0.939988 0.415134 0.0529766 0.0307293 3.50754e-05 
0.432902 0.939988 0.429628 0.0447448 0.0318142 -3.22147e-05 
0.455101 0.939988 0.441068 0.0371278 0.0327229 -8.01219e-05 
0.477551 0.939988 0.449897 0.0302139 0.0334789 -0.00012628 
0.5 0.939988 0.455994 0.0237636 0.0340846 -0.000154235 
0.522449 0.939988 0.459737 0.0179315 0.0345524 -0.000176058 
0.544899 0.939988 0.460988 0.0124202 0.0348927 -0.000183737 
0.567098 0.939988 0.460142 0.00741289 0.0351124 -0.00018074 
0.589297 0.939988 0.456983 0.00262725 0.0352231 -0.000169412 
0.611006 0.939988 0.452003 -0.00175368 0.0352319 -0.000142897 
0.632716 0.939988 0.44485 -0.00596015 0.0351471 -0.000114985 
0.653718 0.939988 0.436197 -0.00983709 0.0349801 -6.75004e-05 
0.67472 0.939988 0.425502 -0.0135315 0.0347333 -2.63114e-05 
0.694826 0.939988 0.413684 -0.0169563 0.0344253 3.86857e-05 
0.714932 0.939988 0.39998 -0.0201333 0.0340507 8.91728e-05 
0.733987 0.939988 0.3856 -0.0231119 0.0336369 0.000167581 
0.753042 0.939988 0.369537 -0.0257326 0.0331694 0.00022298 
0.77093 0.939988 0.353307 -0.0282905 0.0326841 0.000310367 
0.788819 0.939988 0.335651 -0.0303867 0.0321569 0.000366406 
0.805462 0.939988 0.318336 -0.03272 0.0316296 0.000458408 
0.822106 0.939988 0.299873 -0.0346199 0.0310667 0.000512069 
0.837463 0.939988 0.282157 -0.0372928 0.0305128 0.000604801 
0.85282 0.939988 0.263502 -0.0399345 0.0299175 0.000656731 
0.866881 0.939988 0.245629 -0.0445501 0.0293223 0.000745987 
0.880943 0.939988 0.226989 -0.0499242 0.028656 0.000804151 
0.893728 0.939988 0.208723 -0.0587734 0.0279628 0.00088406 
0.906513 0.939988 0.189443 -0.0714357 0.0271305 0.000968747 
0.918063 0.939988 0.16971 -0.0913808 0.0261915 0.00102716 
0.929613 0.939988 0.149479 -0.116206 0.0249913 0.00117783 
0.939988 0.939988 0.126111 -0.153471 0.0236055 0.00117772 
0.950362 0.939988 0.101859 -0.210417 0.0217263 0.00144457 
0.959633 0.939988 0.0770077 -0.288197 0.0194235 0.00136972 
0.968903 0.939988 0.0521385 -0.383058 0.0163126 0.00182152 
0.977148 0.939988 0.0183403 -0.514347 0.0126389 0.00149029 
0.985394 0.939988 -0.00668204 -0.693899 0.007675 0.00206645 
0.992697 0.939988 -0.00286282 -0.613576 0.00256368 0.0017391 
1 0.939988 0 0 0 0.00171693 

0 0.950362 0 0 0 0.0015961 
0.00730325 0.950362 -0.0188628 0.0300985 0.000157548 -0.000464282 
0.0146065 0.950362 -0.0458265 0.0367459 0.000413248 0.00223114 
0.0228517 0.950362 -0.0561458 0.00872417 0.000541962 -0.000176147 
0.031097 0.950362 -0.0788007 0.0330442 0.000691921 0.00150575 
0.0403673 0.950362 -0.0829829 0.0345476 0.0009859 4.10432e-05 
0.0496377 0.950362 -0.0994856 0.0349426 0.00131289 0.000998326 
0.0600123 0.950362 -0.101627 0.0288782 0.00162377 0.000181828 
0.0703869 0.950362 -0.112006 0.0338999 0.00193957 0.000692629 
0.0819372 0.950362 -0.113247 0.0359547 0.00233789 0.000267301 
0.0934875 0.950362 -0.115166 0.0372222 0.00275962 0.000556986 
0.106272 0.950362 -0.108791 0.0415514 0.00325741 0.000347582 
0.119057 0.950362 -0.101231 0.0478295 0.00382453 0.0005206 
0.133119 0.950362 -0.0847818 0.0569845 0.00455951 0.000442919 
0.14718 0.950362 -0.0649749 0.0652661 0.00541734 0.000552948 
0.162537 0.950362 -0.0360985 0.0756768 0.0064994 0.000553456 
0.177894 0.950362 -0.00419666 0.083871 0.0077241 0.000617298 
0.194538 0.950362 0.0349265 0.0923365 0.0091927 0.000645309 
0.211181 0.950362 0.0753384 0.0969023 0.0107692 0.000664422 
0.22907 0.950362 0.11942 0.0996714 0.0125291 0.000673491 
0.246958 0.950362 0.162186 0.0989476 0.0143068 0.000647767 
0.266013 0.950362 0.205086 0.0957774 0.0161614 0.000614962 
0.285068 0.950362 0.244735 0.090622 0.0179365 0.000553602 
0.305174 0.950362 0.282222 0.0837272 0.0196864 0.000483398 
0.32528 0.950362 0.315623 0.0762609 0.0212922 0.000403325 
0.346282 0.950362 0.345856 0.068132 0.0228049 0.00031439 
0.367284 0.950362 0.371972 0.0602474 0.0241499 0.000232854 
0.388994 0.950362 0.394744 0.0524865 0.0253704 0.000144545 
0.410703 0.950362 0.413764 0.0452525 0.0264285 7.40467e-05 
0.432902 0.950362 0.42966 0.0385113 0.0273557 1.65467e-07 
0.455101 0.950362 0.442272 0.0322845 0.0281393 -5.23406e-05 
0.477551 0.950362 0.45211 0.0266313 0.0287989 -0.000104078 
0.5 0.950362 0.459091 0.0213783 0.0293361 -0.000135804 
0.522449 0.950362 0.463663 0.0166472 0.0297617 -0.000162146 
0.544899 0.950362 0.465718 0.0122014 0.0300842 -0.000172957 
0.567098 0.950362 0.465718 0.00818935 0.0303094 -0.00017349 
0.589297 0.950362 0.463461 0.00438378 0.0304478 -0.000164962 
0.611006 0.950362 0.459508 0.000927398 0.0305042 -0.000141016 
0.632716 0.950362 0.453505 -0.00235473 0.0304873 -0.000115974 
0.653718 0.950362 0.446189 -0.00536148 0.0304048 -6.99385e-05 
0.67472 0.950362 0.436999 -0.00817512 0.0302609 -3.22887e-05 
0.694826 0.950362 0.426927 -0.0107861 0.0300683 3.29158e-05 
0.714932 0.950362 0.415151 -0.013133 0.0298256 7.81543e-05 
0.733987 0.950362 0.402985 -0.0153725 0.0295516 0.000159673 
0.753042 0.950362 0.389276 -0.0172393 0.029238 0.000206164 
0.77093 0.950362 0.375731 -0.0191581 0.0289096 0.000302119 
0.788819 0.950362 0.360767 -0.0206054 0.0285506 0.000341797 
0.805462 0.950362 0.346536 -0.0223961 0.0281897 0.000452808 
0.822106 0.950362 0.330872 -0.0237637 0.0278021 0.000475211 
0.837463 0.950362 0.3165 -0.0259249 0.0274178 0.000606868 
0.85282 0.950362 0.30036 -0.0280418 0.0270005 0.000597643 
0.866881 0.950362 0.285839 -0.0319379 0.0265771 0.000763963 
0.880943 0.950362 0.26879 -0.0368666 0.0260922 0.000701933 
0.893728 0.950362 0.253844 -0.0441595 0.025576 0.000932138 
0.906513 0.950362 0.234282 -0.0558868 0.0249402 0.00078013 
0.918063 0.950362 0.21716 -0.0732603 0.0241986 0.0011288 
0.929613 0.950362 0.193568 -0.0981888 0.0232176 0.000821531 
0.939988 0.950362 0.173473 -0.127806 0.0220677 0.00137918 
0.950362 0.950362 0.140612 -0.187185 0.0204685 0.000783083 
0.959633 0.950362 0.118324 -0.257292 0.0184257 0.00173146 
0.968903 0.950362 0.080488 -0.355649 0.01563 0.000648536 
0.977148 0.950362 0.047091 -0.46655 0.0123152 0.00205033 
0.985394 0.950362 0.00468473 -0.689421 0.0076637 0.00030696 
0.992697 0.950362 -0.00478919 -0.614441 0.00259215 0.00249931 
1 0.950362 0 0 0 0.000962862 

0 0.959633 0 0 0 0.000470881 
0.00730325 0.959633 -0.0182583 0.079474 0.000337996 0.000523278 
0.0146065 0.959633 -0.0620127 0.0519091 0.000890627 -0.000430807 
0.0228517 0.959633 -0.0896975 0.03379 0.00126123 0.000561051 
0.031097 0.959633 -0.0952227 0.0302241 0.00150614 -0.000202786 
0.0403673 0.959633 -0.111466 0.0490457 0.00191661 0.000373146 
0.0496377 0.959633 -0.118565 0.0361405 0.00233319 0.000112218 
0.0600123 0.959633 -0.12967 0.0359763 0.00271637 0.000313721 
0.0703869 0.959633 -0.133068 0.0346954 0.00308414 0.000258556 
0.0819372 0.959633 -0.135683 0.037091 0.00350802 0.000307907 
0.0934875 0.959633 -0.134659 0.0340682 0.00392491 0.000349037 
0.106272 0.959633 -0.130227 0.0366215 0.00437945 0.000345552 
0.119057 0.959633 -0.121607 0.0389199 0.00486313 0.000416357 
0.133119 0.959633 -0.105975 0.0448519 0.00545512 0.000422021 
0.14718 0.959633 -0.0859331 0.0494464 0.0061201 0.000491955 
0.162537 0.959633 -0.0575981 0.0569889 0.00694081 0.000520904 
0.177894 0.959633 -0.0255715 0.0626822 0.00786254 0.000571359 
0.194538 0.959633 0.013773 0.0695956 0.00896904 0.000606665 
0.211181 0.959633 0.054829 0.0733609 0.010164 0.000622404 
0.22907 0.959633 0.100015 0.0763848 0.0115097 0.000634341 
0.246958 0.959633 0.144212 0.076479 0.012883 0.000609472 
0.266013 0.959633 0.188973 0.0748359 0.01433 0.000580522 
0.285068 0.959633 0.230624 0.071441 0.0157287 0.000521818 
0.305174 0.959633 0.270314 0.0665775 0.0171199 0.000456431 
0.32528 0.959633 0.305887 0.0611402 0.0184073 0.000379626 
0.346282 0.959633 0.338293 0.0550201 0.0196296 0.000295391 
0.367284 0.959633 0.36647 0.049037 0.0207245 0.000217173 
0.388994 0.959633 0.391223 0.0430276 0.0217256 0.000132818 
0.410703 0.959633 0.412109 0.0374197 0.0226003 6.54645e-05 
0.432902 0.959633 0.429801 0.0321284 0.0233736 -5.32433e-06 
0.455101 0.959633 0.444138 0.0272475 0.0240337 -5.49305e-05 
0.477551 0.959633 0.455679 0.0227861 0.0245963 -0.000104292 
0.5 0.959633 0.464349 0.0186516 0.0250622 -0.000133376 
0.522449 0.959633 0.47064 0.0149192 0.0254398 -0.000157867 
0.544899 0.959633 0.474455 0.0114248 0.025736 -0.000166284 
0.567098 0.959633 0.476288 0.00827479 0.025955 -0.000165346 
0.589297 0.959633 0.475953 0.00530213 0.0261058 -0.000154645 
0.611006 0.959633 0.474021 0.00260999 0.0261917 -0.00012955 
0.632716 0.959633 0.470167 7.31286e-05 0.0262206 -0.000102508 
0.653718 0.959633 0.46511 -0.0022455 0.0261974 -5.56972e-05 
0.67472 0.959633 0.45834 -0.00438797 0.0261271 -1.6105e-05 
0.694826 0.959633 0.450789 -0.00638077 0.0260181 4.92731e-05 
0.714932 0.959633 0.441717 -0.00813197 0.0258712 9.67474e-05 
0.733987 0.959633 0.432316 -0.00982825 0.0256989 0.000177277 
0.753042 0.959633 0.421575 -0.0111822 0.0254972 0.000227331 
0.77093 0.959633 0.410966 -0.0126399 0.0252826 0.000319847 
0.788819 0.959633 0.399169 -0.0136479 0.0250456 0.000367193 
0.805462 0.959633 0.387902 -0.0150461 0.0248052 0.000469365 
0.822106 0.959633 0.375513 -0.0159711 0.0245448 0.000510342 
0.837463 0.959633 0.363862 -0.0177711 0.024284 0.000621006 
0.85282 0.959633 0.351024 -0.0191782 0.0239977 0.000657039 
0.866881 0.959633 0.338635 -0.0226 0.0237026 0.000774814 
0.880943 0.959633 0.324811 -0.0261754 0.0233571 0.000818936 
0.893728 0.959633 0.310686 -0.0327733 0.0229799 0.000939501 
0.906513 0.959633 0.294645 -0.0409399 0.0225061 0.00102801 
0.918063 0.959633 0.275955 -0.057829 0.0219346 0.00112884 
0.929613 0.959633 0.255844 -0.0763802 0.0211541 0.00134655 
0.939988 0.959633 0.230061 -0.105658 0.0202202 0.0013602 
0.950362 0.959633 0.203819 -0.150869 0.0188905 0.00184775 
0.959633 0.959633 0.166651 -0.227619 0.017126 0.00166416 
0.968903 0.959633 0.13153 -0.296444 0.0146636 0.00272557 
0.977148 0.959633 0.0732376 -0.417737 0.0117786 0.00187978 
0.985394 0.959633 0.0294293 -0.630398 0.00748518 0.00359575 
0.992697 0.959633 0.00903272 -0.609282 0.0025778 0.00213048 
1 0.959633 0 0 0 0.00309047 

0 0.968903 0 0 0 0.00217055 
0.00730325 0.968903 -0.024006 0.115442 0.000516726 -0.00161613 
0.0146065 0.968903 -0.0800476 0.140851 0.00151639 0.0048661 
0.0228517 0.968903 -0.0700208 0.038068 0.00206952 -0.0011104 
0.031097 0.968903 -0.113902 0.0620137 0.00243847 0.00286703 
0.0403673 0.968903 -0.0991885 0.0562413 0.00294346 -0.000325107 
0.0496377 0.968903 -0.130686 0.0563586 0.0034715 0.00153899 
0.0600123 0.968903 -0.132269 0.0416255 0.00396017 2.71015e-05 
0.0703869 0.968903 -0.144008 0.0387003 0.0043659 0.000936391 
0.0819372 0.968903 -0.139622 0.0375177 0.00480408 0.000216246 
0.0934875 0.968903 -0.142877 0.0334994 0.00521396 0.000681336 
0.106272 0.968903 -0.136608 0.0324558 0.00563215 0.000332199 
0.119057 0.968903 -0.130949 0.031364 0.00603713 0.000602802 
0.133119 0.968903 -0.115653 0.0338178 0.00649473 0.000452348 
0.14718 0.968903 -0.0987579 0.0350541 0.00697809 0.000619925 
0.162537 0.968903 -0.0724584 0.0395544 0.00755131 0.000577853 
0.177894 0.968903 -0.0434504 0.0426162 0.00818184 0.000679551 
0.194538 0.968903 -0.00600627 0.04778 0.00893554 0.000683139 
0.211181 0.968903 0.0331443 0.0504991 0.00975357 0.000724889 
0.22907 0.968903 0.0776503 0.0535311 0.0106842 0.000722718 
0.246958 0.968903 0.12165 0.0541952 0.0116466 0.000708303 
0.266013 0.968903 0.167295 0.053889 0.0126739 0.000671325 
0.285068 0.968903 0.210339 0.052081 0.0136801 0.000613142 
0.305174 0.968903 0.252188 0.0491315 0.0146926 0.000540308 
0.32528 0.968903 0.290272 0.045619 0.0156398 0.000458488 
0.346282 0.968903 0.325671 0.0414356 0.0165478 0.000366082 
0.367284 0.968903 0.357039 0.0372877 0.0173683 0.00028074 
0.388994 0.968903 0.385269 0.0329776 0.0181247 0.000188131 
0.410703 0.968903 0.409726 0.0289463 0.0187909 0.000113695 
0.432902 0.968903 0.431147 0.02506 0.0193846 3.54275e-05 
0.455101 0.968903 0.449243 0.0214825 0.0198958 -2.02721e-05 
0.477551 0.968903 0.464609 0.0181697 0.0203359 -7.59092e-05 
0.5 0.968903 0.477101 0.0151131 0.0207049 -0.000109928 
0.522449 0.968903 0.487212 0.0123352 0.0210088 -0.000139442 
0.544899 0.968903 0.494834 0.00975108 0.0212527 -0.000151823 
0.567098 0.968903 0.500423 0.00741549 0.0214397 -0.00015476 
0.589297 0.968903 0.503833 0.00523132 0.0215768 -0.000147363 
0.611006 0.968903 0.505567 0.00325108 0.0216658 -0.00012507 
0.632716 0.968903 0.505375 0.00141012 0.0217135 -0.000101057 
0.653718 0.968903 0.503889 -0.000278344 0.0217227 -5.5878e-05 
0.67472 0.968903 0.500687 -0.00180454 0.0216981 -1.96006e-05 
0.694826 0.968903 0.496617 -0.00324164 0.0216449 4.57653e-05 
0.714932 0.968903 0.491005 -0.00445646 0.021565 8.86266e-05 
0.733987 0.968903 0.485005 -0.00567239 0.0214661 0.000171892 
0.753042 0.968903 0.477587 -0.00657523 0.0213469 0.000213978 
0.77093 0.968903 0.470306 -0.00762417 0.0212175 0.00031448 
0.788819 0.968903 0.461625 -0.00826219 0.0210728 0.000346102 
0.805462 0.968903 0.453639 -0.00928868 0.0209245 0.00046692 
0.822106 0.968903 0.444039 -0.00986646 0.0207625 0.000474747 
0.837463 0.968903 0.43567 -0.0112353 0.0205983 0.000626468 
0.85282 0.968903 0.425079 -0.0122045 0.0204158 0.000590382 
0.866881 0.968903 0.416239 -0.0148019 0.0202246 0.000797619 
0.880943 0.968903 0.403626 -0.0176489 0.019995 0.00068309 
0.893728 0.968903 0.393636 -0.0226402 0.0197375 0.000999564 
0.906513 0.968903 0.377088 -0.0293638 0.019406 0.000736568 
0.918063 0.968903 0.363948 -0.0424497 0.0189939 0.00126768 
0.929613 0.968903 0.338603 -0.0601007 0.0184082 0.000712823 
0.939988 0.968903 0.320611 -0.0809742 0.0176995 0.00168902 
0.950362 0.968903 0.279732 -0.129282 0.0166463 0.000489934 
0.959633 0.968903 0.255054 -0.183307 0.0152115 0.00237178 
0.968903 0.968903 0.176381 -0.261863 0.0132203 -0.000147787 
0.977148 0.968903 0.136151 -0.341732 0.0108447 0.00330846 
0.985394 0.968903 0.0463794 -0.620341 0.00712387 -0.00131884 
0.992697 0.968903 0.0133574 -0.575112 0.00244929 0.00389962 
1 0.968903 0 0 0 0.00135441 

0 0.977148 0 0 0 0.000181449 
0.00730325 0.977148 -0.0226944 0.168035 0.000715633 0.000526649 
0.0146065 0.977148 -0.0408475 0.10444 0.00182193 -0.00191882 
0.0228517 0.977148 -0.0820115 0.0774436 0.00269373 0.000954562 
0.031097 0.977148 -0.0664483 0.0344634 0.00314302 -0.000644007 
0.0403673 0.977148 -0.0905645 0.0751661 0.0037381 0.000411378 
0.0496377 0.977148 -0.0910063 0.0563856 0.00439899 0.000105779 
0.0600123 0.977148 -0.0974792 0.0483212 0.00495784 0.000257674 
0.0703869 0.977148 -0.0978431 0.0363267 0.0054048 0.000333416 
0.0819372 0.977148 -0.094448 0.0365425 0.00584008 0.000258369 
0.0934875 0.977148 -0.0900528 0.0304314 0.00623695 0.000412096 
0.106272 0.977148 -0.0820649 0.0280098 0.00661653 0.000313649 
0.119057 0.977148 -0.0736075 0.0244949 0.00695593 0.000470199 
0.133119 0.977148 -0.0590608 0.0245908 0.00730498 0.000410972 
0.14718 0.977148 -0.0432568 0.0236176 0.00764651 0.00053881 
0.162537 0.977148 -0.0202514 0.0254793 0.00802589 0.000521974 
0.177894 0.977148 0.0049506 0.0264206 0.00842611 0.000609539 
0.194538 0.977148 0.0377667 0.0295421 0.00889485 0.000612706 
0.211181 0.977148 0.0725783 0.0310712 0.00940207 0.000649174 
0.22907 0.977148 0.113115 0.0334085 0.00998255 0.000641898 
0.246958 0.977148 0.15408 0.034124 0.0105904 0.000626866 
0.266013 0.977148 0.197661 0.0344337 0.0112475 0.000589041 
0.285068 0.977148 0.23968 0.0336508 0.0119002 0.000533886 
0.305174 0.977148 0.281488 0.0320764 0.0125645 0.00046523 
0.32528 0.977148 0.3203 0.0300485 0.0131926 0.000388763 
0.346282 0.977148 0.357147 0.0274558 0.0137994 0.00030315 
0.367284 0.977148 0.3904 0.0248472 0.0143515 0.000224013 
0.388994 0.977148 0.42094 0.0220299 0.0148627 0.000138565 
0.410703 0.977148 0.447897 0.0193927 0.0153146 7.01795e-05 
0.432902 0.977148 0.472017 0.0167914 0.015718 -1.70455e-06 
0.455101 0.977148 0.492861 0.0144097 0.016066 -5.19708e-05 
0.477551 0.977148 0.511028 0.0121744 0.0163657 -0.000102305 
0.5 0.977148 0.526309 0.0101312 0.0166172 -0.000131623 
0.522449 0.977148 0.539183 0.00826133 0.0168244 -0.000156831 
0.544899 0.977148 0.549541 0.00654242 0.0169913 -0.000165209 
0.567098 0.977148 0.557802 0.00498554 0.0171196 -0.000164665 
0.589297 0.977148 0.563869 0.00354908 0.0172145 -0.000153879 
0.611006 0.977148 0.56818 0.00224836 0.0172774 -0.000128795 
0.632716 0.977148 0.57057 0.00105722 0.017313 -0.000101906 
0.653718 0.977148 0.571582 -3.19669e-05 0.0173234 -5.46022e-05 
0.67472 0.977148 0.570906 -0.000998797 0.0173119 -1.57921e-05 
0.694826 0.977148 0.569271 -0.00190702 0.0172819 5.08697e-05 
0.714932 0.977148 0.566146 -0.00265575 0.0172351 9.63563e-05 
0.733987 0.977148 0.562522 -0.00340784 0.0171762 0.000179546 
0.753042 0.977148 0.55756 -0.00394414 0.0171049 0.00022556 
0.77093 0.977148 0.552579 -0.0045824 0.0170273 0.000323223 
0.788819 0.977148 0.546339 -0.00494822 0.0169405 0.000363265 
0.805462 0.977148 0.54052 -0.00558161 0.0168514 0.000475105 
0.822106 0.977148 0.533388 -0.00591382 0.0167539 0.000503834 
0.837463 0.977148 0.526948 -0.0068267 0.0166545 0.000632221 
0.85282 0.977148 0.518964 -0.00743725 0.0165429 0.00064861 
0.866881 0.977148 0.51162 -0.00929374 0.0164237 0.000798811 
0.880943 0.977148 0.50208 -0.011115 0.0162778 0.000814206 
0.893728 0.977148 0.492511 -0.0150988 0.0161082 0.000991589 
0.906513 0.977148 0.480151 -0.0190241 0.015886 0.00104507 
0.918063 0.977148 0.465036 -0.0300289 0.0155995 0.00124031 
0.929613 0.977148 0.445836 -0.0405389 0.015184 0.00144977 
0.939988 0.977148 0.420208 -0.0598977 0.0146643 0.00160392 
0.950362 0.977148 0.388981 -0.0853366 0.0139035 0.00225517 
0.959633 0.977148 0.33356 -0.144083 0.0127966 0.00208846 
0.968903 0.977148 0.285336 -0.154972 0.0113265 0.00394938 
0.977148 0.977148 0.174114 -0.278275 0.00960831 0.00244673 
0.985394 0.977148 0.0976186 -0.47678 0.00642482 0.00623359 
0.992697 0.977148 0.0191907 -0.541955 0.00233264 0.00282468 
1 0.977148 0 0 0 0.00474281 

0 0.985394 0 0 0 -0.00836524 
0.00730325 0.985394 -0.0145317 0.193565 0.000886302 -0.00413398 
0.0146065 0.985394 -0.275147 0.243646 0.00271868 0.0105732 
0.0228517 0.985394 -0.0696396 0.0314672 0.00345373 -0.00292957 
0.031097 0.985394 -0.129112 0.0837261 0.00374259 0.00572211 
0.0403673 0.985394 -0.0535349 0.0682056 0.0043947 -0.000720468 
0.0496377 0.985394 -0.0440442 0.0548982 0.00491871 0.00256889 
0.0600123 0.985394 0.00445925 0.0441024 0.00540496 -3.51947e-05 
0.0703869 0.985394 0.0153985 0.0325328 0.00576977 0.00136371 
0.0819372 0.985394 0.0463555 0.030208 0.00611434 0.000241846 
0.0934875 0.985394 0.062255 0.0239625 0.00640856 0.000881906 
0.106272 0.985394 0.086585 0.0210922 0.00668262 0.000369763 
0.119057 0.985394 0.102034 0.0168945 0.00691207 0.000707707 
0.133119 0.985394 0.123099 0.0156582 0.00713175 0.00048031 
0.14718 0.985394 0.140121 0.013546 0.00732919 0.000680792 
0.162537 0.985394 0.162305 0.0136609 0.00753301 0.00059799 
0.177894 0.985394 0.1834 0.013128 0.00773455 0.000720916 
0.194538 0.985394 0.210341 0.0145067 0.00796247 0.000705007 
0.211181 0.985394 0.238079 0.0149146 0.00820518 0.000762404 
0.22907 0.985394 0.271093 0.0163791 0.00848356 0.000754092 
0.246958 0.985394 0.304972 0.0168105 0.00877795 0.00075039 
0.266013 0.985394 0.342113 0.0173642 0.00910051 0.000713071 
0.285068 0.985394 0.378817 0.0171563 0.00942546 0.000660317 
0.305174 0.985394 0.416259 0.0166072 0.00976001 0.000587219 
0.32528 0.985394 0.451734 0.0156905 0.0100796 0.000506141 
0.346282 0.985394 0.485939 0.0144318 0.0103903 0.000411584 
0.367284 0.985394 0.517212 0.0131119 0.0106744 0.000323958 
0.388994 0.985394 0.546101 0.0116166 0.0109376 0.000227791 
0.410703 0.985394 0.571761 0.0102186 0.0111703 0.000149789 
0.432902 0.985394 0.594669 0.00878891 0.0113772 6.75737e-05 
0.455101 0.985394 0.614488 0.00750392 0.011555 8.19543e-06 
0.477551 0.985394 0.631627 0.00626408 0.0117069 -5.10926e-05 
0.5 0.985394 0.646009 0.00516158 0.0118333 -8.83559e-05 
0.522449 0.985394 0.657989 0.00413127 0.0119361 -0.000120944 
0.544899 0.985394 0.667585 0.003215 0.0120177 -0.00013599 
0.567098 0.985394 0.675144 0.00237169 0.0120791 -0.000141383 
0.589297 0.985394 0.680663 0.00162255 0.0121233 -0.000136124 
0.611006 0.985394 0.684546 0.000934492 0.0121511 -0.000115706 
0.632716 0.985394 0.686686 0.000332656 0.0121652 -9.34532e-05 
0.653718 0.985394 0.687615 -0.000228116 0.0121666 -4.9588e-05 
0.67472 0.985394 0.687046 -0.000694822 0.0121574 -1.49107e-05 
0.694826 0.985394 0.685714 -0.00114994 0.0121393 4.97659e-05 
0.714932 0.985394 0.683074 -0.00148627 0.0121133 9.08858e-05 
0.733987 0.985394 0.680147 -0.00185557 0.0120818 0.000174304 
0.753042 0.985394 0.676023 -0.00206752 0.0120447 0.000214066 
0.77093 0.985394 0.672106 -0.00238223 0.0120052 0.000316061 
0.788819 0.985394 0.666967 -0.00250089 0.0119614 0.000344016 
0.805462 0.985394 0.662532 -0.00283283 0.0119172 0.000468791 
0.822106 0.985394 0.656587 -0.00294521 0.0118688 0.000470018 
0.837463 0.985394 0.65183 -0.00347248 0.0118198 0.000630802 
0.85282 0.985394 0.64475 -0.0038103 0.0117636 0.000580552 
0.866881 0.985394 0.639432 -0.00491405 0.0117033 0.000809907 
0.880943 0.985394 0.629816 -0.00608677 0.0116265 0.000659805 
0.893728 0.985394 0.622806 -0.00854031 0.0115357 0.00103326 
0.906513 0.985394 0.607575 -0.0113861 0.0114106 0.000669438 
0.918063 0.985394 0.59674 -0.0178056 0.0112501 0.00136214 
0.929613 0.985394 0.56718 -0.0266403 0.0110027 0.000494265 
0.939988 0.985394 0.550003 -0.0365548 0.0106956 0.00196172 
0.950362 0.985394 0.492616 -0.055911 0.0102355 -0.000174709 
0.959633 0.985394 0.454598 -0.0870386 0.00960931 0.00312542 
0.968903 0.985394 0.333092 -0.1377 0.00862542 -0.00252595 
0.977148 0.985394 0.311068 -0.125887 0.00778143 0.00572192 
0.985394 0.985394 -0.0286424 -0.462069 0.00586383 -0.00634474 
0.992697 0.985394 0.0500011 -0.474862 0.00206013 0.00646245 
1 0.985394 0 0 0 0.0107696 

0 0.992697 0 0 0 0.0183108 
0.00730325 0.992697 -0.129169 0.39396 0.002171 -0.00104243 
0.0146065 0.992697 0.0992209 -0.0890819 0.00378506 -0.00149153 
0.0228517 0.992697 0.125896 0.0239005 0.00365472 -0.000205553 
0.031097 0.992697 0.159719 0.0249262 0.0039358 -0.000403454 
0.0403673 0.992697 0.218471 0.020829 0.00413189 -8.63229e-05 
0.0496377 0.992697 0.261814 0.0231602 0.00434898 0.000146071 
0.0600123 0.992697 0.306158 0.0134307 0.0045271 -5.19737e-05 
0.0703869 0.992697 0.335526 0.0138868 0.0046722 0.00032766 
0.0819372 0.992697 0.367749 0.00941365 0.00480179 8.85655e-05 
0.0934875 0.992697 0.390694 0.00910481 0.00491155 0.000389058 
0.106272 0.992697 0.415539 0.0066368 0.00501058 0.000217318 
0.119057 0.992697 0.433017 0.00593026 0.00509317 0.000454644 
0.133119 0.992697 0.45226 0.00479929 0.00516772 0.000360252 
0.14718 0.992697 0.466693 0.00432449 0.00523332 0.000536186 
0.162537 0.992697 0.483483 0.00399616 0.00529642 0.000498533 
0.177894 0.992697 0.497726 0.00385553 0.00535753 0.000615028 
0.194538 0.992697 0.515419 0.00411546 0.00542325 0.000602684 
0.211181 0.992697 0.532627 0.00423222 0.00549337 0.000654119 
0.22907 0.992697 0.553576 0.0046461 0.00557274 0.000635219 
0.246958 0.992697 0.574949 0.00478304 0.00565785 0.000626349 
0.266013 0.992697 0.599041 0.00498029 0.00575147 0.00058167 
0.285068 0.992697 0.62315 0.00493661 0.00584688 0.000528889 
0.305174 0.992697 0.648166 0.00480845 0.0059458 0.000457667 
0.32528 0.992697 0.672204 0.00455278 0.00604086 0.000382643 
0.346282 0.992697 0.695483 0.00419735 0.00613371 0.000297157 
0.367284 0.992697 0.716976 0.00381701 0.00621869 0.000219353 
0.388994 0.992697 0.736711 0.003377 0.00629753 0.000135227 
0.410703 0.992697 0.754305 0.00296991 0.00636704 6.80706e-05 
0.432902 0.992697 0.769794 0.00254258 0.00642869 -2.21762e-06 
0.455101 0.992697 0.783153 0.00216769 0.00648136 -5.1455e-05 
0.477551 0.992697 0.794471 0.00179565 0.00652603 -0.00010035 
0.5 0.992697 0.803856 0.0014749 0.00656292 -0.000128883 
0.522449 0.992697 0.811466 0.00116688 0.00659251 -0.000152952 
0.544899 0.992697 0.817396 0.000901849 0.00661573 -0.000160797 
0.567098 0.992697 0.82189 0.000652211 0.00663271 -0.000159412 
0.589297 0.992697 0.824952 0.000437134 0.00664466 -0.000148364 
0.611006 0.992697 0.826936 0.000236669 0.00665154 -0.000122668 
0.632716 0.992697 0.827702 6.5181e-05 0.00665457 -9.58464e-05 
0.653718 0.992697 0.827754 -9.4325e-05 0.00665371 -4.80342e-05 
0.67472 0.992697 0.826757 -0.000226862 0.00665001 -9.74851e-06 
0.694826 0.992697 0.825412 -0.000351267 0.00664354 5.75122e-05 
0.714932 0.992697 0.823139 -0.000448545 0.00663516 0.000101802 
0.733987 0.992697 0.820891 -0.000541773 0.00662498 0.000186011 
0.753042 0.992697 0.817766 -0.000610926 0.00661369 0.000229848 
0.77093 0.992697 0.815032 -0.000676857 0.00660136 0.000329544 
0.788819 0.992697 0.811375 -0.000739977 0.00658849 0.000366063 
0.805462 0.992697 0.808421 -0.000786165 0.00657493 0.000482045 
0.822106 0.992697 0.804345 -0.000899486 0.00656092 0.00050547 
0.837463 0.992697 0.80115 -0.000944475 0.00654591 0.000642239 
0.85282 0.992697 0.796375 -0.00125437 0.00652948 0.000651239 
0.866881 0.992697 0.792367 -0.00132468 0.0065106 0.000818567 
0.880943 0.992697 0.785907 -0.00219164 0.00648718 0.000824449 
0.893728 0.992697 0.779418 -0.00231531 0.00645785 0.00103662 
0.906513 0.992697 0.769161 -0.00443924 0.00641761 0.00107954 
0.918063 0.992697 0.756683 -0.00487474 0.00636429 0.00135015 
0.929613 0.992697 0.737245 -0.0104841 0.00628263 0.00155651 
0.939988 0.992697 0.711356 -0.0102014 0.00617537 0.00185587 
0.950362 0.992697 0.677881 -0.0202073 0.00603021 0.0025257 
0.959633 0.992697 0.623485 -0.0257157 0.00581038 0.00259134 
0.968903 0.992697 0.55368 -0.0381236 0.00553175 0.00455615 
0.977148 0.992697 0.465525 -0.0462709 0.00512601 0.00367784 
0.985394 0.992697 0.37448 0.0218753 0.0049092 0.00772391 
0.992697 0.992697 -0.0238967 -0.487555 0.00262512 0.00522529 
1 0.992697 0 0 0 -0.0073427 

0 1 0 0 0 -0.210605 
0.00730325 1 1 0 0 0.0122083 
0.0146065 1 1 0 0 -0.00226739 
0.0228517 1 1 0 0 -0.00318723 
0.031097 1 1 0 0 0.0056576 
0.0403673 1 1 0 0 -6.44099e-05 
0.0496377 1 1 0 0 0.00245562 
0.0600123 1 1 0 0 0.000356498 
0.0703869 1 1 0 0 0.00136026 
0.0819372 1 1 0 0 0.000455426 
0.0934875 1 1 0 0 0.000918312 
0.106272 1 1 0 0 0.000486461 
0.119057 1 1 0 0 0.000751239 
0.133119 1 1 0 0 0.000540937 
0.14718 1 1 0 0 0.000711933 
0.162537 1 1 0 0 0.000628323 
0.177894 1 1 0 0 0.00074009 
0.194538 1 1 0 0 0.000723441 
0.211181 1 1 0 0 0.00077817 
0.22907 1 1 0 0 0.000773688 
0.246958 1 1 0 0 0.00077033 
0.266013 1 1 0 0 0.000738271 
0.285068 1 1 0 0 0.000685466 
0.305174 1 1 0 0 0.000615318 
0.32528 1 1 0 0 0.000532713 
0.346282 1 1 0 0 0.000437839 
0.367284 1 1 0 0 0.000347702 
0.388994 1 1 0 0 0.000249036 
0.410703 1 1 0 0 0.000168333 
0.432902 1 1 0 0 8.28285e-05 
0.455101 1 1 0 0 2.10582e-05 
0.477551 1 1 0 0 -4.14129e-05 
0.5 1 1 0 0 -8.05756e-05 
0.522449 1 1 0 0 -0.00011587 
0.544899 1 1 0 0 -0.000132309 
0.567098 1 1 0 0 -0.000139872 
0.589297 1 1 0 0 -0.000135544 
0.611006 1 1 0 0 -0.00011683 
0.632716 1 1 0 0 -9.50919e-05 
0.653718 1 1 0 0 -5.25758e-05 
0.67472 1 1 0 0 -1.80221e-05 
0.694826 1 1 0 0 4.5549e-05 
0.714932 1 1 0 0 8.69381e-05 
0.733987 1 1 0 0 0.000169371 
0.753042 1 1 0 0 0.000209846 
0.77093 1 1 0 0 0.000310758 
0.788819 1 1 0 0 0.000340087 
0.805462 1 1 0 0 0.000463073 
0.822106 1 1 0 0 0.00046721 
0.837463 1 1 0 0 0.000623671 
0.85282 1 1 0 0 0.000580483 
0.866881 1 1 0 0 0.000797849 
0.880943 1 1 0 0 0.000668424 
0.893728 1 1 0 0 0.00100556 
0.906513 1 1 0 0 0.000703248 
0.918063 1 1 0 0 0.00129389 
0.929613 1 1 0 0 0.000586354 
0.939988 1 1 0 0 0.00179592 
0.950362 1 1 0 0 0.00017387 
0.959633 1 1 0 0 0.00272964 
0.968903 1 1 0 0 -0.00188065 
0.977148 1 1 0 0 0.00568213 
0.985394 1 1 0 0 0.0081951 
0.992697 1 1 0 0 -0.00892101 
1 1 0 0 0 0.217928 
# primary vortex: psi = 0.122143 at 0.522449 0.544899
# lower left vortex: psi = -0.00110725 at 0.0819372 0.119057
# lower right vortex: psi = -0.00294099 at 0.822106 0.0819372
