# t/t_ref = 34.9997 (step 830060), Re = 5000, Ma = 0.1, 32^2 Q2 elements
# x y u/U0 v/U0 psi/(U0 L) rho-rho0
0 0 0 0 0 0.000507792 
0.00730325 0 0 0 0 0.000509523 
0.0146065 0 0 0 0 0.000510167 
0.0228517 0 0 0 0 0.000510286 
0.031097 0 0 0 0 0.000511761 
0.0403673 0 0 0 0 0.000511897 
0.0496377 0 0 0 0 0.000513456 
0.0600123 0 0 0 0 0.000512459 
0.0703869 0 0 0 0 0.000514503 
0.0819372 0 0 0 0 0.000510897 
0.0934875 0 0 0 0 0.000514434 
0.106272 0 0 0 0 0.00050779 
0.119057 0 0 0 0 0.000513756 
0.133119 0 0 0 0 0.000505135 
0.14718 0 0 0 0 0.000513299 
0.162537 0 0 0 0 0.000503947 
0.177894 0 0 0 0 0.000513151 
0.194538 0 0 0 0 0.000502211 
0.211181 0 0 0 0 0.000512224 
0.22907 0 0 0 0 0.000497095 
0.246958 0 0 0 0 0.000508571 
0.266013 0 0 0 0 0.000485959 
0.285068 0 0 0 0 0.000499132 
0.305174 0 0 0 0 0.000463646 
0.32528 0 0 0 0 0.000476192 
0.346282 0 0 0 0 0.000427407 
0.367284 0 0 0 0 0.000433898 
0.388994 0 0 0 0 0.000381098 
0.410703 0 0 0 0 0.000381372 
0.432902 0 0 0 0 0.000348414 
0.455101 0 0 0 0 0.000361123 
0.477551 0 0 0 0 0.000370886 
0.5 0 0 0 0 0.00040792 
0.522449 0 0 0 0 0.000461645 
0.544899 0 0 0 0 0.000511067 
0.567098 0 0 0 0 0.000588188 
0.589297 0 0 0 0 0.000613485 
0.611006 0 0 0 0 0.000675149 
0.632716 0 0 0 0 0.000636064 
0.653718 0 0 0 0 0.000651981 
0.67472 0 0 0 0 0.000555182 
0.694826 0 0 0 0 0.000535905 
0.714932 0 0 0 0 0.00043859 
0.733987 0 0 0 0 0.000415635 
0.753042 0 0 0 0 0.000358067 
0.77093 0 0 0 0 0.000351727 
0.788819 0 0 0 0 0.000335963 
0.805462 0 0 0 0 0.000340938 
0.822106 0 0 0 0 0.000345977 
0.837463 0 0 0 0 0.000353379 
0.85282 0 0 0 0 0.000359986 
0.866881 0 0 0 0 0.000367146 
0.880943 0 0 0 0 0.00036965 
0.893728 0 0 0 0 0.000375985 
0.906513 0 0 0 0 0.000375718 
0.918063 0 0 0 0 0.000380804 
0.929613 0 0 0 0 0.000379484 
0.939988 0 0 0 0 0.00038345 
0.950362 0 0 0 0 0.00038187 
0.959633 0 0 0 0 0.000385037 
0.968903 0 0 0 0 0.00038331 
0.977148 0 0 0 0 0.000385926 
0.985394 0 0 0 0 0.000384064 
0.992697 0 0 0 0 0.000385837 
1 0 0 0 0 0.000385688 

0 0.00730325 0 0 0 0.000507608 
0.00730325 0.00730325 3.16336e-05 -3.26161e-05 -1.15246e-07 0.000506349 
0.0146065 0.00730325 0.000125905 -6.3439e-05 -4.59741e-07 0.000507218 
0.0228517 0.00730325 0.00032113 -0.000114182 -1.19221e-06 0.000506056 
0.031097 0.00730325 0.000625852 -0.000155447 -2.30578e-06 0.000506822 
0.0403673 0.00730325 0.00107106 -0.000207365 -4.01504e-06 0.000505376 
0.0496377 0.00730325 0.00163221 -0.000221943 -6.02429e-06 0.000506606 
0.0600123 0.00730325 0.0022472 -0.000239396 -8.46511e-06 0.000504477 
0.0703869 0.00730325 0.00293094 -0.000214236 -1.08293e-05 0.00050705 
0.0819372 0.00730325 0.0034952 -0.000187183 -1.31913e-05 0.000503596 
0.0934875 0.00730325 0.00407087 -0.000141629 -1.50643e-05 0.000508134 
0.106272 0.00730325 0.00439081 -9.32428e-05 -1.65799e-05 0.000502735 
0.119057 0.00730325 0.00472098 -6.70645e-05 -1.75375e-05 0.000509178 
0.133119 0.00730325 0.00484101 -4.19103e-05 -1.8303e-05 0.000501623 
0.14718 0.00730325 0.00505406 -5.14618e-05 -1.88975e-05 0.000509402 
0.162537 0.00730325 0.00522432 -6.80856e-05 -1.98784e-05 0.000499912 
0.177894 0.00730325 0.00557401 -7.5563e-05 -2.09807e-05 0.000508845 
0.194538 0.00730325 0.00583581 -8.96632e-05 -2.25543e-05 0.000497301 
0.211181 0.00730325 0.00624943 -5.29951e-05 -2.37845e-05 0.000508075 
0.22907 0.00730325 0.00620141 -1.06187e-05 -2.47322e-05 0.000493422 
0.246958 0.00730325 0.00614325 8.06602e-05 -2.41631e-05 0.00050695 
0.266013 0.00730325 0.00497671 0.00024037 -2.16769e-05 0.000487576 
0.285068 0.00730325 0.00337278 0.000394091 -1.57781e-05 0.000504379 
0.305174 0.00730325 -0.000341248 0.00079657 -4.46758e-06 0.000479258 
0.32528 0.00730325 -0.00558454 0.00106545 1.3978e-05 0.000498232 
0.346282 0.00730325 -0.0136016 0.00161259 4.15514e-05 0.000467656 
0.367284 0.00730325 -0.0240203 0.00195558 7.85655e-05 0.000484406 
0.388994 0.00730325 -0.036733 0.00239846 0.000126161 0.000453143 
0.410703 0.00730325 -0.0515297 0.00265057 0.000180979 0.000463463 
0.432902 0.00730325 -0.0666118 0.00265377 0.000242015 0.000440481 
0.455101 0.00730325 -0.0814829 0.00238359 0.000299128 0.00044503 
0.477551 0.00730325 -0.0925267 0.00171279 0.000348018 0.000438529 
0.5 0.00730325 -0.100222 0.00079134 0.000377377 0.000442335 
0.522449 0.00730325 -0.100335 -0.000350698 0.000384299 0.000457424 
0.544899 0.00730325 -0.0952907 -0.00162002 0.000362024 0.000461042 
0.567098 0.00730325 -0.0814968 -0.00279833 0.000312907 0.000493328 
0.589297 0.00730325 -0.0632147 -0.00384137 0.00023696 0.000484724 
0.611006 0.00730325 -0.0390607 -0.00445807 0.00014473 0.00051912 
0.632716 0.00730325 -0.0140558 -0.00454445 4.34396e-05 0.000484626 
0.653718 0.00730325 0.0101156 -0.00418697 -5.08452e-05 0.000509197 
0.67472 0.00730325 0.0306335 -0.00311912 -0.000130068 0.000456272 
0.694826 0.00730325 0.0441748 -0.0020906 -0.00018348 0.000473019 
0.714932 0.00730325 0.0526829 -0.000718685 -0.00021135 0.000424814 
0.733987 0.00730325 0.0534353 0.000325091 -0.0002144 0.000438724 
0.753042 0.00730325 0.0506131 0.00122968 -0.000197386 0.000407749 
0.77093 0.00730325 0.0436941 0.00167611 -0.00017016 0.000417003 
0.788819 0.00730325 0.0360152 0.00185325 -0.000136667 0.000400286 
0.805462 0.00730325 0.0279128 0.00179816 -0.000105542 0.000403577 
0.822106 0.00730325 0.0208131 0.00150923 -7.71438e-05 0.000395097 
0.837463 0.00730325 0.0150478 0.00128983 -5.54446e-05 0.000395502 
0.85282 0.00730325 0.0104469 0.000953541 -3.80752e-05 0.000390571 
0.866881 0.00730325 0.00724009 0.000749856 -2.61287e-05 0.000391239 
0.880943 0.00730325 0.00478819 0.000536064 -1.71852e-05 0.00038741 
0.893728 0.00730325 0.00319721 0.00039559 -1.1311e-05 0.000389145 
0.906513 0.00730325 0.00202043 0.000283893 -7.0734e-06 0.000385718 
0.918063 0.00730325 0.00125993 0.000203739 -4.32343e-06 0.000388067 
0.929613 0.00730325 0.000716634 0.000146039 -2.36684e-06 0.000384989 
0.939988 0.00730325 0.000362205 0.000101051 -1.1267e-06 0.000387448 
0.950362 0.00730325 0.000128966 6.62597e-05 -2.92916e-07 0.000384671 
0.959633 0.00730325 -7.73492e-06 3.66741e-05 1.58418e-07 0.000387063 
0.968903 0.00730325 -7.0724e-05 1.15242e-05 3.59356e-07 0.00038447 
0.977148 0.00730325 -7.60865e-05 -8.83609e-06 3.46215e-07 0.000386902 
0.985394 0.00730325 -4.97859e-05 -1.62795e-05 2.20327e-07 0.000384353 
0.992697 0.00730325 -1.69115e-05 -1.66268e-05 7.74341e-08 0.000386943 
1 0.00730325 0 0 0 0.00038408 

0 0.0146065 0 0 0 0.000509384 
0.00730325 0.0146065 5.51775e-05 -0.00011856 -4.34067e-07 0.000509397 
0.0146065 0.0146065 0.00023099 -0.000242357 -1.75933e-06 0.00051014 
0.0228517 0.0146065 0.000597585 -0.000433186 -4.56786e-06 0.00051025 
0.031097 0.0146065 0.0011544 -0.000592718 -8.81435e-06 0.000511426 
0.0403673 0.0146065 0.00197679 -0.000782137 -1.52611e-05 0.000511653 
0.0496377 0.0146065 0.00297594 -0.000843473 -2.28694e-05 0.000513108 
0.0600123 0.0146065 0.00411835 -0.00090031 -3.20027e-05 0.000512117 
0.0703869 0.0146065 0.005311 -0.000808111 -4.09662e-05 0.000514268 
0.0819372 0.0146065 0.00638105 -0.000702961 -4.97346e-05 0.000510634 
0.0934875 0.0146065 0.00735283 -0.000522549 -5.68736e-05 0.000514298 
0.106272 0.0146065 0.00798537 -0.000348309 -6.23698e-05 0.000507702 
0.119057 0.0146065 0.00849215 -0.000227946 -6.59954e-05 0.000513612 
0.133119 0.0146065 0.00871948 -0.000147141 -6.84834e-05 0.000505074 
0.14718 0.0146065 0.00897107 -0.000158043 -7.04797e-05 0.000513122 
0.162537 0.0146065 0.00918491 -0.00022412 -7.33356e-05 0.000503602 
0.177894 0.0146065 0.00955225 -0.000232037 -7.67275e-05 0.000512994 
0.194538 0.0146065 0.00976543 -0.000267496 -8.08422e-05 0.000501444 
0.211181 0.0146065 0.00996078 -0.000101701 -8.37319e-05 0.000512109 
0.22907 0.0146065 0.0092823 9.73936e-05 -8.34841e-05 0.00049584 
0.246958 0.0146065 0.00807906 0.000497167 -7.75307e-05 0.00050849 
0.266013 0.0146065 0.00465503 0.00117287 -6.05009e-05 0.0004839 
0.285068 0.0146065 -0.000421332 0.0018682 -2.97263e-05 0.000498259 
0.305174 0.0146065 -0.00968213 0.00342989 2.63084e-05 0.000460981 
0.32528 0.0146065 -0.0225359 0.00459203 0.000110361 0.000473321 
0.346282 0.0146065 -0.0405782 0.00654484 0.000231299 0.000425459 
0.367284 0.0146065 -0.0625433 0.00781614 0.000385256 0.00043109 
0.388994 0.0146065 -0.0872149 0.00908955 0.00057099 0.000383937 
0.410703 0.0146065 -0.11301 0.00973099 0.000774035 0.000384844 
0.432902 0.0146065 -0.136621 0.0093259 0.000983214 0.000358364 
0.455101 0.0146065 -0.157193 0.00812113 0.00117162 0.000370183 
0.477551 0.0146065 -0.170594 0.00554338 0.00131929 0.000381578 
0.5 0.0146065 -0.177485 0.00226731 0.0014023 0.000414369 
0.522449 0.0146065 -0.174116 -0.00171751 0.00140471 0.000464117 
0.544899 0.0146065 -0.162734 -0.00606716 0.00131778 0.000508038 
0.567098 0.0146065 -0.140844 -0.0100423 0.00114043 0.000577787 
0.589297 0.0146065 -0.112195 -0.0136568 0.000883109 0.000600796 
0.611006 0.0146065 -0.0766978 -0.0156778 0.000569796 0.000655624 
0.632716 0.0146065 -0.0393113 -0.0161684 0.000230016 0.00062139 
0.653718 0.0146065 -0.00262234 -0.0149005 -9.20142e-05 0.000635332 
0.67472 0.0146065 0.029559 -0.0114703 -0.000368141 0.000547889 
0.694826 0.0146065 0.0535833 -0.00793878 -0.000562783 0.000532471 
0.714932 0.0146065 0.0704452 -0.00330058 -0.000679538 0.000441374 
0.733987 0.0146065 0.0770674 0.000386344 -0.000710532 0.00042402 
0.753042 0.0146065 0.0774756 0.00365835 -0.000677081 0.000365972 
0.77093 0.0146065 0.071121 0.00542922 -0.000600303 0.000362547 
0.788819 0.0146065 0.0617599 0.0063595 -0.00049834 0.000341487 
0.805462 0.0146065 0.0503353 0.00634223 -0.00039505 0.000347339 
0.822106 0.0146065 0.0391474 0.00554271 -0.000296985 0.000347944 
0.837463 0.0146065 0.0293218 0.00480088 -0.000218002 0.000355266 
0.85282 0.0146065 0.0210177 0.00364985 -0.00015287 0.000360721 
0.866881 0.0146065 0.0149208 0.0028925 -0.000106726 0.000367115 
0.880943 0.0146065 0.010145 0.00209015 -7.1457e-05 0.000370169 
0.893728 0.0146065 0.00694821 0.00155995 -4.79763e-05 0.000375626 
0.906513 0.0146065 0.00453956 0.0011171 -3.07511e-05 0.000375996 
0.918063 0.0146065 0.00296476 0.000816233 -1.94682e-05 0.000380532 
0.929613 0.0146065 0.00180327 0.000579683 -1.13245e-05 0.000379543 
0.939988 0.0146065 0.00104662 0.000413206 -6.07721e-06 0.00038327 
0.950362 0.0146065 0.000515475 0.00026811 -2.46631e-06 0.000381794 
0.959633 0.0146065 0.000195772 0.000161081 -3.99737e-07 0.000384894 
0.968903 0.0146065 1.49519e-05 5.37824e-05 6.64697e-07 0.000383137 
0.977148 0.0146065 -4.52892e-05 -1.65191e-05 8.56493e-07 0.000385791 
0.985394 0.0146065 -3.74791e-05 -5.7897e-05 5.81044e-07 0.000383672 
0.992697 0.0146065 -1.19741e-05 -5.19842e-05 1.94581e-07 0.000385915 
1 0.0146065 0 0 0 0.000384024 

0 0.0228517 0 0 0 0.000506415 
0.00730325 0.0228517 0.000102503 -0.000301801 -1.08874e-06 0.000506598 
0.0146065 0.0228517 0.000399131 -0.000601044 -4.36861e-06 0.000506298 
0.0228517 0.0228517 0.000968356 -0.00101598 -1.10546e-05 0.00050633 
0.031097 0.0228517 0.00178805 -0.00138031 -2.09568e-05 0.000505945 
0.0403673 0.0228517 0.0029448 -0.0017584 -3.56676e-05 0.000505684 
0.0496377 0.0228517 0.00432048 -0.00192606 -5.29084e-05 0.000505787 
0.0600123 0.0228517 0.0058767 -0.00200116 -7.3505e-05 0.000504694 
0.0703869 0.0228517 0.00747727 -0.0018351 -9.3619e-05 0.000506416 
0.0819372 0.0228517 0.00892539 -0.00156125 -0.000113367 0.000503633 
0.0934875 0.0228517 0.010207 -0.00117456 -0.000129283 0.000507777 
0.106272 0.0228517 0.0110658 -0.000771832 -0.000141638 0.000502671 
0.119057 0.0228517 0.0116999 -0.000470759 -0.000149486 0.000509059 
0.133119 0.0228517 0.0119604 -0.000279435 -0.0001546 0.000501672 
0.14718 0.0228517 0.0121658 -0.000242864 -0.000158129 0.000509438 
0.162537 0.0228517 0.0122141 -0.000319178 -0.000162675 0.000500232 
0.177894 0.0228517 0.0123182 -0.000283413 -0.000167561 0.000509174 
0.194538 0.0228517 0.0119612 -0.000183199 -0.000172242 0.00049788 
0.211181 0.0228517 0.0112577 0.000279916 -0.000172234 0.00050925 
0.22907 0.0228517 0.00886144 0.00104824 -0.000161603 0.000494266 
0.246958 0.0228517 0.00506364 0.00216789 -0.000134081 0.000509843 
0.266013 0.0228517 -0.00263306 0.0042141 -7.47129e-05 0.000489291 
0.285068 0.0228517 -0.0138257 0.00629021 2.38668e-05 0.000509743 
0.305174 0.0228517 -0.0314207 0.0100514 0.000187401 0.000482997 
0.32528 0.0228517 -0.0543827 0.0131688 0.000420045 0.000504776 
0.346282 0.0228517 -0.083857 0.0169568 0.000738017 0.000473291 
0.367284 0.0228517 -0.117071 0.0193969 0.00112151 0.000487868 
0.388994 0.0228517 -0.151509 0.0204236 0.00155759 0.000454595 
0.410703 0.0228517 -0.18411 0.0201688 0.00200229 0.000458128 
0.432902 0.0228517 -0.210659 0.0175022 0.00242552 0.0004316 
0.455101 0.0228517 -0.23087 0.0138522 0.00277877 0.000431993 
0.477551 0.0228517 -0.241286 0.00811177 0.00302942 0.000423938 
0.5 0.0228517 -0.243723 0.00173274 0.00314379 0.000429455 
0.522449 0.0228517 -0.235629 -0.00555204 0.00310216 0.000446201 
0.544899 0.0228517 -0.219426 -0.0131642 0.00289271 0.000455152 
0.567098 0.0228517 -0.19354 -0.019978 0.00252169 0.000490911 
0.589297 0.0228517 -0.160853 -0.0263936 0.00200323 0.000487383 
0.611006 0.0228517 -0.12163 -0.0298253 0.00138519 0.000524223 
0.632716 0.0228517 -0.0796294 -0.0314037 0.000712651 0.000490022 
0.653718 0.0228517 -0.0373572 -0.0293157 6.60205e-05 0.000513475 
0.67472 0.0228517 0.00161099 -0.0242036 -0.00050461 0.000454872 
0.694826 0.0228517 0.0338773 -0.0181976 -0.000934821 0.000468709 
0.714932 0.0228517 0.0593661 -0.0102178 -0.00122386 0.000414221 
0.733987 0.0228517 0.0746565 -0.00338121 -0.001351 0.000427383 
0.753042 0.0228517 0.0831083 0.00318267 -0.00134978 0.000394302 
0.77093 0.0228517 0.082814 0.00754984 -0.00124917 0.000407011 
0.788819 0.0228517 0.0772003 0.0108222 -0.00108016 0.000392064 
0.805462 0.0228517 0.0669129 0.0118122 -0.000887697 0.000399819 
0.822106 0.0228517 0.0549756 0.0114871 -0.000690022 0.000393812 
0.837463 0.0228517 0.0430777 0.0103568 -0.000520368 0.000395552 
0.85282 0.0228517 0.0322387 0.00843765 -0.000374393 0.000392477 
0.866881 0.0228517 0.0236616 0.00683584 -0.000266701 0.000392093 
0.880943 0.0228517 0.0166884 0.0051082 -0.000182557 0.000389445 
0.893728 0.0228517 0.011792 0.00390107 -0.000125179 0.000389838 
0.906513 0.0228517 0.00800499 0.00283422 -8.23914e-05 0.000387102 
0.918063 0.0228517 0.00546086 0.00212169 -5.39766e-05 0.000388529 
0.929613 0.0228517 0.00353529 0.00152774 -3.31186e-05 0.000385862 
0.939988 0.0228517 0.00225607 0.00112173 -1.94933e-05 0.00038773 
0.950362 0.0228517 0.00131752 0.000762673 -9.83465e-06 0.000385276 
0.959633 0.0228517 0.000720854 0.000501254 -4.04195e-06 0.000387225 
0.968903 0.0228517 0.000327379 0.000244981 -6.44801e-07 0.000384958 
0.977148 0.0228517 0.000124784 7.64494e-05 5.97146e-07 0.000387005 
0.985394 0.0228517 2.92072e-05 -4.38804e-05 6.54083e-07 0.000384824 
0.992697 0.0228517 4.47278e-06 -5.00472e-05 2.39614e-07 0.000386982 
1 0.0228517 0 0 0 0.000384728 

0 0.031097 0 0 0 0.000508554 
0.00730325 0.031097 0.000133534 -0.000563971 -2.07001e-06 0.000509891 
0.0146065 0.031097 0.000533894 -0.00111446 -8.21747e-06 0.00050912 
0.0228517 0.031097 0.00128367 -0.00181794 -2.03722e-05 0.000510692 
0.031097 0.031097 0.00232954 -0.00242735 -3.79261e-05 0.000510309 
0.0403673 0.031097 0.00377134 -0.00303741 -6.34804e-05 0.000511824 
0.0496377 0.031097 0.00545012 -0.00331336 -9.31186e-05 0.000512002 
0.0600123 0.031097 0.00732029 -0.00340571 -0.000128223 0.000512047 
0.0703869 0.031097 0.00921315 -0.00312386 -0.000162323 0.000513419 
0.0819372 0.031097 0.0108967 -0.00263171 -0.000195633 0.000510442 
0.0934875 0.031097 0.0123533 -0.00197277 -0.000222283 0.000513808 
0.106272 0.031097 0.0132909 -0.00127507 -0.000242786 0.000507528 
0.119057 0.031097 0.013923 -0.000733116 -0.000255357 0.000513299 
0.133119 0.031097 0.014081 -0.000384447 -0.000262822 0.000504868 
0.14718 0.031097 0.0140802 -0.000247065 -0.000266814 0.000512662 
0.162537 0.031097 0.0137483 -0.00028688 -0.000270846 0.000502966 
0.177894 0.031097 0.0132701 -0.000110037 -0.000273612 0.000512266 
0.194538 0.031097 0.0118327 0.00028359 -0.000272226 0.00049973 
0.211181 0.031097 0.0095263 0.00128045 -0.000258725 0.000511103 
0.22907 0.031097 0.00427622 0.00304181 -0.00021918 0.000491995 
0.246958 0.031097 -0.00358876 0.00534055 -0.00014228 0.000506536 
0.266013 0.031097 -0.0175588 0.00951955 2.59048e-06 0.000476783 
0.285068 0.031097 -0.0369377 0.0136938 0.000228045 0.000492889 
0.305174 0.031097 -0.064579 0.0201877 0.000574888 0.000452438 
0.32528 0.031097 -0.0979323 0.0256306 0.00104013 0.000465927 
0.346282 0.031097 -0.136479 0.0309822 0.00164032 0.00042128 
0.367284 0.031097 -0.176232 0.0341832 0.00232582 0.000428025 
0.388994 0.031097 -0.213846 0.0341274 0.00306644 0.000387525 
0.410703 0.031097 -0.246792 0.0320972 0.00378168 0.000389216 
0.432902 0.031097 -0.27173 0.0264064 0.00442487 0.000365641 
0.455101 0.031097 -0.289258 0.0195902 0.0049305 0.000375135 
0.477551 0.031097 -0.297159 0.0103201 0.0052612 0.000382774 
0.5 0.031097 -0.297494 0.000447823 0.00538054 0.000409513 
0.522449 0.031097 -0.288195 -0.0103399 0.00526973 0.000451268 
0.544899 0.031097 -0.27147 -0.0214763 0.00491652 0.00048823 
0.567098 0.031097 -0.245403 -0.0314458 0.00433386 0.000549746 
0.589297 0.031097 -0.2125 -0.0409707 0.00353721 0.000569807 
0.611006 0.031097 -0.172326 -0.046286 0.0025948 0.000620996 
0.632716 0.031097 -0.128281 -0.0492994 0.00156185 0.000591115 
0.653718 0.031097 -0.0826999 -0.0467022 0.00055436 0.000608516 
0.67472 0.031097 -0.0390993 -0.0400707 -0.000358768 0.000529296 
0.694826 0.031097 -0.00117381 -0.03156 -0.00108088 0.000522959 
0.714932 0.031097 0.030622 -0.0200161 -0.00160464 0.000437719 
0.733987 0.031097 0.0527584 -0.0098283 -0.00189117 0.000430919 
0.753042 0.031097 0.0688388 0.00029439 -0.001987 0.000375432 
0.77093 0.031097 0.0757547 0.00799156 -0.00191717 0.000376746 
0.788819 0.031097 0.076611 0.0142851 -0.001723 0.000352409 
0.805462 0.031097 0.0711057 0.0170509 -0.00146605 0.000359 
0.822106 0.031097 0.0622275 0.0178987 -0.00117783 0.000354494 
0.837463 0.031097 0.0514271 0.0167598 -0.000913946 0.000360218 
0.85282 0.031097 0.0404843 0.0143243 -0.000675947 0.0003635 
0.866881 0.031097 0.0309533 0.0118662 -0.000492794 0.00036762 
0.880943 0.031097 0.0227212 0.00911851 -0.000345467 0.000371204 
0.893728 0.031097 0.0165965 0.00709063 -0.000242145 0.00037474 
0.906513 0.031097 0.0116672 0.00523554 -0.000163447 0.000376302 
0.918063 0.031097 0.00824037 0.00397834 -0.00011022 0.000379584 
0.929613 0.031097 0.0055685 0.0029011 -7.04614e-05 0.000379581 
0.939988 0.031097 0.00374719 0.00216857 -4.40373e-05 0.000382484 
0.950362 0.031097 0.00236184 0.00151322 -2.48234e-05 0.000381766 
0.959633 0.031097 0.00144013 0.00104535 -1.28152e-05 0.000384189 
0.968903 0.031097 0.000781892 0.00058574 -5.11272e-06 0.000383141 
0.977148 0.031097 0.00038783 0.000283382 -1.45291e-06 0.00038512 
0.985394 0.031097 0.000150205 4.33777e-05 -3.90395e-08 0.000383803 
0.992697 0.031097 3.57194e-05 -2.07183e-05 7.71086e-08 0.000385391 
1 0.031097 0 0 0 0.000384098 

0 0.0403673 0 0 0 0.000504552 
0.00730325 0.0403673 0.00018437 -0.000969484 -3.55156e-06 0.000507151 
0.0146065 0.0403673 0.000709375 -0.00188721 -1.39907e-05 0.000504601 
0.0228517 0.0403673 0.00166 -0.00296284 -3.40685e-05 0.000506978 
0.031097 0.0403673 0.00295168 -0.00388356 -6.23789e-05 0.000504483 
0.0403673 0.0403673 0.00466729 -0.00474416 -0.000102729 0.000506352 
0.0496377 0.0403673 0.00661266 -0.00512925 -0.000148855 0.000504683 
0.0600123 0.0403673 0.00870886 -0.00518259 -0.000202812 0.000505201 
0.0703869 0.0403673 0.0107726 -0.00472632 -0.000254677 0.000505708 
0.0819372 0.0403673 0.012539 -0.00390613 -0.000304783 0.000503869 
0.0934875 0.0403673 0.013999 -0.00289098 -0.000344284 0.000507371 
0.106272 0.0403673 0.0148498 -0.00178533 -0.000373996 0.000502774 
0.119057 0.0403673 0.0153149 -0.000922858 -0.000391129 0.000508848 
0.133119 0.0403673 0.0151954 -0.000309228 -0.000399573 0.000501977 
0.14718 0.0403673 0.0147838 4.46205e-05 -0.000401241 0.000509633 
0.162537 0.0403673 0.0137148 0.000243494 -0.000399775 0.000500955 
0.177894 0.0403673 0.0121383 0.000831132 -0.000392314 0.000510555 
0.194538 0.0403673 0.00870569 0.00203353 -0.000370539 0.000499019 
0.211181 0.0403673 0.00352204 0.00416158 -0.000321097 0.000513107 
0.22907 0.0403673 -0.00644537 0.00801722 -0.000214961 0.000496323 
0.246958 0.0403673 -0.0208104 0.0126083 -3.33483e-05 0.000517431 
0.266013 0.0403673 -0.0436067 0.0202825 0.000277922 0.000493561 
0.285068 0.0403673 -0.0732375 0.0277422 0.00073337 0.000518964 
0.305174 0.0403673 -0.111696 0.037084 0.00138729 0.000487748 
0.32528 0.0403673 -0.154435 0.0444019 0.00220869 0.000506555 
0.346282 0.0403673 -0.199018 0.0493475 0.00320013 0.000468484 
0.367284 0.0403673 -0.24088 0.0512776 0.00426385 0.000473109 
0.388994 0.0403673 -0.27675 0.0482279 0.00535094 0.000434895 
0.410703 0.0403673 -0.305971 0.0430896 0.00634956 0.000430839 
0.432902 0.0403673 -0.326853 0.0339373 0.00720921 0.000404456 
0.455101 0.0403673 -0.341018 0.023866 0.0078558 0.000402085 
0.477551 0.0403673 -0.347185 0.0114887 0.00825549 0.000396849 
0.5 0.0403673 -0.347095 -0.00144975 0.00837068 0.000403034 
0.522449 0.0403673 -0.338876 -0.0153099 0.00818301 0.00042178 
0.544899 0.0403673 -0.324027 -0.0296556 0.00767798 0.000434412 
0.567098 0.0403673 -0.30041 -0.0428306 0.00686973 0.000470244 
0.589297 0.0403673 -0.269721 -0.055682 0.00577193 0.000473607 
0.611006 0.0403673 -0.230996 -0.0635715 0.00446823 0.000509684 
0.632716 0.0403673 -0.186841 -0.068919 0.00302077 0.000482228 
0.653718 0.0403673 -0.139432 -0.0666192 0.00158539 0.000505376 
0.67472 0.0403673 -0.0921413 -0.0595195 0.000249319 0.000446804 
0.694826 0.0403673 -0.0491902 -0.0488262 -0.000847519 0.000462063 
0.714932 0.0403673 -0.0120279 -0.0340844 -0.00168817 0.000401021 
0.733987 0.0403673 0.016402 -0.0211158 -0.0022132 0.000416872 
0.753042 0.0403673 0.0393827 -0.00776542 -0.00248707 0.000376339 
0.77093 0.0403673 0.0535784 0.00336803 -0.00252179 0.000392523 
0.788819 0.0403673 0.0624795 0.0129983 -0.00237035 0.000373952 
0.805462 0.0403673 0.0642515 0.018678 -0.00210087 0.000387596 
0.822106 0.0403673 0.0614125 0.0221149 -0.00175562 0.000382659 
0.837463 0.0403673 0.0544619 0.0222077 -0.00141098 0.000389425 
0.85282 0.0403673 0.0457422 0.0204287 -0.00107954 0.000389501 
0.866881 0.0403673 0.0367932 0.0176617 -0.000810174 0.00039032 
0.880943 0.0403673 0.0283306 0.01427 -0.000584334 0.000390636 
0.893728 0.0403673 0.0214776 0.0114306 -0.000419962 0.000389711 
0.906513 0.0403673 0.0156803 0.0087234 -0.000291179 0.000389152 
0.918063 0.0403673 0.0114513 0.00677209 -0.000201933 0.000388764 
0.929613 0.0403673 0.00804078 0.00506581 -0.000133863 0.00038767 
0.939988 0.0403673 0.00563894 0.00387353 -8.76747e-05 0.000387941 
0.950362 0.0403673 0.0037439 0.00281219 -5.31911e-05 0.000386827 
0.959633 0.0403673 0.00242708 0.00204479 -3.07797e-05 0.000387327 
0.968903 0.0403673 0.00142584 0.00130648 -1.53471e-05 0.000386461 
0.977148 0.0403673 0.000766627 0.000792559 -6.81658e-06 0.000386967 
0.985394 0.0403673 0.000319416 0.000354212 -2.20521e-06 0.000386394 
0.992697 0.0403673 8.17445e-05 0.000146788 -4.65615e-07 0.000386836 
1 0.0403673 0 0 0 0.000386438 

0 0.0496377 0 0 0 0.000506809 
0.00730325 0.0496377 0.00021595 -0.0014684 -5.4191e-06 0.000510691 
0.0146065 0.0496377 0.000843796 -0.00283219 -2.11896e-05 0.000507421 
0.0228517 0.0496377 0.00197395 -0.00434918 -5.09711e-05 0.000511476 
0.031097 0.0496377 0.00349011 -0.00560497 -9.21742e-05 0.000508713 
0.0403673 0.0496377 0.00545443 -0.00672145 -0.000149797 0.000512299 
0.0496377 0.0496377 0.00763431 -0.0071722 -0.000214649 0.000510612 
0.0600123 0.0496377 0.00989194 -0.00713263 -0.000289348 0.000511962 
0.0703869 0.0496377 0.0120435 -0.00642038 -0.000360084 0.000512267 
0.0819372 0.0496377 0.013755 -0.00519588 -0.000427202 0.000509859 
0.0934875 0.0496377 0.0150668 -0.00374782 -0.000478835 0.000512831 
0.106272 0.0496377 0.0156342 -0.00217636 -0.000516073 0.000506841 
0.119057 0.0496377 0.0157362 -0.000933254 -0.000535292 0.000512428 
0.133119 0.0496377 0.0151036 8.45546e-06 -0.00054108 0.000504224 
0.14718 0.0496377 0.014022 0.000695173 -0.000535275 0.000511832 
0.162537 0.0496377 0.0118064 0.00132873 -0.000519782 0.000501438 
0.177894 0.0496377 0.00856661 0.00262758 -0.000488872 0.000511298 
0.194538 0.0496377 0.00216277 0.00514038 -0.000424182 0.000495352 
0.211181 0.0496377 -0.00718722 0.0089673 -0.000305545 0.000509114 
0.22907 0.0496377 -0.0236233 0.0157974 -8.1554e-05 0.000482802 
0.246958 0.0496377 -0.046271 0.0235068 0.000273587 0.000500956 
0.266013 0.0496377 -0.0790176 0.0351101 0.000838227 0.000464209 
0.285068 0.0496377 -0.118438 0.0460478 0.00161574 0.000483725 
0.305174 0.0496377 -0.164604 0.057446 0.00266372 0.000442572 
0.32528 0.0496377 -0.211814 0.0656359 0.00390392 0.000456697 
0.346282 0.0496377 -0.256858 0.0688163 0.00531829 0.000414984 
0.367284 0.0496377 -0.296351 0.0682697 0.00675815 0.000416949 
0.388994 0.0496377 -0.328368 0.0617798 0.00816626 0.000377756 
0.410703 0.0496377 -0.35364 0.0533201 0.00941302 0.000371464 
0.432902 0.0496377 -0.371515 0.0410719 0.0104558 0.000347365 
0.455101 0.0496377 -0.383808 0.0280596 0.01122 0.000348373 
0.477551 0.0496377 -0.389382 0.0128943 0.011677 0.000352676 
0.5 0.0496377 -0.389761 -0.00289007 0.0117891 0.000371757 
0.522449 0.0496377 -0.383173 -0.0197716 0.0115364 0.000406535 
0.544899 0.0496377 -0.370801 -0.0373247 0.0109004 0.000439254 
0.567098 0.0496377 -0.350414 -0.0539657 0.00989225 0.000492805 
0.589297 0.0496377 -0.323091 -0.0704138 0.00851949 0.000517125 
0.611006 0.0496377 -0.287085 -0.0815432 0.00687361 0.000565343 
0.632716 0.0496377 -0.244152 -0.0898426 0.00501649 0.00054934 
0.653718 0.0496377 -0.195689 -0.0885476 0.00314029 0.000571536 
0.67472 0.0496377 -0.144929 -0.0816139 0.00134719 0.000505482 
0.694826 0.0496377 -0.0968356 -0.0686775 -0.000170497 0.000508034 
0.714932 0.0496377 -0.0541284 -0.0506346 -0.00137963 0.000425865 
0.733987 0.0496377 -0.0201385 -0.0348102 -0.00219719 0.000430613 
0.753042 0.0496377 0.00776571 -0.0179596 -0.00270428 0.0003725 
0.77093 0.0496377 0.0266762 -0.00372406 -0.00289896 0.000384143 
0.788819 0.0496377 0.0415003 0.00883597 -0.00285495 0.000357246 
0.805462 0.0496377 0.049328 0.0177589 -0.00263478 0.000370051 
0.822106 0.0496377 0.0524074 0.024135 -0.0022876 0.00036082 
0.837463 0.0496377 0.05026 0.0261648 -0.0019027 0.000369061 
0.85282 0.0496377 0.0452452 0.0257451 -0.00150477 0.00036856 
0.866881 0.0496377 0.0384205 0.0232122 -0.00116225 0.000371636 
0.880943 0.0496377 0.0311114 0.019613 -0.000861851 0.000374293 
0.893728 0.0496377 0.0245206 0.0161419 -0.000634526 0.000375331 
0.906513 0.0496377 0.0185908 0.0126809 -0.000450944 0.000377991 
0.918063 0.0496377 0.0140012 0.010032 -0.00032034 0.000378863 
0.929613 0.0496377 0.0101489 0.00766406 -0.000218496 0.000380542 
0.939988 0.0496377 0.00732611 0.0059689 -0.000147895 0.000381427 
0.950362 0.0496377 0.00502085 0.00445357 -9.38827e-05 0.000382444 
0.959633 0.0496377 0.00335728 0.0033481 -5.76339e-05 0.000383035 
0.968903 0.0496377 0.00204108 0.00228816 -3.14058e-05 0.000383861 
0.977148 0.0496377 0.00112962 0.0015216 -1.56278e-05 0.000383954 
0.985394 0.0496377 0.000481092 0.00082304 -5.89349e-06 0.000384784 
0.992697 0.0496377 0.000121902 0.00038447 -1.42658e-06 0.0003844 
1 0.0496377 0 0 0 0.000385185 

0 0.0600123 0 0 0 0.000502266 
0.00730325 0.0600123 0.000270741 -0.00215148 -7.94615e-06 0.000508027 
0.0146065 0.0600123 0.00103369 -0.00411246 -3.09036e-05 0.000502414 
0.0228517 0.0600123 0.0023827 -0.00618559 -7.36111e-05 0.000507935 
0.031097 0.0600123 0.00415709 -0.00783849 -0.000131679 0.000502575 
0.0403673 0.0600123 0.00636915 -0.00919013 -0.000211292 0.00050715 
0.0496377 0.0600123 0.0087474 -0.00963404 -0.000299232 0.000503389 
0.0600123 0.0600123 0.0110587 -0.00933994 -0.000398422 0.000505628 
0.0703869 0.0600123 0.0131372 -0.00821401 -0.000490258 0.00050512 
0.0819372 0.0600123 0.0145803 -0.00638403 -0.000574882 0.000504011 
0.0934875 0.0600123 0.0155013 -0.00436075 -0.000637268 0.000507201 
0.106272 0.0600123 0.0155321 -0.00217435 -0.000678743 0.000502985 
0.119057 0.0600123 0.0149981 -0.000431019 -0.00069512 0.000508936 
0.133119 0.0600123 0.0135023 0.00102444 -0.000691019 0.000502548 
0.14718 0.0600123 0.0113105 0.00232664 -0.000667579 0.000510777 
0.162537 0.0600123 0.00715884 0.00398774 -0.000621239 0.000501944 
0.177894 0.0600123 0.0011332 0.00676716 -0.0005409 0.000514779 
0.194538 0.0600123 -0.00998796 0.0119146 -0.000389643 0.000500778 
0.211181 0.0600123 -0.0257492 0.0188135 -0.000138274 0.000521979 
0.22907 0.0600123 -0.0509479 0.0302488 0.00029679 0.000499862 
0.246958 0.0600123 -0.0835455 0.0424024 0.000942893 0.000527955 
0.266013 0.0600123 -0.126453 0.0578783 0.0019001 0.000496047 
0.285068 0.0600123 -0.174025 0.0713661 0.00313343 0.000518352 
0.305174 0.0600123 -0.224169 0.0822649 0.00468725 0.000476669 
0.32528 0.0600123 -0.271167 0.0887311 0.00641567 0.000481782 
0.346282 0.0600123 -0.312187 0.0881736 0.00828327 0.0004372 
0.367284 0.0600123 -0.346327 0.0839066 0.0101004 0.000428063 
0.388994 0.0600123 -0.373069 0.0738317 0.0118187 0.00039055 
0.410703 0.0600123 -0.39396 0.062125 0.0133009 0.000377129 
0.432902 0.0600123 -0.408688 0.0471432 0.0145174 0.000353828 
0.455101 0.0600123 -0.418759 0.0315516 0.0153947 0.000346038 
0.477551 0.0600123 -0.423389 0.0140078 0.0159087 0.000342178 
0.5 0.0600123 -0.423825 -0.0041135 0.0160219 0.00034662 
0.522449 0.0600123 -0.418928 -0.0234678 0.0157131 0.000363911 
0.544899 0.0600123 -0.409552 -0.0436425 0.0149601 0.00037948 
0.567098 0.0600123 -0.393815 -0.0634465 0.0137683 0.00041204 
0.589297 0.0600123 -0.372095 -0.0834071 0.0121346 0.000425731 
0.611006 0.0600123 -0.341925 -0.0985737 0.010149 0.000459582 
0.632716 0.0600123 -0.303876 -0.111069 0.00786294 0.000448566 
0.653718 0.0600123 -0.257629 -0.112699 0.00549757 0.000472624 
0.67472 0.0600123 -0.205656 -0.108057 0.00316434 0.000425149 
0.694826 0.0600123 -0.152944 -0.0937375 0.0011242 0.000445646 
0.714932 0.0600123 -0.103275 -0.0731191 -0.000563881 0.000383745 
0.733987 0.0600123 -0.0619342 -0.0536809 -0.00177324 0.000409119 
0.753042 0.0600123 -0.0284194 -0.0322194 -0.00259293 0.000362334 
0.77093 0.0600123 -0.00469056 -0.015212 -0.00301243 0.000385762 
0.788819 0.0600123 0.0149884 7.92768e-05 -0.00314313 0.000359684 
0.805462 0.0600123 0.0276154 0.0122678 -0.00303495 0.000378657 
0.822106 0.0600123 0.0363261 0.0216803 -0.00274677 0.000368505 
0.837463 0.0600123 0.0395631 0.0264356 -0.00237193 0.000381564 
0.85282 0.0600123 0.0394646 0.0283637 -0.00194582 0.000380257 
0.866881 0.0600123 0.0361366 0.0271302 -0.00155254 0.000385626 
0.880943 0.0600123 0.0313017 0.0243088 -0.0011879 0.000387534 
0.893728 0.0600123 0.025941 0.020802 -0.000898611 0.000387627 
0.906513 0.0600123 0.0206175 0.0170301 -0.000655997 0.000389574 
0.918063 0.0600123 0.0160945 0.0138511 -0.000477667 0.000387947 
0.929613 0.0600123 0.0120791 0.0109218 -0.000334708 0.00038933 
0.939988 0.0600123 0.0089689 0.0087105 -0.000233026 0.000387586 
0.950362 0.0600123 0.00633022 0.00672346 -0.000153165 0.00038881 
0.959633 0.0600123 0.00434499 0.00522108 -9.78909e-05 0.00038705 
0.968903 0.0600123 0.0027175 0.00379037 -5.6225e-05 0.000388617 
0.977148 0.0600123 0.00154063 0.00268515 -2.96143e-05 0.000386581 
0.985394 0.0600123 0.000675322 0.00162708 -1.19222e-05 0.000388696 
0.992697 0.0600123 0.00017705 0.000825316 -2.99742e-06 0.000386382 
1 0.0600123 0 0 0 0.000388912 

0 0.0703869 0 0 0 0.0005045 
0.00730325 0.0703869 0.000314657 -0.00296075 -1.09934e-05 0.000511835 
0.0146065 0.0703869 0.00121011 -0.00561403 -4.25006e-05 0.000505249 
0.0228517 0.0703869 0.00277113 -0.00831958 -0.000100404 0.000512637 
0.031097 0.0703869 0.00479569 -0.0103663 -0.00017788 0.000506837 
0.0403673 0.0703869 0.00722734 -0.0119044 -0.000282022 0.000512953 
0.0496377 0.0703869 0.00976004 -0.0122247 -0.000394706 0.000509156 
0.0600123 0.0703869 0.0120299 -0.011529 -0.000518629 0.000511516 
0.0703869 0.0703869 0.0139166 -0.00983459 -0.000630038 0.000510984 
0.0819372 0.0703869 0.0149146 -0.00727194 -0.000728596 0.00050845 
0.0934875 0.0703869 0.0152578 -0.00457 -0.000796664 0.000511459 
0.106272 0.0703869 0.0145177 -0.00170378 -0.000835632 0.000505253 
0.119057 0.0703869 0.0130938 0.000645963 -0.000841154 0.000511088 
0.133119 0.0703869 0.0103403 0.00276625 -0.000816328 0.000502366 
0.14718 0.0703869 0.00651462 0.00498358 -0.000760532 0.000510791 
0.162537 0.0703869 -0.000478742 0.00824431 -0.00065916 0.000496929 
0.177894 0.0703869 -0.0104761 0.0132049 -0.000493469 0.000509655 
0.194538 0.0703869 -0.0279242 0.0220182 -0.000199213 0.000485027 
0.211181 0.0703869 -0.051711 0.0329231 0.000260247 0.000504097 
0.22907 0.0703869 -0.0864916 0.0493774 0.00100136 0.000467822 
0.246958 0.0703869 -0.128269 0.0660365 0.00203657 0.000491248 
0.266013 0.0703869 -0.177915 0.0841912 0.00347554 0.000450261 
0.285068 0.0703869 -0.228632 0.0987149 0.00522095 0.000469623 
0.305174 0.0703869 -0.277305 0.107261 0.00729592 0.000427611 
0.32528 0.0703869 -0.319824 0.110469 0.00948692 0.000430918 
0.346282 0.0703869 -0.354657 0.105734 0.0117556 0.000387353 
0.367284 0.0703869 -0.382604 0.0976444 0.0138904 0.000373472 
0.388994 0.0703869 -0.403733 0.0844141 0.0158618 0.000334842 
0.410703 0.0703869 -0.419822 0.0698795 0.0175326 0.000316735 
0.432902 0.0703869 -0.430669 0.0525366 0.0188856 0.000293823 
0.455101 0.0703869 -0.437735 0.0347256 0.0198499 0.00028669 
0.477551 0.0703869 -0.440798 0.0151723 0.0204067 0.000287792 
0.5 0.0703869 -0.440965 -0.00492885 0.0205212 0.000299507 
0.522449 0.0703869 -0.43773 -0.0263109 0.0201727 0.000325256 
0.544899 0.0703869 -0.431721 -0.048676 0.0193367 0.000352892 
0.567098 0.0703869 -0.421463 -0.071254 0.0180127 0.00039501 
0.589297 0.0703869 -0.406885 -0.0943772 0.016185 0.000424326 
0.611006 0.0703869 -0.384979 -0.113774 0.0139321 0.000467298 
0.632716 0.0703869 -0.355208 -0.130812 0.0112851 0.00047376 
0.653718 0.0703869 -0.315007 -0.136766 0.0084741 0.000503381 
0.67472 0.0703869 -0.265603 -0.135892 0.00560614 0.00046568 
0.694826 0.0703869 -0.210555 -0.121587 0.00300919 0.000483428 
0.714932 0.0703869 -0.154295 -0.0996903 0.000770269 0.000413163 
0.733987 0.0703869 -0.104471 -0.0759324 -0.000911532 0.000431313 
0.753042 0.0703869 -0.0634238 -0.049041 -0.0021127 0.000367155 
0.77093 0.0703869 -0.0336553 -0.0289656 -0.00281292 0.000389986 
0.788819 0.0703869 -0.00958992 -0.0103953 -0.00316606 0.000355075 
0.805462 0.0703869 0.0062122 0.0047165 -0.0032116 0.000375938 
0.822106 0.0703869 0.0188674 0.0166577 -0.00303187 0.000361784 
0.837463 0.0703869 0.0262025 0.0242415 -0.00271643 0.000376709 
0.85282 0.0703869 0.0302554 0.0286845 -0.00230881 0.000371274 
0.866881 0.0703869 0.030372 0.0293058 -0.00190119 0.000377983 
0.880943 0.0703869 0.0283737 0.027825 -0.00149934 0.000377297 
0.893728 0.0703869 0.024818 0.024771 -0.00116431 0.0003786 
0.906513 0.0703869 0.020721 0.0210866 -0.000871853 0.000380451 
0.918063 0.0703869 0.0167606 0.0176275 -0.000649333 0.000379679 
0.929613 0.0703869 0.0130017 0.0143064 -0.000465619 0.00038231 
0.939988 0.0703869 0.00989046 0.0116574 -0.000331463 0.000381012 
0.950362 0.0703869 0.00714577 0.00924009 -0.000223427 0.000383807 
0.959633 0.0703869 0.00499024 0.00735604 -0.000146623 0.000382088 
0.968903 0.0703869 0.00316894 0.00554862 -8.68687e-05 0.000385165 
0.977148 0.0703869 0.00181063 0.00408066 -4.71404e-05 0.000382808 
0.985394 0.0703869 0.000788582 0.00260395 -1.9535e-05 0.000386235 
0.992697 0.0703869 0.000202928 0.00134856 -5.00623e-06 0.000383337 
1 0.0703869 0 0 0 0.000386675 

0 0.0819372 0 0 0 0.000499219 
0.00730325 0.0819372 0.000391033 -0.0040556 -1.50788e-05 0.000509352 
0.0146065 0.0819372 0.001475 -0.00761302 -5.79491e-05 0.000499587 
0.0228517 0.0819372 0.00330511 -0.0110723 -0.000135629 0.000509233 
0.031097 0.0819372 0.00561149 -0.0135222 -0.000237673 0.000500332 
0.0403673 0.0819372 0.00820699 -0.0151015 -0.000371591 0.000507961 
0.0496377 0.0819372 0.0107711 -0.0150758 -0.000512726 0.000502247 
0.0600123 0.0819372 0.0127762 -0.0136344 -0.000662743 0.000505786 
0.0703869 0.0819372 0.0141986 -0.0110745 -0.000792035 0.000505025 
0.0819372 0.0819372 0.0144446 -0.0074734 -0.000899382 0.000503923 
0.0934875 0.0819372 0.0138923 -0.00388563 -0.000965248 0.000507599 
0.106272 0.0819372 0.0120306 -0.000127606 -0.00099067 0.000503199 
0.119057 0.0819372 0.0093192 0.0030986 -0.000971504 0.000510049 
0.133119 0.0819372 0.00460915 0.00644421 -0.000905816 0.000503228 
0.14718 0.0819372 -0.00188872 0.0104003 -0.000788931 0.000514895 
0.162537 0.0819372 -0.013381 0.0167327 -0.000585419 0.000503193 
0.177894 0.0819372 -0.0293933 0.025484 -0.000266267 0.000524275 
0.194538 0.0819372 -0.0551936 0.039874 0.000272179 0.000503339 
0.211181 0.0819372 -0.088402 0.0562454 0.00106674 0.000533374 
0.22907 0.0819372 -0.132663 0.077523 0.00226392 0.000500072 
0.246958 0.0819372 -0.181693 0.0973555 0.00382924 0.000525017 
0.266013 0.0819372 -0.233991 0.115033 0.00586367 0.000479267 
0.285068 0.0819372 -0.282938 0.12731 0.00818372 0.000483869 
0.305174 0.0819372 -0.325594 0.1311 0.0107946 0.000433386 
0.32528 0.0819372 -0.360633 0.129513 0.0134277 0.000418118 
0.346282 0.0819372 -0.387592 0.120343 0.0160599 0.000373027 
0.367284 0.0819372 -0.408213 0.108382 0.0184704 0.000348294 
0.388994 0.0819372 -0.422695 0.0921235 0.0206515 0.000313686 
0.410703 0.0819372 -0.432806 0.0749638 0.0224701 0.000290977 
0.432902 0.0819372 -0.438893 0.0556576 0.0239225 0.00027073 
0.455101 0.0819372 -0.442306 0.0361824 0.0249447 0.000258678 
0.477551 0.0819372 -0.443423 0.0154767 0.0255267 0.000255655 
0.5 0.0819372 -0.443047 -0.0056785 0.0256385 0.000258246 
0.522449 0.0819372 -0.441184 -0.0279497 0.0252626 0.000272483 
0.544899 0.0819372 -0.438159 -0.0513137 0.024374 0.000288816 
0.567098 0.0819372 -0.433208 -0.0754471 0.022966 0.000315639 
0.589297 0.0819372 -0.425919 -0.100617 0.0210104 0.000338103 
0.611006 0.0819372 -0.413679 -0.123823 0.0185659 0.000367746 
0.632716 0.0819372 -0.395108 -0.145608 0.015633 0.00037951 
0.653718 0.0819372 -0.365847 -0.158041 0.012426 0.00040366 
0.67472 0.0819372 -0.325523 -0.163878 0.00902725 0.000383848 
0.694826 0.0819372 -0.273969 -0.153678 0.00581573 0.000409041 
0.714932 0.0819372 -0.215161 -0.134334 0.002902 0.000357377 
0.733987 0.0819372 -0.157464 -0.106943 0.00059676 0.000395532 
0.753042 0.0819372 -0.105724 -0.0745903 -0.00113834 0.000342928 
0.77093 0.0819372 -0.0661261 -0.0493225 -0.0022419 0.000383094 
0.788819 0.0819372 -0.0357151 -0.0248452 -0.00290093 0.000350155 
0.805462 0.0819372 -0.0159595 -0.00657853 -0.00315521 0.0003778 
0.822106 0.0819372 0.000252633 0.00797518 -0.0031367 0.000360574 
0.837463 0.0819372 0.0105695 0.0185091 -0.00292806 0.000378521 
0.85282 0.0819372 0.0179565 0.0255491 -0.00258442 0.000371649 
0.866881 0.0819372 0.0213257 0.0284934 -0.00220066 0.000382132 
0.880943 0.0819372 0.0225123 0.0289616 -0.00179289 0.000381048 
0.893728 0.0819372 0.0213569 0.0271162 -0.00143261 0.000384937 
0.906513 0.0819372 0.0190957 0.024229 -0.00110262 0.000386786 
0.918063 0.0819372 0.016185 0.0209945 -0.000840964 0.000386304 
0.929613 0.0819372 0.0131042 0.0176728 -0.000617241 0.000389078 
0.939988 0.0819372 0.0102718 0.0147969 -0.000448789 0.000386614 
0.950362 0.0819372 0.00763132 0.0121024 -0.000309286 0.000389788 
0.959633 0.0819372 0.00543318 0.00988774 -0.000207344 0.000386361 
0.968903 0.0819372 0.00351745 0.00772867 -0.000125702 0.000390152 
0.977148 0.0819372 0.00204022 0.00585393 -6.9636e-05 0.000385939 
0.985394 0.0819372 0.000911999 0.00388523 -2.94248e-05 0.000390468 
0.992697 0.0819372 0.000241261 0.00205237 -7.61812e-06 0.000385764 
1 0.0819372 0 0 0 0.000390835 

0 0.0934875 0 0 0 0.000501664 
0.00730325 0.0934875 0.000452304 -0.00534863 -1.99814e-05 0.000513559 
0.0146065 0.0934875 0.00171097 -0.00993328 -7.62385e-05 0.000502622 
0.0228517 0.0934875 0.0037822 -0.0141974 -0.000176736 0.00051421 
0.031097 0.0934875 0.00632821 -0.0169571 -0.000306134 0.000504845 
0.0403673 0.0934875 0.00899871 -0.0183937 -0.000471457 0.000513331 
0.0496377 0.0934875 0.0114786 -0.0177736 -0.000640431 0.000507768 
0.0600123 0.0934875 0.0130436 -0.0153213 -0.000812762 0.000510054 
0.0703869 0.0934875 0.0138114 -0.0116726 -0.000953293 0.000509588 
0.0819372 0.0934875 0.0130756 -0.00688198 -0.00105957 0.000505843 
0.0934875 0.0934875 0.0113885 -0.00227196 -0.00111141 0.000509812 
0.106272 0.0934875 0.00805735 0.00249163 -0.00110846 0.0005023 
0.119057 0.0934875 0.00361174 0.00686257 -0.00104672 0.000509553 
0.133119 0.0934875 -0.00385589 0.0120044 -0.000913505 0.000497232 
0.14718 0.0934875 -0.0140958 0.0184909 -0.000697465 0.000509037 
0.162537 0.0934875 -0.0315437 0.0290112 -0.00033248 0.000485801 
0.177894 0.0934875 -0.0549526 0.0425576 0.000218223 0.000505281 
0.194538 0.0934875 -0.0895736 0.0629903 0.00109971 0.000468444 
0.211181 0.0934875 -0.131121 0.0848088 0.00233063 0.000494343 
0.22907 0.0934875 -0.181233 0.109419 0.00407426 0.000451103 
0.246958 0.0934875 -0.232483 0.130469 0.00622134 0.000473593 
0.266013 0.0934875 -0.281941 0.14526 0.00885326 0.000429388 
0.285068 0.0934875 -0.324772 0.153317 0.0117006 0.000433069 
0.305174 0.0934875 -0.359087 0.151649 0.0147657 0.000387203 
0.32528 0.0934875 -0.385599 0.145043 0.0177486 0.000368139 
0.346282 0.0934875 -0.404334 0.13174 0.0206508 0.000324379 
0.367284 0.0934875 -0.417451 0.116282 0.0232524 0.000294625 
0.388994 0.0934875 -0.425435 0.0974324 0.0255662 0.000258966 
0.410703 0.0934875 -0.430091 0.0781581 0.0274677 0.000232659 
0.432902 0.0934875 -0.432253 0.0575055 0.0289683 0.000211375 
0.455101 0.0934875 -0.43294 0.0369039 0.0300124 0.000198953 
0.477551 0.0934875 -0.432613 0.0155646 0.0305991 0.000196962 
0.5 0.0934875 -0.431775 -0.00619962 0.0307034 0.000202655 
0.522449 0.0934875 -0.430584 -0.0289024 0.0303111 0.000219314 
0.544899 0.0934875 -0.429339 -0.0527494 0.0293984 0.000240353 
0.567098 0.0934875 -0.427953 -0.0777053 0.0279565 0.000268825 
0.589297 0.0934875 -0.426202 -0.104042 0.0259485 0.000297209 
0.611006 0.0934875 -0.42249 -0.130009 0.0234159 0.000328441 
0.632716 0.0934875 -0.41522 -0.155568 0.0203282 0.000352833 
0.653718 0.0934875 -0.399346 -0.174524 0.016865 0.000382553 
0.67472 0.0934875 -0.372718 -0.187726 0.0130655 0.00038601 
0.694826 0.0934875 -0.33087 -0.184529 0.00931787 0.000418499 
0.714932 0.0934875 -0.276063 -0.170848 0.00573423 0.000383234 
0.733987 0.0934875 -0.21454 -0.14236 0.00274132 0.000424007 
0.753042 0.0934875 -0.153072 -0.106639 0.00035244 0.000363409 
0.77093 0.0934875 -0.10199 -0.074633 -0.00127596 0.000404072 
0.788819 0.0934875 -0.0623918 -0.0423875 -0.00233054 0.000354161 
0.805462 0.0934875 -0.0363219 -0.0203815 -0.00285331 0.000385601 
0.822106 0.0934875 -0.015769 -0.00241084 -0.00304076 0.000361145 
0.837463 0.0934875 -0.00314186 0.0111522 -0.00297042 0.000381367 
0.85282 0.0934875 0.0065355 0.0205482 -0.00272294 0.000370725 
0.866881 0.0934875 0.0121883 0.0257677 -0.00239517 0.000382917 
0.880943 0.0934875 0.0158083 0.0282093 -0.00201366 0.000377816 
0.893728 0.0934875 0.0167009 0.0279777 -0.00165411 0.000382789 
0.906513 0.0934875 0.0161603 0.0262962 -0.00130675 0.000381509 
0.918063 0.0934875 0.0143902 0.0236403 -0.00101897 0.000381977 
0.929613 0.0934875 0.0121717 0.0206048 -0.00076386 0.000383493 
0.939988 0.0934875 0.00981064 0.017723 -0.000565676 0.00038178 
0.950362 0.0934875 0.00746801 0.0149044 -0.000396902 0.000384891 
0.959633 0.0934875 0.00538789 0.0124534 -0.000270367 0.000381973 
0.968903 0.0934875 0.00352061 0.00999129 -0.000166524 0.000386142 
0.977148 0.0934875 0.00204242 0.00772495 -9.34691e-05 0.000382299 
0.985394 0.0934875 0.000900222 0.00524495 -3.99493e-05 0.000387148 
0.992697 0.0934875 0.000233751 0.00280234 -1.04083e-05 0.000382729 
1 0.0934875 0 0 0 0.000387551 

0 0.106272 0 0 0 0.000495481 
0.00730325 0.106272 0.000555249 -0.00706262 -2.64943e-05 0.000511449 
0.0146065 0.106272 0.00205288 -0.0129252 -0.000100187 0.000496436 
0.0228517 0.106272 0.00436384 -0.0180258 -0.000229291 0.000511029 
0.031097 0.106272 0.00708312 -0.0209234 -0.000391384 0.000498486 
0.0403673 0.106272 0.00959709 -0.0217955 -0.000591465 0.000508693 
0.0496377 0.106272 0.0116736 -0.0201251 -0.000787881 0.000502119 
0.0600123 0.106272 0.0124002 -0.0161241 -0.00097717 0.00050562 
0.0703869 0.106272 0.0121211 -0.0109951 -0.00111915 0.000505927 
0.0819372 0.106272 0.0100349 -0.00465321 -0.00120957 0.00050373 
0.0934875 0.106272 0.00684766 0.00130446 -0.00122903 0.000509149 
0.106272 0.106272 0.00146042 0.00761183 -0.00117277 0.000503482 
0.119057 0.106272 -0.00559607 0.0139376 -0.00103592 0.00051412 
0.133119 0.106272 -0.0172659 0.0223899 -0.000784844 0.000503992 
0.14718 0.106272 -0.0330013 0.0331689 -0.00039874 0.00052444 
0.162537 0.106272 -0.0581708 0.0499317 0.000232947 0.00050459 
0.177894 0.106272 -0.090238 0.0697445 0.00114565 0.000535628 
0.194538 0.106272 -0.133414 0.0958708 0.00252338 0.000501047 
0.211181 0.106272 -0.181203 0.12143 0.00433187 0.000527961 
0.22907 0.106272 -0.232788 0.145668 0.0067323 0.000478383 
0.246958 0.106272 -0.281017 0.163958 0.00951359 0.000482226 
0.266013 0.106272 -0.322742 0.172806 0.0127382 0.000425999 
0.285068 0.106272 -0.3561 0.174625 0.0160643 0.000404382 
0.305174 0.106272 -0.380185 0.167072 0.0195104 0.000353198 
0.32528 0.106272 -0.397045 0.155397 0.022763 0.000317894 
0.346282 0.106272 -0.407118 0.1383 0.0258523 0.00027696 
0.367284 0.106272 -0.412766 0.119834 0.0285682 0.000241769 
0.388994 0.106272 -0.415096 0.0991691 0.0309469 0.000212775 
0.410703 0.106272 -0.415584 0.0785604 0.0328779 0.000186916 
0.432902 0.106272 -0.41514 0.0573766 0.0343877 0.000170494 
0.455101 0.106272 -0.414208 0.0363224 0.0354287 0.000157524 
0.477551 0.106272 -0.413136 0.0149269 0.0360056 0.000154299 
0.5 0.106272 -0.412058 -0.00687107 0.0360974 0.000155189 
0.522449 0.106272 -0.4113 -0.0293426 0.0356929 0.000164986 
0.544899 0.106272 -0.411006 -0.0528606 0.0347719 0.000179162 
0.567098 0.106272 -0.411709 -0.0774111 0.0333276 0.000198872 
0.589297 0.106272 -0.413249 -0.103429 0.0313216 0.0002235 
0.611006 0.106272 -0.415375 -0.130154 0.0287843 0.000247055 
0.632716 0.106272 -0.416642 -0.157516 0.0256598 0.000275291 
0.653718 0.106272 -0.413238 -0.181853 0.0220838 0.000296945 
0.67472 0.106272 -0.402147 -0.202505 0.0180355 0.000313645 
0.694826 0.106272 -0.376104 -0.209919 0.0138643 0.000337238 
0.714932 0.106272 -0.334881 -0.206892 0.009649 0.000321458 
0.733987 0.106272 -0.278436 -0.18411 0.00590338 0.000364376 
0.753042 0.106272 -0.213451 -0.150825 0.00269279 0.000316161 
0.77093 0.106272 -0.151692 -0.112444 0.000336776 0.0003767 
0.788819 0.106272 -0.0984131 -0.0713366 -0.00130729 0.000330467 
0.805462 0.106272 -0.0606049 -0.0423101 -0.00224346 0.00038023 
0.822106 0.106272 -0.0328104 -0.0170722 -0.00272859 0.000354318 
0.837463 0.106272 -0.0166757 0.000662201 -0.00284576 0.000381122 
0.85282 0.106272 -0.0043019 0.0129843 -0.00273259 0.000368375 
0.866881 0.106272 0.00304654 0.0207195 -0.00249147 0.000382345 
0.880943 0.106272 0.00827348 0.0252246 -0.00216439 0.000376646 
0.893728 0.106272 0.0107447 0.0268529 -0.00182928 0.000383931 
0.906513 0.106272 0.0118742 0.0267165 -0.00148461 0.000382598 
0.918063 0.106272 0.0114499 0.0250738 -0.00118456 0.000385023 
0.929613 0.106272 0.0103246 0.0227554 -0.000907385 0.000386612 
0.939988 0.106272 0.00864233 0.0202095 -0.00068419 0.000385488 
0.950362 0.106272 0.00679269 0.0175303 -0.000488123 0.000388757 
0.959633 0.106272 0.00498988 0.0149956 -0.000337131 0.000385481 
0.968903 0.106272 0.00331699 0.0123242 -0.000210293 0.000389806 
0.977148 0.106272 0.0019478 0.0096925 -0.000119204 0.000385238 
0.985394 0.106272 0.00087854 0.00669157 -5.1351e-05 0.000390341 
0.992697 0.106272 0.000233413 0.00359496 -1.34497e-05 0.00038517 
1 0.106272 0 0 0 0.000390725 

0 0.119057 0 0 0 0.000498837 
0.00730325 0.119057 0.000613515 -0.00905224 -3.40713e-05 0.000515897 
0.0146065 0.119057 0.00226702 -0.0162816 -0.000127547 0.000500096 
0.0228517 0.119057 0.0047129 -0.022136 -0.000287874 0.000515798 
0.031097 0.119057 0.00746207 -0.0248775 -0.000483523 0.000503384 
0.0403673 0.119057 0.00961899 -0.0247667 -0.000715527 0.000512599 
0.0496377 0.119057 0.0110636 -0.0216469 -0.000932378 0.000506871 
0.0600123 0.119057 0.0106866 -0.0157822 -0.00112655 0.000507054 
0.0703869 0.119057 0.0090914 -0.00895631 -0.00125472 0.000508254 
0.0819372 0.119057 0.00532685 -0.000932739 -0.00131007 0.000501849 
0.0934875 0.119057 0.000252327 0.00662052 -0.00127513 0.00050806 
0.106272 0.119057 -0.00784817 0.0149802 -0.00113555 0.000496369 
0.119057 0.119057 -0.0183711 0.0240492 -0.000883718 0.000507649 
0.133119 0.119057 -0.0353641 0.0369204 -0.000454963 0.000485687 
0.14718 0.119057 -0.0575227 0.0530311 0.000178134 0.000505186 
0.162537 0.119057 -0.0904069 0.0766055 0.00117474 0.000468343 
0.177894 0.119057 -0.12978 0.10262 0.00255004 0.000495687 
0.194538 0.119057 -0.177954 0.132679 0.00451268 0.000449915 
0.211181 0.119057 -0.227293 0.159608 0.00694491 0.000474076 
0.22907 0.119057 -0.275229 0.180521 0.00999199 0.000426542 
0.246958 0.119057 -0.316384 0.193593 0.0133406 0.000429566 
0.266013 0.119057 -0.348344 0.195445 0.0170477 0.000381246 
0.285068 0.119057 -0.371657 0.190671 0.0207284 0.00035727 
0.305174 0.119057 -0.386148 0.177614 0.0244277 0.000311235 
0.32528 0.119057 -0.394572 0.161472 0.027836 0.000272783 
0.346282 0.119057 -0.397982 0.141417 0.0310126 0.00023239 
0.367284 0.119057 -0.398668 0.120854 0.033765 0.00019432 
0.388994 0.119057 -0.398036 0.0993172 0.0361522 0.000162285 
0.410703 0.119057 -0.39691 0.0781364 0.0380766 0.000134234 
0.432902 0.119057 -0.395815 0.0569001 0.039574 0.000114668 
0.455101 0.119057 -0.394738 0.0357501 0.040601 0.000101677 
0.477551 0.119057 -0.393734 0.0143993 0.0411634 9.77707e-05 
0.5 0.119057 -0.392753 -0.00735322 0.0412421 0.000100857 
0.522449 0.119057 -0.392005 -0.029608 0.040828 0.000111361 
0.544899 0.119057 -0.391588 -0.0527693 0.0399045 0.000127476 
0.567098 0.119057 -0.392169 -0.0767195 0.0384697 0.000146097 
0.589297 0.119057 -0.393842 -0.10202 0.036489 0.000169674 
0.611006 0.119057 -0.397463 -0.128381 0.0339921 0.000188505 
0.632716 0.119057 -0.40243 -0.156004 0.030912 0.000215567 
0.653718 0.119057 -0.407278 -0.183334 0.0273525 0.000233785 
0.67472 0.119057 -0.409195 -0.209207 0.0232401 0.000263566 
0.694826 0.119057 -0.400488 -0.226729 0.018856 0.000292908 
0.714932 0.119057 -0.377928 -0.235371 0.0142121 0.000311794 
0.733987 0.119057 -0.334716 -0.223296 0.00983501 0.000364545 
0.753042 0.119057 -0.275211 -0.197805 0.00580923 0.000340518 
0.77093 0.119057 -0.208288 -0.156952 0.00262992 0.000409107 
0.788819 0.119057 -0.142839 -0.109748 0.000228893 0.000352484 
0.805462 0.119057 -0.0913138 -0.0712953 -0.0012819 0.000407944 
0.822106 0.119057 -0.053031 -0.0356919 -0.00217691 0.000361461 
0.837463 0.119057 -0.0304115 -0.0127398 -0.00254714 0.000392279 
0.85282 0.119057 -0.0135214 0.00358615 -0.00261275 0.000370541 
0.866881 0.119057 -0.00424418 0.0144871 -0.00248294 0.000385942 
0.880943 0.119057 0.0022016 0.0211757 -0.00222807 0.000376642 
0.893728 0.119057 0.00566617 0.0245438 -0.00193395 0.000385026 
0.906513 0.119057 0.00793999 0.0258703 -0.00160982 0.000380488 
0.918063 0.119057 0.00852423 0.0254736 -0.00131271 0.000384103 
0.929613 0.119057 0.00826817 0.0241165 -0.00102579 0.000383013 
0.939988 0.119057 0.00718015 0.0221324 -0.000785922 0.000383017 
0.950362 0.119057 0.00580964 0.0197613 -0.000568634 0.000384678 
0.959633 0.119057 0.0043196 0.0172663 -0.00039707 0.000382558 
0.968903 0.119057 0.00289852 0.0144606 -0.000250042 0.000385898 
0.977148 0.119057 0.00170191 0.0115249 -0.000142753 0.000382523 
0.985394 0.119057 0.000762766 0.00805174 -6.18615e-05 0.000386722 
0.992697 0.119057 0.000200101 0.00436383 -1.62486e-05 0.000382717 
1 0.119057 0 0 0 0.000387097 

0 0.133119 0 0 0 0.000492901 
0.00730325 0.133119 0.000707907 -0.0114761 -4.36176e-05 0.000514725 
0.0146065 0.133119 0.00253314 -0.0201973 -0.000161025 0.000495063 
0.0228517 0.133119 0.00490636 -0.0265224 -0.000356703 0.000513441 
0.031097 0.133119 0.00735967 -0.0285888 -0.00058701 0.000499253 
0.0403673 0.133119 0.00865994 -0.0267183 -0.000846272 0.00050943 
0.0496377 0.133119 0.00895629 -0.0215147 -0.0010728 0.000504574 
0.0600123 0.133119 0.00700312 -0.0131852 -0.00125384 0.000505639 
0.0703869 0.133119 0.00367499 -0.004234 -0.00134532 0.000508946 
0.0819372 0.133119 -0.00226127 0.00601443 -0.00133547 0.000504069 
0.0934875 0.133119 -0.00986982 0.0159235 -0.00120936 0.000513855 
0.106272 0.133119 -0.0217651 0.0277713 -0.000933264 0.000504175 
0.119057 0.133119 -0.0371278 0.0413334 -0.000494865 0.000523567 
0.133119 0.133119 -0.0609472 0.0606003 0.000215639 0.000504278 
0.14718 0.133119 -0.090682 0.0833601 0.00122184 0.000534813 
0.162537 0.133119 -0.130863 0.113278 0.00273036 0.000499673 
0.177894 0.133119 -0.175263 0.143508 0.00470149 0.000527547 
0.194538 0.133119 -0.223809 0.173423 0.00735008 0.000475579 
0.211181 0.133119 -0.269258 0.197207 0.0104462 0.000478937 
0.22907 0.133119 -0.308471 0.211126 0.0141165 0.000418561 
0.246958 0.133119 -0.339098 0.216499 0.0179592 0.000391521 
0.266013 0.133119 -0.359742 0.2109 0.0220445 0.000336122 
0.285068 0.133119 -0.372711 0.199757 0.0259699 0.000291595 
0.305174 0.133119 -0.378639 0.182221 0.0298151 0.0002475 
0.32528 0.133119 -0.380504 0.162843 0.033289 0.000202334 
0.346282 0.133119 -0.379952 0.141359 0.0364837 0.000169149 
0.367284 0.133119 -0.378541 0.120014 0.0392285 0.00013328 
0.388994 0.133119 -0.377373 0.0985528 0.0416006 0.000109021 
0.410703 0.133119 -0.376429 0.0774144 0.0435103 8.48218e-05 
0.432902 0.133119 -0.375891 0.056308 0.0449949 6.95726e-05 
0.455101 0.133119 -0.375365 0.0351792 0.0460108 5.72239e-05 
0.477551 0.133119 -0.374856 0.0138141 0.0465619 5.23203e-05 
0.5 0.133119 -0.374144 -0.00793871 0.0466289 5.19866e-05 
0.522449 0.133119 -0.373451 -0.0300709 0.0462038 5.75116e-05 
0.544899 0.133119 -0.372769 -0.0529502 0.0452733 6.8751e-05 
0.567098 0.133119 -0.372821 -0.0762194 0.0438414 8.2493e-05 
0.589297 0.133119 -0.373705 -0.100541 0.0418812 0.00010427 
0.611006 0.133119 -0.37678 -0.125421 0.0394306 0.000122427 
0.632716 0.133119 -0.381837 -0.151557 0.0364262 0.000154098 
0.653718 0.133119 -0.389462 -0.178555 0.0329594 0.000173091 
0.67472 0.133119 -0.39767 -0.205913 0.0289217 0.000211849 
0.694826 0.133119 -0.401676 -0.230516 0.0245207 0.000231142 
0.714932 0.133119 -0.3972 -0.249896 0.0196774 0.000262125 
0.733987 0.133119 -0.374058 -0.253313 0.0148524 0.000293286 
0.753042 0.133119 -0.332541 -0.242935 0.0100934 0.000287757 
0.77093 0.133119 -0.272584 -0.209493 0.00602477 0.000350376 
0.788819 0.133119 -0.203457 -0.164181 0.00266162 0.000302285 
0.805462 0.133119 -0.139408 -0.116565 0.000327779 0.000379203 
0.822106 0.133119 -0.085577 -0.0684091 -0.00120791 0.000331807 
0.837463 0.133119 -0.0498538 -0.0361362 -0.00199676 0.000385191 
0.85282 0.133119 -0.0245603 -0.0110159 -0.00234543 0.000361619 
0.866881 0.133119 -0.0117522 0.00542744 -0.00237545 0.000384901 
0.880943 0.133119 -0.00312195 0.0155454 -0.00221925 0.000375462 
0.893728 0.133119 0.00128728 0.0209998 -0.00198257 0.000384961 
0.906513 0.133119 0.0042267 0.0238857 -0.00169282 0.000380568 
0.918063 0.133119 0.00541756 0.0248448 -0.00141019 0.000384919 
0.929613 0.133119 0.00583713 0.0246075 -0.00112339 0.000383962 
0.939988 0.133119 0.00535928 0.0233645 -0.000873916 0.000384844 
0.950362 0.133119 0.00454173 0.0214802 -0.000640637 0.000386401 
0.959633 0.133119 0.00345764 0.0191669 -0.000451737 0.000384696 
0.968903 0.133119 0.00236522 0.016327 -0.000286724 0.00038776 
0.977148 0.133119 0.00140009 0.0131592 -0.000164593 0.000384565 
0.985394 0.133119 0.000633691 0.00926324 -7.15877e-05 0.000388359 
0.992697 0.133119 0.000168619 0.00502776 -1.88723e-05 0.000384594 
1 0.133119 0 0 0 0.00038862 

0 0.14718 0 0 0 0.000498457 
0.00730325 0.14718 0.000698014 -0.0141325 -5.37564e-05 0.000518428 
0.0146065 0.14718 0.00247554 -0.0241867 -0.00019567 0.000500167 
0.0228517 0.14718 0.00455103 -0.0305467 -0.000424484 0.00051652 
0.031097 0.14718 0.0064239 -0.0313625 -0.000682737 0.000504641 
0.0403673 0.14718 0.00656675 -0.0271478 -0.000955613 0.000510268 
0.0496377 0.14718 0.00539848 -0.0194705 -0.00117321 0.000507812 
0.0600123 0.14718 0.00154578 -0.0084629 -0.00131685 0.000502862 
0.0703869 0.14718 -0.00386865 0.00282711 -0.0013446 0.000507971 
0.0819372 0.14718 -0.0124722 0.0156359 -0.00123579 0.00049595 
0.0934875 0.14718 -0.0231857 0.028529 -0.000978061 0.00050711 
0.106272 0.14718 -0.0395138 0.0448687 -0.000508509 0.00048573 
0.119057 0.14718 -0.0600694 0.0639659 0.000187741 0.000505113 
0.133119 0.14718 -0.0902309 0.090308 0.00127205 0.000468952 
0.14718 0.14718 -0.126058 0.119627 0.00274589 0.000496692 
0.162537 0.14718 -0.17036 0.153895 0.00484872 0.000449305 
0.177894 0.14718 -0.215787 0.185607 0.00745419 0.000473827 
0.194538 0.14718 -0.260344 0.211975 0.0107675 0.000423267 
0.211181 0.14718 -0.298448 0.229748 0.0144459 0.000424951 
0.22907 0.14718 -0.32738 0.235338 0.0186078 0.00037434 
0.246958 0.14718 -0.347456 0.232627 0.0227971 0.000345648 
0.266013 0.14718 -0.358308 0.220274 0.0271108 0.000298301 
0.285068 0.14718 -0.363214 0.203857 0.0311539 0.000252463 
0.305174 0.14718 -0.363639 0.183262 0.0350437 0.000210119 
0.32528 0.14718 -0.362237 0.162085 0.0385163 0.00016392 
0.346282 0.14718 -0.360706 0.140365 0.0416923 0.000126647 
0.367284 0.14718 -0.359592 0.119139 0.0444178 8.92597e-05 
0.388994 0.14718 -0.359367 0.098118 0.0467769 5.93083e-05 
0.410703 0.14718 -0.359514 0.0772873 0.0486811 3.39407e-05 
0.432902 0.14718 -0.359982 0.0562914 0.0501638 1.48854e-05 
0.455101 0.14718 -0.360312 0.0351661 0.0511787 3.10837e-06 
0.477551 0.14718 -0.360488 0.0136586 0.0517267 -2.7336e-06 
0.5 0.14718 -0.360309 -0.00823703 0.0517877 -6.12635e-07 
0.522449 0.14718 -0.359927 -0.030461 0.0513541 5.79496e-06 
0.544899 0.14718 -0.359307 -0.0532926 0.0504151 1.95712e-05 
0.567098 0.14718 -0.358897 -0.0761988 0.0489793 3.35956e-05 
0.589297 0.14718 -0.358698 -0.0998383 0.0470264 5.47336e-05 
0.611006 0.14718 -0.359762 -0.123422 0.0446038 6.96637e-05 
0.632716 0.14718 -0.362099 -0.147946 0.041658 9.48796e-05 
0.653718 0.14718 -0.367497 -0.173242 0.0382855 0.000106169 
0.67472 0.14718 -0.375468 -0.199795 0.0343701 0.000138067 
0.694826 0.14718 -0.385302 -0.227188 0.0300771 0.000151939 
0.714932 0.14718 -0.39352 -0.253143 0.0252557 0.000197523 
0.733987 0.14718 -0.390328 -0.270478 0.0202611 0.000234437 
0.753042 0.14718 -0.37144 -0.276532 0.0150499 0.000275342 
0.77093 0.14718 -0.327803 -0.257884 0.0102619 0.00034722 
0.788819 0.14718 -0.265678 -0.222469 0.00595073 0.000329817 
0.805462 0.14718 -0.195707 -0.171022 0.00267269 0.000417495 
0.822106 0.14718 -0.128502 -0.113598 0.000290095 0.000355573 
0.837463 0.14718 -0.0778139 -0.0690935 -0.00111306 0.000418317 
0.85282 0.14718 -0.0410793 -0.0308863 -0.00188179 0.000369729 
0.866881 0.14718 -0.0217689 -0.00702305 -0.00214529 0.000396421 
0.880943 0.14718 -0.00859128 0.00795204 -0.00213286 0.000376129 
0.893728 0.14718 -0.00231286 0.0164978 -0.00197527 0.000386787 
0.906513 0.14718 0.00153448 0.0213068 -0.00173066 0.000379236 
0.918063 0.14718 0.00316952 0.0236105 -0.00147007 0.000384401 
0.929613 0.14718 0.00402928 0.0244312 -0.00119122 0.00038124 
0.939988 0.14718 0.00396134 0.0239845 -0.000939313 0.000383507 
0.950362 0.14718 0.00354367 0.0226556 -0.000696669 0.000383154 
0.959633 0.14718 0.00276259 0.0206425 -0.000495466 0.000382909 
0.968903 0.14718 0.00192489 0.0178545 -0.000316542 0.000384472 
0.977148 0.14718 0.00114351 0.0145325 -0.000182502 0.000382702 
0.985394 0.14718 0.000526077 0.010293 -7.96396e-05 0.000385148 
0.992697 0.14718 0.000139914 0.0056226 -2.10366e-05 0.000382712 
1 0.14718 0 0 0 0.000385547 

0 0.162537 0 0 0 0.000497503 
0.00730325 0.162537 0.000662274 -0.0167396 -6.47916e-05 0.000519467 
0.0146065 0.162537 0.00222489 -0.0277739 -0.000231107 0.000501136 
0.0228517 0.162537 0.00347609 -0.0333279 -0.000488148 0.000516674 
0.031097 0.162537 0.00413904 -0.032028 -0.000762769 0.000507148 
0.0403673 0.162537 0.00248792 -0.0245585 -0.00102819 0.000511221 
0.0496377 0.162537 -0.000681694 -0.0138313 -0.00120932 0.000512661 
0.0600123 0.162537 -0.00685218 0.000409485 -0.00127977 0.000507545 
0.0703869 0.162537 -0.0147682 0.0146811 -0.0012024 0.000517141 
0.0819372 0.162537 -0.0267255 0.031204 -0.000939335 0.000506107 
0.0934875 0.162537 -0.0415486 0.0485532 -0.00048069 0.000524622 
0.106272 0.162537 -0.0635374 0.071022 0.000278839 0.000504492 
0.119057 0.162537 -0.0902442 0.0966704 0.0013462 0.000533282 
0.133119 0.162537 -0.126122 0.129577 0.00293537 0.000497711 
0.14718 0.162537 -0.165613 0.163358 0.00499411 0.000525071 
0.162537 0.162537 -0.20935 0.19781 0.00777764 0.00047229 
0.177894 0.162537 -0.250487 0.226227 0.0110447 0.000475388 
0.194538 0.162537 -0.286215 0.244988 0.0149848 0.000413127 
0.211181 0.162537 -0.313846 0.253946 0.0191556 0.000382444 
0.22907 0.162537 -0.331624 0.250804 0.0236852 0.000324843 
0.246958 0.162537 -0.341883 0.240634 0.028095 0.000273117 
0.266013 0.162537 -0.345316 0.223351 0.0325212 0.000227499 
0.285068 0.162537 -0.3453 0.203719 0.0365952 0.000174308 
0.305174 0.162537 -0.343771 0.182245 0.0404745 0.000138536 
0.32528 0.162537 -0.342235 0.160995 0.0439241 9.48228e-05 
0.346282 0.162537 -0.341846 0.139969 0.0470832 6.48994e-05 
0.367284 0.162537 -0.342141 0.119298 0.0498046 3.18625e-05 
0.388994 0.162537 -0.343239 0.098592 0.0521697 7.65508e-06 
0.410703 0.162537 -0.344378 0.0778848 0.0540855 -1.52438e-05 
0.432902 0.162537 -0.345578 0.0567727 0.0555809 -3.1546e-05 
0.455101 0.162537 -0.346394 0.0354708 0.0566056 -4.37223e-05 
0.477551 0.162537 -0.346968 0.0137368 0.057159 -5.0663e-05 
0.5 0.162537 -0.34708 -0.00836732 0.0572203 -5.15901e-05 
0.522449 0.162537 -0.346977 -0.0307489 0.0567822 -4.92401e-05 
0.544899 0.162537 -0.346505 -0.0536572 0.0558355 -3.92557e-05 
0.567098 0.162537 -0.346045 -0.0765334 0.0543911 -2.92764e-05 
0.589297 0.162537 -0.345417 -0.0999636 0.0524326 -9.47122e-06 
0.611006 0.162537 -0.345378 -0.122932 0.0500139 5.61493e-06 
0.632716 0.162537 -0.345829 -0.146426 0.0470912 3.48109e-05 
0.653718 0.162537 -0.348494 -0.169596 0.0437755 5.28222e-05 
0.67472 0.162537 -0.353371 -0.193719 0.0399633 9.36677e-05 
0.694826 0.162537 -0.36216 -0.219223 0.035815 0.000113138 
0.714932 0.162537 -0.373017 -0.24569 0.031144 0.000166665 
0.733987 0.162537 -0.381216 -0.271024 0.0262084 0.000187916 
0.753042 0.162537 -0.38139 -0.290709 0.020843 0.000236839 
0.77093 0.162537 -0.36111 -0.292367 0.0155921 0.000273942 
0.788819 0.162537 -0.320669 -0.276685 0.0104661 0.000277998 
0.805462 0.162537 -0.259619 -0.234437 0.00618729 0.000353261 
0.822106 0.162537 -0.189345 -0.178031 0.0027312 0.000300597 
0.837463 0.162537 -0.125359 -0.121905 0.000433331 0.000386878 
0.85282 0.162537 -0.0724811 -0.0673872 -0.00101355 0.000334561 
0.866881 0.162537 -0.0394774 -0.031456 -0.00169098 0.000388136 
0.880943 0.162537 -0.0168225 -0.00624946 -0.00193901 0.00036612 
0.893728 0.162537 -0.00669648 0.00892952 -0.00191301 0.00038566 
0.906513 0.162537 -0.000883286 0.017544 -0.00173547 0.000379538 
0.918063 0.162537 0.00142736 0.0217068 -0.00150629 0.000385391 
0.929613 0.162537 0.00270605 0.0237636 -0.00124151 0.000382753 
0.939988 0.162537 0.00292759 0.0241667 -0.000991912 0.000384636 
0.950362 0.162537 0.00275619 0.023468 -0.000743895 0.000384517 
0.959633 0.162537 0.00218406 0.021817 -0.000533214 0.00038401 
0.968903 0.162537 0.00154493 0.0191345 -0.000342604 0.000385622 
0.977148 0.162537 0.000925753 0.015697 -0.00019825 0.000383756 
0.985394 0.162537 0.000427433 0.011166 -8.67423e-05 0.000386132 
0.992697 0.162537 0.000114853 0.00611493 -2.29838e-05 0.000383717 
1 0.162537 0 0 0 0.000386298 

0 0.177894 0 0 0 0.000507256 
0.00730325 0.177894 0.000458175 -0.0191177 -7.38127e-05 0.000520241 
0.0146065 0.177894 0.00144713 -0.0303984 -0.000258339 0.00050919 
0.0228517 0.177894 0.00158452 -0.0342559 -0.000529037 0.000516035 
0.031097 0.177894 0.000696031 -0.0301545 -0.00079866 0.000513421 
0.0403673 0.177894 -0.0030282 -0.0190027 -0.00102699 0.000507683 
0.0496377 0.177894 -0.00849236 -0.00505089 -0.00113888 0.000514236 
0.0600123 0.177894 -0.0172707 0.0125021 -0.0010981 0.000499179 
0.0703869 0.177894 -0.0279467 0.0300788 -0.000875001 0.000512077 
0.0819372 0.177894 -0.0434028 0.0510853 -0.000405471 0.000488877 
0.0934875 0.177894 -0.0621875 0.0738378 0.000316556 0.000509122 
0.106272 0.177894 -0.0890341 0.1031 0.00144646 0.00047285 
0.119057 0.177894 -0.120463 0.135149 0.00296683 0.000500625 
0.133119 0.177894 -0.159478 0.172515 0.00513094 0.000452035 
0.14718 0.177894 -0.199532 0.207812 0.00780284 0.000475932 
0.162537 0.177894 -0.239324 0.238806 0.0112368 0.000422663 
0.177894 0.177894 -0.273485 0.26084 0.0150759 0.000422822 
0.194538 0.177894 -0.299302 0.270491 0.0195015 0.000369977 
0.211181 0.177894 -0.316793 0.270305 0.0240072 0.000337678 
0.22907 0.177894 -0.325349 0.25949 0.0287465 0.000289054 
0.246958 0.177894 -0.328442 0.243501 0.0332496 0.000237568 
0.266013 0.177894 -0.327664 0.223203 0.0376957 0.000193681 
0.285068 0.177894 -0.325801 0.202213 0.0417511 0.000141588 
0.305174 0.177894 -0.324633 0.18109 0.0456054 0.000100571 
0.32528 0.177894 -0.324374 0.160594 0.0490415 5.69736e-05 
0.346282 0.177894 -0.325427 0.140336 0.0522032 2.00287e-05 
0.367284 0.177894 -0.326872 0.120225 0.0549399 -1.36594e-05 
0.388994 0.177894 -0.328685 0.0996457 0.0573269 -4.34584e-05 
0.410703 0.177894 -0.33024 0.0789476 0.059265 -6.67483e-05 
0.432902 0.177894 -0.331648 0.0576335 0.0607803 -8.65845e-05 
0.455101 0.177894 -0.332629 0.0361018 0.06182 -9.79844e-05 
0.477551 0.177894 -0.333367 0.0141033 0.0623831 -0.000106227 
0.5 0.177894 -0.333735 -0.00824598 0.0624489 -0.000105045 
0.522449 0.177894 -0.333964 -0.030844 0.0620109 -0.000102352 
0.544899 0.177894 -0.333944 -0.0539038 0.0610611 -8.98829e-05 
0.567098 0.177894 -0.333966 -0.0768791 0.0596115 -7.92331e-05 
0.589297 0.177894 -0.333831 -0.100276 0.0576475 -5.82896e-05 
0.611006 0.177894 -0.333892 -0.123021 0.0552255 -4.36951e-05 
0.632716 0.177894 -0.333822 -0.145973 0.0523066 -1.71026e-05 
0.653718 0.177894 -0.334412 -0.167817 0.0490114 -2.1256e-06 
0.67472 0.177894 -0.335576 -0.190031 0.0452509 2.96865e-05 
0.694826 0.177894 -0.339723 -0.212629 0.0412018 4.25351e-05 
0.714932 0.177894 -0.346946 -0.236949 0.0366807 8.51431e-05 
0.733987 0.177894 -0.358105 -0.26395 0.031906 0.000100902 
0.753042 0.177894 -0.369515 -0.290724 0.0266276 0.000164229 
0.77093 0.177894 -0.37041 -0.309578 0.0212495 0.000205832 
0.788819 0.177894 -0.355086 -0.315104 0.0156624 0.000265707 
0.805462 0.177894 -0.312617 -0.29178 0.0106019 0.000346349 
0.822106 0.177894 -0.250577 -0.24731 0.00609931 0.000329512 
0.837463 0.177894 -0.180384 -0.186226 0.00276894 0.00042712 
0.85282 0.177894 -0.114053 -0.118972 0.000412856 0.000356973 
0.866881 0.177894 -0.0657763 -0.0681358 -0.000898746 0.000423476 
0.880943 0.177894 -0.0311393 -0.0274765 -0.001568 0.000373459 
0.893728 0.177894 -0.0147535 -0.00252084 -0.00175586 0.00039637 
0.906513 0.177894 -0.00476382 0.0117973 -0.00169015 0.000378703 
0.918063 0.177894 -0.000629264 0.0187808 -0.0015134 0.000385674 
0.929613 0.177894 0.00168691 0.022457 -0.00127353 0.000380019 
0.939988 0.177894 0.00233733 0.0239467 -0.00103208 0.000382876 
0.950362 0.177894 0.00238612 0.0239963 -0.000782241 0.000381353 
0.959633 0.177894 0.00192761 0.0227309 -0.000564595 0.00038206 
0.968903 0.177894 0.00141166 0.0201566 -0.000364725 0.000382621 
0.977148 0.177894 0.000874092 0.0166791 -0.000211944 0.000381857 
0.985394 0.177894 0.000431087 0.0119272 -9.30935e-05 0.000383479 
0.992697 0.177894 0.000117743 0.00657466 -2.47641e-05 0.000381777 
1 0.177894 0 0 0 0.000383986 

0 0.194538 0 0 0 0.000520439 
0.00730325 0.194538 9.60234e-05 -0.0199913 -7.9271e-05 0.000525481 
0.0146065 0.194538 4.83761e-05 -0.0303804 -0.000269649 0.000523835 
0.0228517 0.194538 -0.00162782 -0.0313109 -0.000530644 0.000521744 
0.031097 0.194538 -0.00472563 -0.0235873 -0.000763658 0.000528433 
0.0403673 0.194538 -0.0109108 -0.0081511 -0.000913248 0.000516775 
0.0496377 0.194538 -0.018956 0.00948493 -0.000909574 0.000531338 
0.0600123 0.194538 -0.0307186 0.0310052 -0.00070063 0.000513503 
0.0703869 0.194538 -0.0448327 0.0528148 -0.00026687 0.000534386 
0.0819372 0.194538 -0.0646591 0.0793491 0.000493444 0.000509308 
0.0934875 0.194538 -0.0880291 0.108095 0.00157325 0.000537305 
0.106272 0.194538 -0.118875 0.143592 0.00318123 0.00049914 
0.119057 0.194538 -0.152624 0.179997 0.00524941 0.000525474 
0.133119 0.194538 -0.190399 0.2179 0.00805603 0.000471609 
0.14718 0.194538 -0.226248 0.250056 0.0113559 0.000475005 
0.162537 0.194538 -0.257905 0.273458 0.015394 0.000411745 
0.177894 0.194538 -0.282581 0.286185 0.0197097 0.000379955 
0.194538 0.194538 -0.298296 0.286342 0.0244903 0.000320789 
0.211181 0.194538 -0.307115 0.277946 0.0292017 0.000264784 
0.22907 0.194538 -0.309525 0.261841 0.0340358 0.000217535 
0.246958 0.194538 -0.308995 0.242697 0.038554 0.000158428 
0.266013 0.194538 -0.307468 0.221901 0.0429794 0.000119879 
0.285068 0.194538 -0.306347 0.2014 0.047011 6.98374e-05 
0.305174 0.194538 -0.306761 0.181344 0.0508571 3.46882e-05 
0.32528 0.194538 -0.307925 0.161675 0.0543039 -5.83529e-06 
0.346282 0.194538 -0.309907 0.141732 0.05749 -3.76271e-05 
0.367284 0.194538 -0.311782 0.121684 0.0602564 -6.97924e-05 
0.388994 0.194538 -0.313671 0.100913 0.0626733 -9.53956e-05 
0.410703 0.194538 -0.315123 0.0799572 0.0646374 -0.000118174 
0.432902 0.194538 -0.316426 0.0584111 0.0661743 -0.000135651 
0.455101 0.194538 -0.317329 0.036639 0.0672303 -0.000147847 
0.477551 0.194538 -0.318144 0.0144952 0.0678054 -0.000156468 
0.5 0.194538 -0.318659 -0.00797473 0.0678795 -0.00015754 
0.522449 0.194538 -0.319209 -0.0306178 0.0674472 -0.000157512 
0.544899 0.194538 -0.319556 -0.0536681 0.0665017 -0.000147577 
0.567098 0.194538 -0.320075 -0.0766323 0.0650557 -0.000140011 
0.589297 0.194538 -0.320428 -0.099973 0.0630955 -0.000119778 
0.611006 0.194538 -0.320953 -0.122811 0.0606768 -0.000106331 
0.632716 0.194538 -0.321166 -0.145811 0.0577607 -7.68539e-05 
0.653718 0.194538 -0.321446 -0.167652 0.0544689 -5.8966e-05 
0.67472 0.194538 -0.321453 -0.189421 0.0507195 -2.06125e-05 
0.694826 0.194538 -0.322694 -0.209999 0.0467074 7.71636e-07 
0.714932 0.194538 -0.325528 -0.231376 0.0422737 5.13761e-05 
0.733987 0.194538 -0.332823 -0.254704 0.0376491 7.42953e-05 
0.753042 0.194538 -0.343347 -0.280344 0.0325573 0.000141746 
0.77093 0.194538 -0.35349 -0.307106 0.0272925 0.000164046 
0.788819 0.194538 -0.356888 -0.328522 0.0215954 0.000229368 
0.805462 0.194538 -0.339744 -0.329923 0.0160755 0.000266437 
0.822106 0.194538 -0.301782 -0.309883 0.01071 0.000278238 
0.837463 0.194538 -0.241995 -0.259753 0.00630694 0.000358783 
0.85282 0.194538 -0.173419 -0.192277 0.00280925 0.000300967 
0.866881 0.194538 -0.111762 -0.127885 0.000565694 0.00039196 
0.880943 0.194538 -0.0613623 -0.0674483 -0.000798583 0.000335702 
0.893728 0.194538 -0.0316348 -0.0275133 -0.00138558 0.000387482 
0.906513 0.194538 -0.0117361 -0.00186178 -0.00155375 0.000368014 
0.918063 0.194538 -0.00352677 0.0121954 -0.00148602 0.000384071 
0.929613 0.194538 0.000623152 0.0197844 -0.00129387 0.000380984 
0.939988 0.194538 0.00184601 0.023115 -0.00106886 0.000383927 
0.950362 0.194538 0.00228556 0.0242931 -0.000820809 0.000383413 
0.959633 0.194538 0.00203687 0.023532 -0.000597861 0.000383011 
0.968903 0.194538 0.00159801 0.0212045 -0.00038931 0.000384537 
0.977148 0.194538 0.00101165 0.0177606 -0.000227705 0.000382278 
0.985394 0.194538 0.000496772 0.0128309 -0.000100619 0.000385238 
0.992697 0.194538 0.000136582 0.00713143 -2.68885e-05 0.000382082 
1 0.194538 0 0 0 0.00038554 

0 0.211181 0 0 0 0.000535492 
0.00730325 0.211181 -0.000418124 -0.0194843 -7.69111e-05 0.000520793 
0.0146065 0.211181 -0.00181441 -0.0275505 -0.000254117 0.000535903 
0.0228517 0.211181 -0.00545088 -0.0246278 -0.000473446 0.00051617 
0.031097 0.211181 -0.0109052 -0.012973 -0.000632815 0.000535834 
0.0403673 0.211181 -0.0195829 0.00667568 -0.000661439 0.000508481 
0.0496377 0.211181 -0.0301621 0.0279849 -0.000500424 0.000531439 
0.0600123 0.211181 -0.0446707 0.0538405 -7.50666e-05 0.00049887 
0.0703869 0.211181 -0.061756 0.0805378 0.000622429 0.000525208 
0.0819372 0.211181 -0.0850502 0.113023 0.00173902 0.00048389 
0.0934875 0.211181 -0.11178 0.147468 0.00324097 0.000514101 
0.106272 0.211181 -0.144736 0.187142 0.00538003 0.000461929 
0.119057 0.211181 -0.178645 0.225001 0.00801254 0.000486109 
0.133119 0.211181 -0.212861 0.259859 0.011426 0.000428499 
0.14718 0.211181 -0.242654 0.285817 0.0152653 0.000428327 
0.162537 0.211181 -0.265549 0.300058 0.0197698 0.000371454 
0.177894 0.211181 -0.281237 0.303221 0.0244089 0.000338001 
0.194538 0.211181 -0.28877 0.295134 0.0293911 0.000286351 
0.211181 0.211181 -0.291417 0.280548 0.0341879 0.000232064 
0.22907 0.211181 -0.290541 0.261328 0.0390349 0.000185418 
0.246958 0.211181 -0.288918 0.241112 0.0435316 0.000129767 
0.266013 0.211181 -0.28827 0.220954 0.0479349 8.46973e-05 
0.285068 0.211181 -0.288622 0.201582 0.0519617 3.70002e-05 
0.305174 0.211181 -0.290337 0.182378 0.0558234 -6.01772e-06 
0.32528 0.211181 -0.292291 0.163273 0.0592989 -4.55024e-05 
0.346282 0.211181 -0.294473 0.143332 0.0625192 -8.35419e-05 
0.367284 0.211181 -0.296294 0.123188 0.0653181 -0.00011522 
0.388994 0.211181 -0.297983 0.102189 0.0677642 -0.000145822 
0.410703 0.211181 -0.29932 0.0810251 0.0697525 -0.000168156 
0.432902 0.211181 -0.300553 0.0592976 0.0713095 -0.000189278 
0.455101 0.211181 -0.301525 0.037366 0.0723819 -0.00020048 
0.477551 0.211181 -0.302436 0.0150858 0.0729703 -0.000210945 
0.5 0.211181 -0.303129 -0.00748731 0.0730556 -0.000210356 
0.522449 0.211181 -0.303828 -0.0302155 0.0726327 -0.000210683 
0.544899 0.211181 -0.304367 -0.0532946 0.0716962 -0.000199149 
0.567098 0.211181 -0.305053 -0.0762753 0.0702593 -0.000191474 
0.589297 0.211181 -0.30567 -0.0995804 0.0683091 -0.000170776 
0.611006 0.211181 -0.306579 -0.122438 0.0659008 -0.000157715 
0.632716 0.211181 -0.307437 -0.145452 0.0629948 -0.000129442 
0.653718 0.211181 -0.30842 -0.167435 0.0597102 -0.000112549 
0.67472 0.211181 -0.308972 -0.189207 0.0559654 -7.75055e-05 
0.694826 0.211181 -0.309245 -0.20917 0.0519597 -5.73983e-05 
0.714932 0.211181 -0.309084 -0.229013 0.0475513 -1.5672e-05 
0.733987 0.211181 -0.311046 -0.248672 0.0429994 4.08931e-06 
0.753042 0.211181 -0.315962 -0.270691 0.0380487 5.74037e-05 
0.77093 0.211181 -0.326592 -0.297184 0.0329681 7.54817e-05 
0.788819 0.211181 -0.339268 -0.325338 0.0274067 0.00015261 
0.805462 0.211181 -0.343243 -0.346554 0.0218037 0.000192418 
0.822106 0.211181 -0.331248 -0.352458 0.0159857 0.000265977 
0.837463 0.211181 -0.291166 -0.32517 0.0107691 0.000346478 
0.85282 0.211181 -0.231399 -0.271483 0.00616854 0.000328157 
0.866881 0.211181 -0.163424 -0.201271 0.00284455 0.00043019 
0.880943 0.211181 -0.10021 -0.124494 0.000543026 0.000354515 
0.893728 0.211181 -0.0557516 -0.0671982 -0.000674081 0.000422572 
0.906513 0.211181 -0.02392 -0.0244144 -0.00125248 0.000374131 
0.918063 0.211181 -0.0100067 0.00134614 -0.00138123 0.000393947 
0.929613 0.211181 -0.00243579 0.0153265 -0.00127829 0.000380022 
0.939988 0.211181 0.000326459 0.0211977 -0.00108885 0.00038356 
0.950362 0.211181 0.00183624 0.0237705 -0.000854332 0.000379944 
0.959633 0.211181 0.00207009 0.0239603 -0.00063232 0.000380637 
0.968903 0.211181 0.00180439 0.0222269 -0.000417013 0.000381302 
0.977148 0.211181 0.00116684 0.0189635 -0.000245971 0.000379601 
0.985394 0.211181 0.00058076 0.0138499 -0.000109384 0.000382358 
0.992697 0.211181 0.000158608 0.00776331 -2.94012e-05 0.000379448 
1 0.211181 0 0 0 0.000382822 

0 0.22907 0 0 0 0.000568695 
0.00730325 0.22907 -0.00115995 -0.0152958 -6.32618e-05 0.000531772 
0.0146065 0.22907 -0.00443572 -0.0193161 -0.000197214 0.00056767 
0.0228517 0.22907 -0.0104403 -0.0116167 -0.000331107 0.000529974 
0.031097 0.22907 -0.0185648 0.00436334 -0.000367328 0.000565472 
0.0403673 0.22907 -0.029896 0.0283105 -0.000217382 0.000527183 
0.0496377 0.22907 -0.0433371 0.0535568 0.000160673 0.000561649 
0.0600123 0.22907 -0.0609462 0.0840342 0.000873117 0.000521716 
0.0703869 0.22907 -0.0811551 0.115713 0.00190821 0.000555679 
0.0819372 0.22907 -0.106876 0.153475 0.00346279 0.00050834 
0.0934875 0.22907 -0.134837 0.191751 0.0054569 0.000536891 
0.106272 0.22907 -0.16626 0.232218 0.00817486 0.000477985 
0.119057 0.22907 -0.196525 0.267394 0.0113769 0.000484193 
0.133119 0.22907 -0.223937 0.295356 0.0153502 0.000417576 
0.14718 0.22907 -0.245911 0.312302 0.0196394 0.000388495 
0.162537 0.22907 -0.260338 0.316914 0.0244875 0.000325625 
0.177894 0.22907 -0.268801 0.311501 0.0293289 0.000269419 
0.194538 0.22907 -0.271291 0.2977 0.0344058 0.000218239 
0.211181 0.22907 -0.27112 0.279822 0.0392184 0.00015604 
0.22907 0.22907 -0.269952 0.260096 0.0440466 0.000113257 
0.246958 0.22907 -0.269226 0.240619 0.0485238 5.87805e-05 
0.266013 0.22907 -0.270037 0.221676 0.0529267 1.81908e-05 
0.285068 0.22907 -0.271541 0.203229 0.0569733 -2.80101e-05 
0.305174 0.22907 -0.27377 0.184286 0.0608691 -6.66498e-05 
0.32528 0.22907 -0.275796 0.165114 0.0643819 -0.000106308 
0.346282 0.22907 -0.27777 0.144932 0.0676383 -0.000139877 
0.367284 0.22907 -0.279349 0.124495 0.0704683 -0.000171708 
0.388994 0.22907 -0.280877 0.103324 0.0729419 -0.000198219 
0.410703 0.22907 -0.282121 0.0819649 0.074954 -0.000220595 
0.432902 0.22907 -0.283381 0.0601311 0.0765321 -0.000239142 
0.455101 0.22907 -0.284394 0.0380776 0.077623 -0.00025115 
0.477551 0.22907 -0.285435 0.0157179 0.0782278 -0.000261289 
0.5 0.22907 -0.286242 -0.00691221 0.0783275 -0.000262443 
0.522449 0.22907 -0.287138 -0.0296587 0.0779177 -0.000264251 
0.544899 0.22907 -0.287851 -0.0526994 0.0769938 -0.000254419 
0.567098 0.22907 -0.288782 -0.0756034 0.07557 -0.000248577 
0.589297 0.22907 -0.289609 -0.098765 0.0736348 -0.000227987 
0.611006 0.22907 -0.290779 -0.121495 0.0712438 -0.00021561 
0.632716 0.22907 -0.291869 -0.144372 0.0683577 -0.000184789 
0.653718 0.22907 -0.293218 -0.166504 0.0650927 -0.000167102 
0.67472 0.22907 -0.294235 -0.188544 0.0613641 -0.000127062 
0.694826 0.22907 -0.294963 -0.209186 0.0573651 -0.000105015 
0.714932 0.22907 -0.294885 -0.229345 0.0529565 -5.71635e-05 
0.733987 0.22907 -0.294954 -0.247615 0.0484149 -3.14874e-05 
0.753042 0.22907 -0.295768 -0.266519 0.0435193 2.69218e-05 
0.77093 0.22907 -0.30099 -0.287714 0.0385714 5.27498e-05 
0.788819 0.22907 -0.310064 -0.312826 0.0332088 0.000130257 
0.805462 0.22907 -0.32091 -0.341263 0.0277574 0.000150826 
0.822106 0.22907 -0.326368 -0.364936 0.0218704 0.000229401 
0.837463 0.22907 -0.312142 -0.36627 0.0162118 0.00026223 
0.85282 0.22907 -0.27724 -0.341552 0.0107318 0.00028094 
0.866881 0.22907 -0.220301 -0.283731 0.00630345 0.000362461 
0.880943 0.22907 -0.155507 -0.204957 0.00283825 0.000301707 
0.893728 0.22907 -0.0980249 -0.132597 0.000690065 0.000393911 
0.906513 0.22907 -0.0514358 -0.067121 -0.000575249 0.00033666 
0.918063 0.22907 -0.0254772 -0.0236013 -0.00107806 0.000384174 
0.929613 0.22907 -0.00856817 0.00240835 -0.00117973 0.000368732 
0.939988 0.22907 -0.00185948 0.0151951 -0.00108129 0.000380896 
0.950362 0.22907 0.00130065 0.0216361 -0.000883681 0.000380909 
0.959633 0.22907 0.00192227 0.0237782 -0.000670499 0.000380634 
0.968903 0.22907 0.00188085 0.023233 -0.000450183 0.000383569 
0.977148 0.22907 0.0013205 0.0203308 -0.000268896 0.000379709 
0.985394 0.22907 0.000731089 0.0151626 -0.00012097 0.000384963 
0.992697 0.22907 0.000209954 0.00863442 -3.27967e-05 0.000379102 
1 0.22907 0 0 0 0.000385771 

0 0.246958 0 0 0 0.000583777 
0.00730325 0.246958 -0.00186732 -0.00842329 -3.58507e-05 0.000520264 
0.0146065 0.246958 -0.00691903 -0.00673798 -9.61849e-05 0.000579521 
0.0228517 0.246958 -0.0150411 0.00611104 -0.000102536 0.000518829 
0.031097 0.246958 -0.0254674 0.026275 2.68279e-05 0.000570673 
0.0403673 0.246958 -0.03897 0.0543647 0.000400404 0.000513602 
0.0496377 0.246958 -0.0546361 0.0836784 0.00103956 0.000559015 
0.0600123 0.246958 -0.0745177 0.118757 0.00208846 0.000501901 
0.0703869 0.246958 -0.0968779 0.154947 0.00350623 0.000542539 
0.0819372 0.246958 -0.123783 0.196159 0.00553348 0.000480216 
0.0934875 0.246958 -0.151627 0.235721 0.00802586 0.000509736 
0.106272 0.246958 -0.180158 0.273785 0.0112871 0.000443302 
0.119057 0.246958 -0.205694 0.303521 0.0149806 0.000446984 
0.133119 0.246958 -0.226075 0.323023 0.0193929 0.000381761 
0.14718 0.246958 -0.240756 0.330707 0.0239971 0.000351598 
0.162537 0.246958 -0.248358 0.32685 0.0290514 0.000292724 
0.177894 0.246958 -0.251648 0.314951 0.0339871 0.000239761 
0.194538 0.246958 -0.251412 0.29761 0.0390859 0.00018733 
0.211181 0.246958 -0.25039 0.27858 0.0438842 0.000131053 
0.22907 0.246958 -0.250109 0.259408 0.0486965 8.04754e-05 
0.246958 0.246958 -0.250731 0.241193 0.0531745 3.09011e-05 
0.266013 0.246958 -0.252637 0.223109 0.0575998 -1.86033e-05 
0.285068 0.246958 -0.254727 0.205183 0.0616811 -6.1607e-05 
0.305174 0.246958 -0.25693 0.186139 0.0656162 -0.000107248 
0.32528 0.246958 -0.258787 0.166787 0.0691649 -0.000144622 
0.346282 0.246958 -0.260521 0.146369 0.0724538 -0.000184235 
0.367284 0.246958 -0.262036 0.125784 0.075312 -0.000214501 
0.388994 0.246958 -0.263554 0.104502 0.0778117 -0.000246383 
0.410703 0.246958 -0.264935 0.0830804 0.0798478 -0.000267592 
0.432902 0.246958 -0.266316 0.0611477 0.0814485 -0.000290116 
0.455101 0.246958 -0.267537 0.0390288 0.0825601 -0.000300838 
0.477551 0.246958 -0.268737 0.0165618 0.0831839 -0.000313102 
0.5 0.246958 -0.269771 -0.00612998 0.083301 -0.000312767 
0.522449 0.246958 -0.270819 -0.0289465 0.0829075 -0.000315157 
0.544899 0.246958 -0.271726 -0.0519994 0.0819995 -0.000304258 
0.567098 0.246958 -0.272719 -0.0748981 0.0805917 -0.000298338 
0.589297 0.246958 -0.273594 -0.0979967 0.0786736 -0.000278088 
0.611006 0.246958 -0.274647 -0.120639 0.0763013 -0.000265869 
0.632716 0.246958 -0.275617 -0.143404 0.073436 -0.000237379 
0.653718 0.246958 -0.2769 -0.165454 0.0701933 -0.000220385 
0.67472 0.246958 -0.278165 -0.187515 0.0664872 -0.00018394 
0.694826 0.246958 -0.279598 -0.208509 0.0625055 -0.000162433 
0.714932 0.246958 -0.280573 -0.229157 0.0581051 -0.000118028 
0.733987 0.246958 -0.280714 -0.247736 0.0535598 -9.15498e-05 
0.753042 0.246958 -0.279732 -0.265772 0.0486641 -4.08155e-05 
0.77093 0.246958 -0.279923 -0.282998 0.0437566 -1.43431e-05 
0.788819 0.246958 -0.282706 -0.303083 0.0385129 4.61959e-05 
0.805462 0.246958 -0.292352 -0.329075 0.033253 6.49392e-05 
0.822106 0.246958 -0.30522 -0.358789 0.027536 0.000151376 
0.837463 0.246958 -0.311097 -0.382147 0.0218323 0.000185604 
0.85282 0.246958 -0.301483 -0.388032 0.0159153 0.000268183 
0.866881 0.246958 -0.264054 -0.356341 0.010664 0.000344388 
0.880943 0.246958 -0.207825 -0.292554 0.00607935 0.000324283 
0.893728 0.246958 -0.143948 -0.213595 0.00284472 0.000427459 
0.906513 0.246958 -0.0856246 -0.128087 0.000651443 0.000350448 
0.918063 0.246958 -0.0463412 -0.0647875 -0.000449803 0.000416755 
0.929613 0.246958 -0.0183462 -0.0207854 -0.000932418 0.00037326 
0.939988 0.246958 -0.00674974 0.00474448 -0.00101089 0.000389642 
0.950362 0.246958 -0.00106318 0.0181221 -0.000885684 0.000380451 
0.959633 0.246958 0.000595569 0.0228012 -0.000695369 0.000379849 
0.968903 0.246958 0.00134404 0.0236152 -0.000478689 0.000379707 
0.977148 0.246958 0.00116967 0.0214558 -0.000291773 0.000376935 
0.985394 0.246958 0.000739914 0.0165219 -0.000133752 0.000381339 
0.992697 0.246958 0.000216467 0.00964262 -3.67586e-05 0.000375977 
1 0.246958 0 0 0 0.000382071 

0 0.266013 0 0 0 0.000626105 
0.00730325 0.266013 -0.00272131 0.00339113 8.70012e-06 0.000533821 
0.0146065 0.266013 -0.00981145 0.0124088 6.26907e-05 0.00061725 
0.0228517 0.266013 -0.0200106 0.0305026 0.000235334 0.000536418 
0.031097 0.266013 -0.0326847 0.0546867 0.000582394 0.000604075 
0.0403673 0.266013 -0.0481067 0.0864864 0.0012361 0.0005344 
0.0496377 0.266013 -0.0656314 0.119515 0.00219045 0.000588176 
0.0600123 0.266013 -0.086673 0.158405 0.00363273 0.000521732 
0.0703869 0.266013 -0.109499 0.197538 0.00547998 0.000561373 
0.0819372 0.266013 -0.134942 0.239582 0.00801056 0.000490905 
0.0934875 0.266013 -0.16002 0.277145 0.0110012 0.000506107 
0.106272 0.266013 -0.183458 0.309577 0.0147661 0.000431448 
0.119057 0.266013 -0.203196 0.331388 0.0188779 0.000411051 
0.133119 0.266013 -0.217072 0.341796 0.0236273 0.000340237 
0.14718 0.266013 -0.226131 0.340963 0.0284434 0.000289441 
0.162537 0.266013 -0.22966 0.330874 0.033611 0.000230277 
0.177894 0.266013 -0.230631 0.31521 0.03858 0.000168824 
0.194538 0.266013 -0.230132 0.296842 0.0436733 0.000119234 
0.211181 0.266013 -0.229844 0.278397 0.0484597 6.27373e-05 
0.22907 0.266013 -0.230792 0.2604 0.053277 1.59581e-05 
0.246958 0.266013 -0.232403 0.243161 0.057779 -3.36034e-05 
0.266013 0.266013 -0.234686 0.225368 0.0622432 -7.88676e-05 
0.285068 0.266013 -0.236815 0.207304 0.0663658 -0.00012372 
0.305174 0.266013 -0.238834 0.188005 0.0703404 -0.000164596 
0.32528 0.266013 -0.240552 0.168361 0.0739235 -0.000203549 
0.346282 0.266013 -0.242264 0.147842 0.0772444 -0.000238177 
0.367284 0.266013 -0.243817 0.127136 0.0801324 -0.000269238 
0.388994 0.266013 -0.245452 0.105799 0.0826615 -0.000296751 
0.410703 0.266013 -0.246916 0.0842826 0.0847254 -0.000318707 
0.432902 0.266013 -0.24842 0.0622639 0.0863528 -0.000338335 
0.455101 0.266013 -0.249712 0.0400536 0.0874893 -0.000350292 
0.477551 0.266013 -0.251039 0.0175133 0.0881362 -0.000361577 
0.5 0.266013 -0.252153 -0.00522624 0.0882748 -0.000362911 
0.522449 0.266013 -0.253348 -0.0280775 0.0879016 -0.000365877 
0.544899 0.266013 -0.25435 -0.0511201 0.087013 -0.000356314 
0.567098 0.266013 -0.255499 -0.0740196 0.0856242 -0.000351435 
0.589297 0.266013 -0.256478 -0.0970631 0.0837254 -0.000331049 
0.611006 0.266013 -0.257668 -0.119674 0.0813727 -0.000319169 
0.632716 0.266013 -0.258701 -0.142341 0.0785286 -0.000288345 
0.653718 0.266013 -0.260001 -0.164297 0.0753085 -0.000270569 
0.67472 0.266013 -0.26116 -0.186229 0.0716276 -0.000229907 
0.694826 0.266013 -0.262577 -0.207312 0.0676715 -0.000207491 
0.714932 0.266013 -0.263713 -0.22825 0.063293 -0.000158053 
0.733987 0.266013 -0.264556 -0.247855 0.0587561 -0.000132142 
0.753042 0.266013 -0.264469 -0.266738 0.0538527 -7.64026e-05 
0.77093 0.266013 -0.263882 -0.283263 0.0489351 -4.76456e-05 
0.788819 0.266013 -0.263437 -0.300148 0.0437188 1.59127e-05 
0.805462 0.266013 -0.267082 -0.319639 0.0385721 4.30187e-05 
0.822106 0.266013 -0.274733 -0.344659 0.0330546 0.000126789 
0.837463 0.266013 -0.285521 -0.374708 0.0275245 0.000143886 
0.85282 0.266013 -0.291747 -0.400358 0.0215644 0.000232254 
0.866881 0.266013 -0.279362 -0.400511 0.0158871 0.000260348 
0.880943 0.266013 -0.247083 -0.369467 0.0104259 0.000284283 
0.893728 0.266013 -0.193767 -0.303453 0.00609079 0.000365189 
0.906513 0.266013 -0.134199 -0.213117 0.0027581 0.000303282 
0.918063 0.266013 -0.0826118 -0.133268 0.000770108 0.000392972 
0.929613 0.266013 -0.0412644 -0.0644841 -0.000357832 0.000338214 
0.939988 0.266013 -0.0197573 -0.0189384 -0.000770048 0.00037832 
0.950362 0.266013 -0.0063745 0.00673643 -0.000813143 0.000368654 
0.959633 0.266013 -0.00124385 0.0177659 -0.000693176 0.0003759 
0.968903 0.266013 0.00104207 0.0222978 -0.000501586 0.000379428 
0.977148 0.266013 0.00115895 0.0219985 -0.000315849 0.000374988 
0.985394 0.266013 0.00079764 0.0178957 -0.000148427 0.000382538 
0.992697 0.266013 0.000240836 0.0107357 -4.14975e-05 0.000374433 
1 0.266013 0 0 0 0.000383833 

0 0.285068 0 0 0 0.000626522 
0.00730325 0.285068 -0.00325915 0.0182273 6.69818e-05 0.000514145 
0.0146065 0.285068 -0.0116898 0.0358979 0.000264866 0.000616625 
0.0228517 0.285068 -0.0233779 0.0591004 0.000652989 0.000517167 
0.031097 0.285068 -0.0375412 0.0869337 0.00125114 0.000598204 
0.0403673 0.285068 -0.0541863 0.121895 0.00221711 0.000513331 
0.0496377 0.285068 -0.0727697 0.158047 0.00351226 0.000576122 
0.0600123 0.285068 -0.0942034 0.199336 0.00536496 0.000496538 
0.0703869 0.285068 -0.116672 0.239513 0.00763959 0.000540244 
0.0819372 0.285068 -0.13997 0.279884 0.0106423 0.000460944 
0.0934875 0.285068 -0.161715 0.313239 0.0140703 0.000476028 
0.106272 0.285068 -0.180082 0.338568 0.0182448 0.00039872 
0.119057 0.285068 -0.194442 0.352135 0.0226683 0.000378686 
0.133119 0.285068 -0.203038 0.354258 0.0276421 0.000308195 
0.14718 0.285068 -0.207936 0.346728 0.0325795 0.00026208 
0.162537 0.285068 -0.209102 0.332323 0.0377963 0.000200044 
0.177894 0.285068 -0.209184 0.314937 0.0427706 0.000146702 
0.194538 0.285068 -0.209314 0.296586 0.0478594 8.86768e-05 
0.211181 0.285068 -0.21012 0.279276 0.0526517 3.9721e-05 
0.22907 0.285068 -0.212046 0.262119 0.057495 -1.70077e-05 
0.246958 0.285068 -0.214242 0.24544 0.062035 -6.10636e-05 
0.266013 0.285068 -0.21652 0.227525 0.0665426 -0.000114446 
0.285068 0.285068 -0.218539 0.209251 0.0707052 -0.000154933 
0.305174 0.285068 -0.220383 0.189685 0.0747164 -0.000202919 
0.32528 0.285068 -0.222113 0.169951 0.0783325 -0.000238459 
0.346282 0.285068 -0.223865 0.149341 0.0816858 -0.000279791 
0.367284 0.285068 -0.225568 0.12865 0.0846053 -0.000308434 
0.388994 0.285068 -0.227273 0.10722 0.0871657 -0.000341634 
0.410703 0.285068 -0.228875 0.0856797 0.0892594 -0.000361825 
0.432902 0.285068 -0.23043 0.0635414 0.0909153 -0.000385541 
0.455101 0.285068 -0.231863 0.041277 0.0920784 -0.000396009 
0.477551 0.285068 -0.233256 0.0186274 0.0927505 -0.000409537 
0.5 0.285068 -0.234534 -0.00416225 0.0929128 -0.000409627 
0.522449 0.285068 -0.235811 -0.0270899 0.0925621 -0.00041323 
0.544899 0.285068 -0.236989 -0.0501554 0.0916955 -0.000403144 
0.567098 0.285068 -0.238222 -0.0730817 0.0903281 -0.000397986 
0.589297 0.285068 -0.239362 -0.0961105 0.0884509 -0.00037854 
0.611006 0.285068 -0.240597 -0.118703 0.0861199 -0.000366186 
0.632716 0.285068 -0.241706 -0.141334 0.0832978 -0.000338264 
0.653718 0.285068 -0.242901 -0.163241 0.0800998 -0.000320071 
0.67472 0.285068 -0.243914 -0.185125 0.0764417 -0.000284176 
0.694826 0.285068 -0.245098 -0.206098 0.0725086 -0.000261208 
0.714932 0.285068 -0.246192 -0.227046 0.0681536 -0.000217359 
0.733987 0.285068 -0.247509 -0.246969 0.0636361 -0.000190294 
0.753042 0.285068 -0.24845 -0.266577 0.058742 -0.00013865 
0.77093 0.285068 -0.248435 -0.284092 0.0538145 -0.00010706 
0.788819 0.285068 -0.247033 -0.300681 0.0485814 -5.074e-05 
0.805462 0.285068 -0.246221 -0.316098 0.0434511 -1.97673e-05 
0.822106 0.285068 -0.247777 -0.33484 0.0380339 4.43195e-05 
0.837463 0.285068 -0.256681 -0.360765 0.0326958 6.2873e-05 
0.85282 0.285068 -0.269079 -0.392283 0.0269215 0.000155365 
0.866881 0.285068 -0.275253 -0.416694 0.0212164 0.000184228 
0.880943 0.285068 -0.266288 -0.420628 0.0153225 0.000270227 
0.893728 0.285068 -0.230843 -0.382634 0.0101654 0.0003421 
0.906513 0.285068 -0.178663 -0.306774 0.00573224 0.000318259 
0.918063 0.285068 -0.120484 -0.219161 0.00269756 0.00042039 
0.929613 0.285068 -0.068685 -0.126573 0.000695219 0.000345861 
0.939988 0.285068 -0.0361642 -0.0586376 -0.000248889 0.000405935 
0.950362 0.285068 -0.0134946 -0.0151295 -0.000615858 0.000370871 
0.959633 0.285068 -0.00440136 0.0081719 -0.000643438 0.000382925 
0.968903 0.285068 -0.000270527 0.0197592 -0.000507829 0.000378615 
0.977148 0.285068 0.000457057 0.0221481 -0.000333026 0.000373952 
0.985394 0.285068 0.000496081 0.0190916 -0.000160444 0.000377834 
0.992697 0.285068 0.000162736 0.0118335 -4.54882e-05 0.000371552 
1 0.285068 0 0 0 0.000378045 

0 0.305174 0 0 0 0.000649033 
0.00730325 0.305174 -0.00373244 0.0365289 0.00013944 0.000519533 
0.0146065 0.305174 -0.0132204 0.0638055 0.00051202 0.000634171 
0.0228517 0.305174 -0.0256917 0.0917912 0.00115228 0.000524836 
0.031097 0.305174 -0.0406052 0.122714 0.0020355 0.000610987 
0.0403673 0.305174 -0.0573991 0.160014 0.00334653 0.000519941 
0.0496377 0.305174 -0.0757857 0.198161 0.00500738 0.000580058 
0.0600123 0.305174 -0.0958976 0.24017 0.00728546 0.000495627 
0.0703869 0.305174 -0.116367 0.279145 0.00998376 0.000527357 
0.0819372 0.305174 -0.136178 0.315544 0.0134294 0.000443668 
0.0934875 0.305174 -0.153993 0.342748 0.0172423 0.000439183 
0.106272 0.305174 -0.167782 0.360262 0.0217514 0.000359171 
0.119057 0.305174 -0.178064 0.365925 0.0264084 0.000320627 
0.133119 0.305174 -0.183474 0.361416 0.0315326 0.000251156 
0.14718 0.305174 -0.186406 0.349363 0.0365398 0.000195245 
0.162537 0.305174 -0.187139 0.332883 0.04178 0.000136917 
0.177894 0.305174 -0.187636 0.315389 0.0467588 8.10016e-05 
0.194538 0.305174 -0.188736 0.297862 0.05186 2.76898e-05 
0.211181 0.305174 -0.190435 0.281504 0.0566792 -2.31047e-05 
0.22907 0.305174 -0.192783 0.264765 0.061565 -7.44604e-05 
0.246958 0.305174 -0.195125 0.247976 0.0661509 -0.0001222 
0.266013 0.305174 -0.197309 0.229798 0.0707036 -0.000169642 
0.285068 0.305174 -0.199265 0.211193 0.0749058 -0.000213773 
0.305174 0.305174 -0.201148 0.191527 0.0789546 -0.000255548 
0.32528 0.305174 -0.202945 0.171697 0.0826062 -0.000293773 
0.346282 0.305174 -0.204806 0.151048 0.0859957 -0.000329176 
0.367284 0.305174 -0.206552 0.130264 0.0889502 -0.000359973 
0.388994 0.305174 -0.208318 0.108744 0.0915451 -0.000388114 
0.410703 0.305174 -0.209917 0.0870889 0.0936714 -0.000410227 
0.432902 0.305174 -0.211535 0.0648675 0.0953587 -0.000430326 
0.455101 0.305174 -0.212984 0.0425245 0.0965513 -0.000442683 
0.477551 0.305174 -0.214486 0.0198228 0.0972517 -0.000454363 
0.5 0.305174 -0.215825 -0.00299333 0.0974411 -0.000456263 
0.522449 0.305174 -0.217256 -0.0259448 0.0971167 -0.000459528 
0.544899 0.305174 -0.218526 -0.0489908 0.0962758 -0.000450634 
0.567098 0.305174 -0.219924 -0.0719277 0.0949338 -0.000445855 
0.589297 0.305174 -0.221155 -0.094916 0.0930819 -0.000426194 
0.611006 0.305174 -0.22253 -0.117539 0.0907757 -0.000414097 
0.632716 0.305174 -0.223717 -0.140148 0.0879785 -0.000384075 
0.653718 0.305174 -0.225036 -0.162135 0.0848041 -0.000365701 
0.67472 0.305174 -0.226125 -0.184027 0.081169 -0.000326103 
0.694826 0.305174 -0.227328 -0.205049 0.0772578 -0.000302758 
0.714932 0.305174 -0.228278 -0.22594 0.0729253 -0.000254503 
0.733987 0.305174 -0.229398 -0.245923 0.0684301 -0.000227668 
0.753042 0.305174 -0.230244 -0.265775 0.0635553 -0.000171747 
0.77093 0.305174 -0.230895 -0.284391 0.0586336 -0.000142838 
0.788819 0.305174 -0.230672 -0.302089 0.0533871 -8.21756e-05 
0.805462 0.305174 -0.22973 -0.317177 0.0482345 -5.14501e-05 
0.822106 0.305174 -0.228729 -0.332414 0.0428297 1.46316e-05 
0.837463 0.305174 -0.231597 -0.351073 0.0375938 4.19809e-05 
0.85282 0.305174 -0.23835 -0.377009 0.0320154 0.000128995 
0.866881 0.305174 -0.248486 -0.408644 0.0264854 0.000142611 
0.880943 0.305174 -0.253967 -0.435145 0.0205439 0.000236174 
0.893728 0.305174 -0.241552 -0.431305 0.0149564 0.000262574 
0.906513 0.305174 -0.210649 -0.390108 0.00965568 0.000286668 
0.918063 0.305174 -0.161191 -0.314225 0.00555602 0.000367641 
0.929613 0.305174 -0.107971 -0.21198 0.00248782 0.000304497 
0.939988 0.305174 -0.064197 -0.125393 0.000754391 0.000387312 
0.950362 0.305174 -0.0298213 -0.0564947 -0.00017111 0.000339095 
0.959633 0.305174 -0.0135095 -0.0123647 -0.000472172 0.000368994 
0.968903 0.305174 -0.00422601 0.0111412 -0.000459936 0.000366253 
0.977148 0.305174 -0.000994623 0.0189316 -0.000329466 0.000367408 
0.985394 0.305174 0.000320005 0.0188265 -0.000167665 0.000374578 
0.992697 0.305174 0.000163653 0.0124444 -4.93892e-05 0.000365957 
1 0.305174 0 0 0 0.000377312 

0 0.32528 0 0 0 0.00062136 
0.00730325 0.32528 -0.00378241 0.0564891 0.000216735 0.000489942 
0.0146065 0.32528 -0.0134439 0.0938361 0.000775723 0.000608967 
0.0228517 0.32528 -0.0262076 0.1262 0.00168011 0.000494124 
0.031097 0.32528 -0.0412203 0.159624 0.00285563 0.000584299 
0.0403673 0.32528 -0.0576884 0.198198 0.00451136 0.000488101 
0.0496377 0.32528 -0.0753049 0.237207 0.00652654 0.000550825 
0.0600123 0.32528 -0.0937622 0.278317 0.00920177 0.000462106 
0.0703869 0.32528 -0.111886 0.314616 0.0122784 0.000494693 
0.0819372 0.32528 -0.128289 0.345835 0.0160991 0.000408957 
0.0934875 0.32528 -0.14238 0.366546 0.02022 0.000405931 
0.106272 0.32528 -0.15235 0.376626 0.0249794 0.000325322 
0.119057 0.32528 -0.159404 0.375714 0.0297983 0.000292185 
0.133119 0.32528 -0.162735 0.366033 0.0350179 0.000219976 
0.14718 0.32528 -0.164608 0.351246 0.0400667 0.000173395 
0.162537 0.32528 -0.165556 0.333705 0.0453258 0.000107624 
0.177894 0.32528 -0.166749 0.316798 0.0503208 6.14459e-05 
0.194538 0.32528 -0.168703 0.299917 0.0554525 -1.83196e-06 
0.211181 0.32528 -0.171023 0.28421 0.0603128 -4.48384e-05 
0.22907 0.32528 -0.173505 0.267416 0.0652477 -0.000105257 
0.246958 0.32528 -0.175841 0.25043 0.0698803 -0.000146578 
0.266013 0.32528 -0.177902 0.231887 0.0744765 -0.000202096 
0.285068 0.32528 -0.179877 0.213176 0.0787176 -0.000240722 
0.305174 0.32528 -0.181796 0.193356 0.0828049 -0.00029029 
0.32528 0.32528 -0.183715 0.173567 0.0864938 -0.000324183 
0.346282 0.32528 -0.185596 0.152785 0.089921 -0.000366624 
0.367284 0.32528 -0.187427 0.131994 0.0929115 -0.000394223 
0.388994 0.32528 -0.18918 0.110332 0.0955417 -0.000428139 
0.410703 0.32528 -0.190882 0.0886523 0.0977013 -0.000447951 
0.432902 0.32528 -0.192524 0.0663191 0.099421 -0.000472201 
0.455101 0.32528 -0.194125 0.0439568 0.100645 -0.000482947 
0.477551 0.32528 -0.195683 0.0211676 0.101375 -0.000496911 
0.5 0.32528 -0.197192 -0.00166689 0.101594 -0.000497903 
0.522449 0.32528 -0.198674 -0.0246829 0.101298 -0.000501735 
0.544899 0.32528 -0.200099 -0.0477444 0.100485 -0.000493009 
0.567098 0.32528 -0.201523 -0.0707174 0.0991707 -0.000487604 
0.589297 0.32528 -0.202879 -0.0937151 0.097346 -0.000469744 
0.611006 0.32528 -0.204261 -0.116344 0.0950663 -0.00045641 
0.632716 0.32528 -0.205557 -0.138961 0.0922955 -0.00043017 
0.653718 0.32528 -0.20689 -0.160947 0.0891463 -0.000410202 
0.67472 0.32528 -0.208088 -0.182878 0.0855358 -0.000376176 
0.694826 0.32528 -0.209272 -0.203943 0.0816469 -0.000350645 
0.714932 0.32528 -0.210218 -0.224918 0.0773352 -0.000309287 
0.733987 0.32528 -0.211179 -0.24486 0.0728587 -0.000279434 
0.753042 0.32528 -0.211964 -0.264765 0.0680023 -0.000231146 
0.77093 0.32528 -0.212935 -0.283629 0.0630959 -0.000198466 
0.788819 0.32528 -0.213543 -0.302182 0.057855 -0.000143704 
0.805462 0.32528 -0.213201 -0.318592 0.0526868 -0.000107943 
0.822106 0.32528 -0.21149 -0.333742 0.0472558 -5.06535e-05 
0.837463 0.32528 -0.210341 -0.34799 0.0420253 -1.65769e-05 
0.85282 0.32528 -0.21171 -0.366516 0.0365407 4.78964e-05 
0.866881 0.32528 -0.220357 -0.39363 0.0312009 6.67895e-05 
0.880943 0.32528 -0.231708 -0.427534 0.025436 0.000162188 
0.893728 0.32528 -0.236104 -0.450717 0.0198001 0.000189375 
0.906513 0.32528 -0.225453 -0.448072 0.0140416 0.000269802 
0.918063 0.32528 -0.190721 -0.39957 0.00912025 0.000341078 
0.929613 0.32528 -0.142732 -0.307869 0.00500492 0.00030869 
0.939988 0.32528 -0.0919314 -0.211239 0.00231869 0.000408273 
0.950362 0.32528 -0.048374 -0.115139 0.000626104 0.00033945 
0.959633 0.32528 -0.0242805 -0.0460237 -0.000101337 0.000388351 
0.968903 0.32528 -0.00865241 -0.00592409 -0.000323267 0.000365219 
0.977148 0.32528 -0.00263354 0.0116056 -0.000294591 0.000371208 
0.985394 0.32528 1.41872e-05 0.0174674 -0.000168542 0.000371871 
0.992697 0.32528 0.000119416 0.0131256 -5.2557e-05 0.000364092 
1 0.32528 0 0 0 0.000372702 

0 0.346282 0 0 0 0.000599325 
0.00730325 0.346282 -0.00357764 0.0761414 0.000296473 0.000476166 
0.0146065 0.346282 -0.0126922 0.123765 0.00104514 0.000584995 
0.0228517 0.346282 -0.0246637 0.160504 0.00221959 0.000479177 
0.031097 0.346282 -0.0387413 0.195751 0.0036908 0.000558278 
0.0403673 0.346282 -0.0537835 0.234731 0.00568811 0.000468926 
0.0496377 0.346282 -0.0696295 0.2734 0.00804537 0.000516678 
0.0600123 0.346282 -0.0855943 0.312428 0.0110919 0.000433424 
0.0703869 0.346282 -0.100971 0.344808 0.0145089 0.000447405 
0.0819372 0.346282 -0.114204 0.370355 0.018652 0.000366714 
0.0934875 0.346282 -0.12535 0.384627 0.0230248 0.000345432 
0.106272 0.346282 -0.132833 0.388372 0.0279781 0.000271093 
0.119057 0.346282 -0.138134 0.382355 0.0329166 0.000225421 
0.133119 0.346282 -0.140762 0.369345 0.0382058 0.000160976 
0.14718 0.346282 -0.142604 0.353217 0.0432899 0.000107932 
0.162537 0.346282 -0.144148 0.335637 0.0485775 5.04179e-05 
0.177894 0.346282 -0.146024 0.319365 0.053605 -5.87191e-07 
0.194538 0.346282 -0.148449 0.303001 0.0587831 -5.53637e-05 
0.211181 0.346282 -0.151022 0.287309 0.0636945 -0.000104547 
0.22907 0.346282 -0.153503 0.270306 0.0686825 -0.00015624 
0.246958 0.346282 -0.155801 0.252899 0.0733627 -0.000204048 
0.266013 0.346282 -0.157895 0.234168 0.0780034 -0.000250893 
0.285068 0.346282 -0.159904 0.215299 0.0822859 -0.00029506 
0.305174 0.346282 -0.161918 0.195428 0.0864149 -0.000336374 
0.32528 0.346282 -0.16385 0.175521 0.0901441 -0.000374979 
0.346282 0.346282 -0.165779 0.154655 0.0936115 -0.000409926 
0.367284 0.346282 -0.16758 0.133724 0.0966401 -0.00044148 
0.388994 0.346282 -0.169389 0.111993 0.0993076 -0.000469076 
0.410703 0.346282 -0.171075 0.0902198 0.101503 -0.000492145 
0.432902 0.346282 -0.172804 0.0678401 0.103258 -0.000511698 
0.455101 0.346282 -0.174406 0.0454249 0.104515 -0.000525192 
0.477551 0.346282 -0.176071 0.0225999 0.105279 -0.000536307 
0.5 0.346282 -0.177602 -0.000251075 0.105531 -0.000539493 
0.522449 0.346282 -0.179221 -0.0232909 0.105267 -0.000542094 
0.544899 0.346282 -0.180705 -0.0463363 0.104485 -0.000534604 
0.567098 0.346282 -0.182295 -0.0693319 0.103201 -0.000528987 
0.589297 0.346282 -0.18374 -0.0922986 0.101407 -0.000510869 
0.611006 0.346282 -0.185289 -0.114972 0.0991572 -0.000497712 
0.632716 0.346282 -0.186666 -0.13757 0.0964157 -0.000469454 
0.653718 0.346282 -0.188124 -0.159644 0.0932946 -0.000449785 
0.67472 0.346282 -0.189372 -0.181592 0.0897112 -0.000412269 
0.694826 0.346282 -0.190665 -0.202818 0.0858468 -0.000387387 
0.714932 0.346282 -0.191702 -0.223864 0.0815575 -0.000341797 
0.733987 0.346282 -0.192735 -0.243985 0.0771002 -0.000313146 
0.753042 0.346282 -0.193466 -0.263908 0.0722615 -0.000260658 
0.77093 0.346282 -0.194251 -0.2829 0.0673712 -0.000229763 
0.788819 0.346282 -0.194734 -0.301739 0.0621427 -0.000171302 
0.805462 0.346282 -0.195006 -0.319299 0.0569732 -0.000139569 
0.822106 0.346282 -0.194463 -0.33564 0.0515214 -7.81947e-05 
0.837463 0.346282 -0.193237 -0.349366 0.0462623 -4.52426e-05 
0.85282 0.346282 -0.192183 -0.363528 0.0407894 1.99928e-05 
0.866881 0.346282 -0.195096 -0.383051 0.035554 4.76517e-05 
0.880943 0.346282 -0.201574 -0.41198 0.029978 0.000134527 
0.893728 0.346282 -0.210286 -0.444997 0.02449 0.000147126 
0.906513 0.346282 -0.213133 -0.469234 0.0186333 0.00023794 
0.918063 0.346282 -0.19819 -0.455688 0.0132406 0.000270078 
0.929613 0.346282 -0.167096 -0.396812 0.00826536 0.000282942 
0.939988 0.346282 -0.12178 -0.307832 0.00458388 0.00036756 
0.950362 0.346282 -0.0762009 -0.194362 0.00195487 0.000299977 
0.959633 0.346282 -0.0426099 -0.103078 0.000598629 0.000371947 
0.968903 0.346282 -0.0173621 -0.0396128 -3.95057e-05 0.000332493 
0.977148 0.346282 -0.00653046 -0.00371029 -0.000203783 0.00035501 
0.985394 0.346282 -0.00134213 0.0127189 -0.000152406 0.000353424 
0.992697 0.346282 -0.000213683 0.0123547 -5.29021e-05 0.000352943 
1 0.346282 0 0 0 0.000357459 

0 0.367284 0 0 0 0.000546038 
0.00730325 0.367284 -0.00308069 0.0949534 0.000367525 0.000439651 
0.0146065 0.367284 -0.0110535 0.152293 0.00129068 0.000536831 
0.0228517 0.367284 -0.0220279 0.193195 0.00271488 0.000439905 
0.031097 0.367284 -0.0348444 0.229895 0.00445921 0.000513113 
0.0403673 0.367284 -0.0483265 0.268385 0.00676638 0.000428968 
0.0496377 0.367284 -0.06217 0.305996 0.00942638 0.000473801 
0.0600123 0.367284 -0.0757003 0.342196 0.0127924 0.000394019 
0.0703869 0.367284 -0.0883566 0.370454 0.016493 0.000408026 
0.0819372 0.367284 -0.0988104 0.390438 0.0208952 0.000329421 
0.0934875 0.367284 -0.107376 0.399158 0.0254637 0.000312567 
0.106272 0.367284 -0.112982 0.397545 0.0305634 0.000237697 
0.119057 0.367284 -0.116994 0.387859 0.0355917 0.00020101 
0.133119 0.367284 -0.119333 0.372423 0.0409379 0.00013172 
0.14718 0.367284 -0.121309 0.355809 0.0460594 8.95544e-05 
0.162537 0.367284 -0.123414 0.338242 0.0513866 2.35601e-05 
0.177894 0.367284 -0.125783 0.322557 0.0564586 -1.75716e-05 
0.194538 0.367284 -0.128453 0.30625 0.0616911 -8.16574e-05 
0.211181 0.367284 -0.131103 0.290475 0.0666565 -0.000122357 
0.22907 0.367284 -0.133495 0.273023 0.0716971 -0.000182947 
0.246958 0.367284 -0.135761 0.255412 0.0764242 -0.00022308 
0.266013 0.367284 -0.137846 0.236381 0.0811098 -0.000278732 
0.285068 0.367284 -0.139923 0.217531 0.0854345 -0.000316263 
0.305174 0.367284 -0.141929 0.197464 0.0896064 -0.000365962 
0.32528 0.367284 -0.143913 0.177555 0.0933763 -0.000399232 
0.346282 0.367284 -0.145788 0.156505 0.0968841 -0.000441585 
0.367284 0.367284 -0.147654 0.13557 0.0999509 -0.000469104 
0.388994 0.367284 -0.149435 0.113707 0.102656 -0.000502757 
0.410703 0.367284 -0.151229 0.0919454 0.104888 -0.00052301 
0.432902 0.367284 -0.152951 0.0694644 0.106679 -0.000546855 
0.455101 0.367284 -0.154687 0.0470542 0.107972 -0.000558634 
0.477551 0.367284 -0.15636 0.0241526 0.108771 -0.000572022 
0.5 0.367284 -0.15805 0.0012998 0.109056 -0.000574639 
0.522449 0.367284 -0.159692 -0.0217881 0.108826 -0.00057761 
0.544899 0.367284 -0.161346 -0.0448395 0.108078 -0.000571014 
0.567098 0.367284 -0.16296 -0.0678586 0.106827 -0.000564271 
0.589297 0.367284 -0.164567 -0.0908409 0.105066 -0.000548938 
0.611006 0.367284 -0.166133 -0.113525 0.102848 -0.0005336 
0.632716 0.367284 -0.167657 -0.136161 0.100138 -0.00051026 
0.653718 0.367284 -0.169128 -0.158245 0.0970463 -0.000487578 
0.67472 0.367284 -0.170511 -0.180266 0.0934917 -0.000456979 
0.694826 0.367284 -0.171828 -0.201513 0.0896535 -0.000428197 
0.714932 0.367284 -0.173005 -0.222685 0.0853887 -0.000391034 
0.733987 0.367284 -0.174073 -0.24291 0.0809522 -0.00035737 
0.753042 0.367284 -0.174906 -0.263041 0.0761311 -0.0003144 
0.77093 0.367284 -0.175637 -0.282077 0.0712549 -0.000277354 
0.788819 0.367284 -0.176166 -0.301085 0.0660382 -0.000229332 
0.805462 0.367284 -0.17674 -0.318958 0.060877 -0.000190673 
0.822106 0.367284 -0.176865 -0.336374 0.0554224 -0.000138363 
0.837463 0.367284 -0.175966 -0.35142 0.0501393 -9.76772e-05 
0.85282 0.367284 -0.173967 -0.365044 0.044636 -4.54274e-05 
0.866881 0.367284 -0.173123 -0.379229 0.0394102 -7.71893e-06 
0.880943 0.367284 -0.175313 -0.399971 0.0339366 5.34753e-05 
0.893728 0.367284 -0.183961 -0.430412 0.0286323 7.55111e-05 
0.906513 0.367284 -0.193269 -0.466806 0.0229044 0.000167259 
0.918063 0.367284 -0.193156 -0.483619 0.0173867 0.000201243 
0.929613 0.367284 -0.178252 -0.464515 0.0118886 0.000259268 
0.939988 0.367284 -0.143137 -0.39813 0.00738596 0.000339443 
0.950362 0.367284 -0.100016 -0.285666 0.00380749 0.00028875 
0.959633 0.367284 -0.0590728 -0.180019 0.00166409 0.000386575 
0.968903 0.367284 -0.025887 -0.0886816 0.000430286 0.000320607 
0.977148 0.367284 -0.0107762 -0.0272911 -2.80593e-05 0.000362713 
0.985394 0.367284 -0.00293613 0.00404143 -0.000104537 0.000342937 
0.992697 0.367284 -0.00060953 0.00989376 -4.50133e-05 0.000352779 
1 0.367284 0 0 0 0.000342762 

0 0.388994 0 0 0 0.000482104 
0.00730325 0.388994 -0.00234736 0.109659 0.000428001 0.000406899 
0.0146065 0.388994 -0.00856733 0.176282 0.0015 0.000474629 
0.0228517 0.388994 -0.0177057 0.221962 0.00314895 0.000403616 
0.031097 0.388994 -0.0285402 0.259754 0.00514194 0.000452823 
0.0403673 0.388994 -0.0398899 0.297389 0.0077274 0.00038841 
0.0496377 0.388994 -0.0514053 0.333371 0.0106541 0.000410297 
0.0600123 0.388994 -0.06245 0.366701 0.0142952 0.00034701 
0.0703869 0.388994 -0.0726828 0.390865 0.0182345 0.000339816 
0.0819372 0.388994 -0.080988 0.406113 0.0228494 0.000276144 
0.0934875 0.388994 -0.0878036 0.410212 0.0275758 0.000242238 
0.106272 0.388994 -0.0923642 0.40473 0.0327934 0.000181848 
0.119057 0.388994 -0.0958191 0.392478 0.0378974 0.000133167 
0.133119 0.388994 -0.0982225 0.375777 0.0432992 7.79958e-05 
0.14718 0.388994 -0.100455 0.358963 0.0484652 2.64323e-05 
0.162537 0.388994 -0.102895 0.341684 0.053843 -2.59057e-05 
0.177894 0.388994 -0.105483 0.326111 0.0589685 -7.67231e-05 
0.194538 0.388994 -0.108194 0.309803 0.0642604 -0.000127553 
0.211181 0.388994 -0.110786 0.293585 0.0692816 -0.000178363 
0.22907 0.388994 -0.11315 0.275864 0.0743751 -0.000226256 
0.246958 0.388994 -0.115358 0.257928 0.0791498 -0.000275695 
0.266013 0.388994 -0.117492 0.2388 0.0838822 -0.000319486 
0.285068 0.388994 -0.119529 0.219774 0.0882511 -0.000365245 
0.305174 0.388994 -0.121564 0.19964 0.0924673 -0.000404129 
0.32528 0.388994 -0.123476 0.179542 0.0962791 -0.000444539 
0.346282 0.388994 -0.125385 0.158438 0.0998284 -0.000477362 
0.367284 0.388994 -0.127182 0.137371 0.102935 -0.000510799 
0.388994 0.388994 -0.12902 0.11548 0.10568 -0.000536539 
0.410703 0.388994 -0.130752 0.0936342 0.10795 -0.000561568 
0.432902 0.388994 -0.132548 0.0711345 0.109779 -0.000579432 
0.455101 0.388994 -0.134241 0.0486811 0.111109 -0.000594957 
0.477551 0.388994 -0.136022 0.0257757 0.111945 -0.000604432 
0.5 0.388994 -0.137706 0.00292385 0.112267 -0.000609709 
0.522449 0.388994 -0.139494 -0.0201638 0.112074 -0.00061064 
0.544899 0.388994 -0.141183 -0.0431854 0.111363 -0.000605344 
0.567098 0.388994 -0.142975 -0.066219 0.110148 -0.000597957 
0.589297 0.388994 -0.144656 -0.0891647 0.108423 -0.000582222 
0.611006 0.388994 -0.146418 -0.111897 0.106241 -0.000567151 
0.632716 0.388994 -0.148047 -0.134513 0.103566 -0.000541592 
0.653718 0.388994 -0.149713 -0.1567 0.100508 -0.00051985 
0.67472 0.388994 -0.151208 -0.178736 0.0969851 -0.000485522 
0.694826 0.388994 -0.152683 -0.200147 0.0931763 -0.00045839 
0.714932 0.388994 -0.153945 -0.221373 0.0889388 -0.000416622 
0.733987 0.388994 -0.155145 -0.241824 0.0845259 -0.000385495 
0.753042 0.388994 -0.156101 -0.262059 0.0797252 -0.000337732 
0.77093 0.388994 -0.156946 -0.281366 0.0748649 -0.000303961 
0.788819 0.388994 -0.157504 -0.300452 0.0696612 -0.000251499 
0.805462 0.388994 -0.157979 -0.318615 0.0645098 -0.000216411 
0.822106 0.388994 -0.15813 -0.336536 0.0590581 -0.000160327 
0.837463 0.388994 -0.157869 -0.352858 0.0537626 -0.000124852 
0.85282 0.388994 -0.156859 -0.367485 0.0482292 -6.85072e-05 
0.866881 0.388994 -0.155442 -0.380153 0.0429753 -3.16739e-05 
0.880943 0.388994 -0.154897 -0.394987 0.0375285 2.79673e-05 
0.893728 0.388994 -0.158621 -0.418492 0.0323428 5.71338e-05 
0.906513 0.388994 -0.165054 -0.453522 0.0267827 0.000138283 
0.918063 0.388994 -0.170682 -0.485636 0.02134 0.000156815 
0.929613 0.388994 -0.168342 -0.498966 0.0156322 0.000229576 
0.939988 0.388994 -0.148338 -0.464978 0.0105787 0.000280352 
0.950362 0.388994 -0.11634 -0.376363 0.00616115 0.000261912 
0.959633 0.388994 -0.076867 -0.270357 0.00315136 0.000356416 
0.968903 0.388994 -0.0413234 -0.15258 0.00118041 0.000277416 
0.977148 0.388994 -0.020618 -0.0643249 0.000313197 0.000339597 
0.985394 0.388994 -0.00714649 -0.0149066 1.38167e-05 0.000300858 
0.992697 0.388994 -0.00165716 0.0023235 -2.02587e-05 0.000333661 
1 0.388994 0 0 0 0.000305443 

0 0.410703 0 0 0 0.00042383 
0.00730325 0.410703 -0.00152663 0.121515 0.000469798 0.00037389 
0.0146065 0.410703 -0.00578847 0.196112 0.00165521 0.000422045 
0.0228517 0.410703 -0.0130605 0.246665 0.00348512 0.000367493 
0.031097 0.410703 -0.0218136 0.285728 0.00568484 0.000406314 
0.0403673 0.410703 -0.0311136 0.322199 0.00850107 0.000351374 
0.0496377 0.410703 -0.0402927 0.356546 0.0116458 0.000369229 
0.0600123 0.410703 -0.0490463 0.387052 0.0155084 0.0003115 
0.0703869 0.410703 -0.0569707 0.407787 0.0196373 0.000305991 
0.0819372 0.410703 -0.0634418 0.418932 0.0244194 0.000243915 
0.0934875 0.410703 -0.0686937 0.419559 0.02927 0.000217302 
0.106272 0.410703 -0.0724571 0.410963 0.0345832 0.00015411 
0.119057 0.410703 -0.0754258 0.3971 0.0397534 0.000116388 
0.133119 0.410703 -0.0779039 0.379365 0.0452106 5.42079e-05 
0.14718 0.410703 -0.0802609 0.362642 0.0504259 1.43726e-05 
0.162537 0.410703 -0.0828762 0.345322 0.0558593 -4.74296e-05 
0.177894 0.410703 -0.0855065 0.329858 0.0610411 -8.72972e-05 
0.194538 0.410703 -0.0881318 0.313189 0.0663919 -0.000148275 
0.211181 0.410703 -0.0906129 0.296729 0.0714672 -0.000188823 
0.22907 0.410703 -0.092874 0.278539 0.0766122 -0.000247085 
0.246958 0.410703 -0.0950431 0.260531 0.0814335 -0.00028702 
0.266013 0.410703 -0.0971149 0.24111 0.0862124 -0.000341096 
0.285068 0.410703 -0.099152 0.222087 0.090625 -0.000378583 
0.305174 0.410703 -0.101086 0.201714 0.0948849 -0.000427019 
0.32528 0.410703 -0.103008 0.181608 0.0987379 -0.000460648 
0.346282 0.410703 -0.10482 0.160325 0.102328 -0.000501826 
0.367284 0.410703 -0.106666 0.139286 0.105474 -0.000530092 
0.388994 0.410703 -0.108424 0.117269 0.108258 -0.00056256 
0.410703 0.410703 -0.11024 0.0954551 0.110566 -0.000584037 
0.432902 0.410703 -0.111976 0.0728715 0.112434 -0.000606585 
0.455101 0.410703 -0.113793 0.0504492 0.113802 -0.000620135 
0.477551 0.410703 -0.115543 0.0274985 0.114676 -0.000632027 
0.5 0.410703 -0.117385 0.00467181 0.115037 -0.000636979 
0.522449 0.410703 -0.119164 -0.018432 0.114882 -0.000638115 
0.544899 0.410703 -0.121035 -0.0414426 0.11421 -0.000634398 
0.567098 0.410703 -0.122837 -0.0644699 0.113034 -0.000625313 
0.589297 0.410703 -0.124716 -0.0874262 0.111348 -0.000613387 
0.611006 0.410703 -0.126508 -0.110141 0.109204 -0.000595072 
0.632716 0.410703 -0.128345 -0.132801 0.106567 -0.000575726 
0.653718 0.410703 -0.130064 -0.154979 0.103545 -0.000549396 
0.67472 0.410703 -0.13178 -0.177114 0.100058 -0.000523546 
0.694826 0.410703 -0.133333 -0.198549 0.0962812 -0.000490498 
0.714932 0.410703 -0.134818 -0.219943 0.0920741 -0.000459129 
0.733987 0.410703 -0.136104 -0.240445 0.0876875 -0.000420747 
0.753042 0.410703 -0.137268 -0.260913 0.0829104 -0.000384884 
0.77093 0.410703 -0.138203 -0.280365 0.0780688 -0.000342586 
0.788819 0.410703 -0.138933 -0.29978 0.0728796 -0.000303271 
0.805462 0.410703 -0.139453 -0.318058 0.0677379 -0.000258596 
0.822106 0.410703 -0.139789 -0.336357 0.0622917 -0.000216679 
0.837463 0.410703 -0.139916 -0.353269 0.0569952 -0.000171056 
0.85282 0.410703 -0.139435 -0.369302 0.051446 -0.000127964 
0.866881 0.410703 -0.137859 -0.382725 0.0461584 -8.05766e-05 
0.880943 0.410703 -0.135867 -0.39544 0.0406867 -3.98949e-05 
0.893728 0.410703 -0.136257 -0.412345 0.0355342 2.48477e-06 
0.906513 0.410703 -0.140026 -0.440261 0.0300938 5.6861e-05 
0.918063 0.410703 -0.147821 -0.475613 0.0248024 8.66678e-05 
0.929613 0.410703 -0.152797 -0.509912 0.0191126 0.000162466 
0.939988 0.410703 -0.144988 -0.50828 0.0137916 0.000214557 
0.950362 0.410703 -0.124097 -0.454149 0.00876312 0.000227936 
0.959633 0.410703 -0.0895899 -0.359751 0.00496882 0.000325999 
0.968903 0.410703 -0.0541056 -0.226679 0.00222574 0.000252952 
0.977148 0.410703 -0.0278736 -0.116474 0.0008401 0.000341572 
0.985394 0.410703 -0.00889833 -0.04517 0.000201862 0.000281863 
0.992697 0.410703 -0.00190705 -0.00972568 1.83745e-05 0.000325797 
1 0.410703 0 0 0 0.000296261 

0 0.432902 0 0 0 0.00034095 
0.00730325 0.432902 -0.000608335 0.127217 0.000493688 0.000333036 
0.0146065 0.432902 -0.00269571 0.208724 0.00174985 0.000342671 
0.0228517 0.432902 -0.00770142 0.265034 0.00371548 0.000322832 
0.031097 0.432902 -0.0140686 0.305564 0.00608023 0.000331202 
0.0403673 0.432902 -0.0211414 0.341245 0.00908209 0.000303951 
0.0496377 0.432902 -0.028064 0.373988 0.0124011 0.000295389 
0.0600123 0.432902 -0.0346937 0.40239 0.0164388 0.000261609 
0.0703869 0.432902 -0.0406735 0.42035 0.0207169 0.000233373 
0.0819372 0.432902 -0.0456863 0.428683 0.0256311 0.000193086 
0.0934875 0.432902 -0.0498317 0.426713 0.030582 0.000148046 
0.106272 0.432902 -0.0530483 0.416262 0.0359761 0.00010527 
0.119057 0.432902 -0.0557256 0.40124 0.0412074 5.22585e-05 
0.133119 0.432902 -0.0581921 0.383133 0.0467209 9.55789e-06 
0.14718 0.432902 -0.0605419 0.366268 0.0519885 -4.46122e-05 
0.162537 0.432902 -0.0631178 0.3491 0.0574798 -8.76833e-05 
0.177894 0.432902 -0.0656106 0.333333 0.0627182 -0.000141948 
0.194538 0.432902 -0.068101 0.316529 0.0681265 -0.000185096 
0.211181 0.432902 -0.0703884 0.2996 0.073254 -0.000239438 
0.22907 0.432902 -0.0725834 0.281259 0.0784492 -0.000281071 
0.246958 0.432902 -0.074605 0.262959 0.0833167 -0.000333577 
0.266013 0.432902 -0.076648 0.243497 0.0881417 -0.000372454 
0.285068 0.432902 -0.0785377 0.224224 0.0925976 -0.000421176 
0.305174 0.432902 -0.0804545 0.203828 0.0969006 -0.000456034 
0.32528 0.432902 -0.0822296 0.183518 0.100794 -0.000499344 
0.346282 0.432902 -0.0840559 0.162236 0.104425 -0.000528793 
0.367284 0.432902 -0.0857652 0.141064 0.10761 -0.000565051 
0.388994 0.432902 -0.0875599 0.119065 0.110434 -0.000587893 
0.410703 0.432902 -0.0892554 0.09717 0.112781 -0.000615697 
0.432902 0.432902 -0.0910597 0.0746205 0.114688 -0.000630945 
0.455101 0.432902 -0.0927884 0.0521753 0.116095 -0.000649202 
0.477551 0.432902 -0.0946466 0.0292677 0.11701 -0.000656203 
0.5 0.432902 -0.0964465 0.00646552 0.117411 -0.000664204 
0.522449 0.432902 -0.0983814 -0.0165985 0.117297 -0.000662682 
0.544899 0.432902 -0.100267 -0.0395527 0.116667 -0.000660173 
0.567098 0.432902 -0.102273 -0.0625623 0.115533 -0.000650281 
0.589297 0.432902 -0.104224 -0.0854534 0.11389 -0.000637518 
0.611006 0.432902 -0.106254 -0.108196 0.111788 -0.00061985 
0.632716 0.432902 -0.10821 -0.130806 0.109193 -0.00059762 
0.653718 0.432902 -0.110181 -0.153073 0.106212 -0.000573169 
0.67472 0.432902 -0.112049 -0.175191 0.102765 -0.000542721 
0.694826 0.432902 -0.113855 -0.196793 0.0990253 -0.000512755 
0.714932 0.432902 -0.115519 -0.218221 0.0948533 -0.000475652 
0.733987 0.432902 -0.117037 -0.238969 0.0904975 -0.000441519 
0.753042 0.432902 -0.118374 -0.259517 0.0857482 -0.000399429 
0.77093 0.432902 -0.119513 -0.279279 0.0809294 -0.000362412 
0.788819 0.432902 -0.120452 -0.298829 0.0757588 -0.000316942 
0.805462 0.432902 -0.121138 -0.31748 0.0706302 -0.000278122 
0.822106 0.432902 -0.121586 -0.335932 0.0651928 -0.000230632 
0.837463 0.432902 -0.121768 -0.353432 0.0598993 -0.000191029 
0.85282 0.432902 -0.121583 -0.370372 0.0543412 -0.000143061 
0.866881 0.432902 -0.120671 -0.385094 0.0490273 -0.000102609 
0.880943 0.432902 -0.119245 -0.397751 0.0435205 -5.75693e-05 
0.893728 0.432902 -0.118221 -0.411297 0.0383564 -1.61881e-05 
0.906513 0.432902 -0.119029 -0.431946 0.0329742 3.40732e-05 
0.918063 0.432902 -0.123783 -0.463972 0.0278109 6.51358e-05 
0.929613 0.432902 -0.128897 -0.505638 0.0222215 0.000133385 
0.939988 0.432902 -0.128146 -0.526709 0.0168298 0.000167151 
0.950362 0.432902 -0.117664 -0.507507 0.0114267 0.000201736 
0.959633 0.432902 -0.0921179 -0.436086 0.00700345 0.000278972 
0.968903 0.432902 -0.0612818 -0.30609 0.00351438 0.00021995 
0.977148 0.432902 -0.0325731 -0.18328 0.00151138 0.000314264 
0.985394 0.432902 -0.0103872 -0.0835989 0.000426107 0.000238407 
0.992697 0.432902 -0.00220949 -0.0226848 6.03297e-05 0.000288948 
1 0.432902 0 0 0 0.000255475 

0 0.455101 0 0 0 0.000302039 
0.00730325 0.455101 0.000256488 0.129368 0.00049587 0.000315736 
0.0146065 0.455101 0.000314992 0.216035 0.00178005 0.000308193 
0.0228517 0.455101 -0.00242117 0.278134 0.00382715 0.000303264 
0.031097 0.455101 -0.00634422 0.320789 0.00630648 0.000303503 
0.0403673 0.455101 -0.0113179 0.355955 0.00944274 0.000282316 
0.0496377 0.455101 -0.0160222 0.387577 0.0128889 0.000273314 
0.0600123 0.455101 -0.0206894 0.414192 0.0170539 0.000240571 
0.0703869 0.455101 -0.0247728 0.430361 0.0214414 0.000218009 
0.0819372 0.455101 -0.0284998 0.436523 0.0264546 0.000173846 
0.0934875 0.455101 -0.0315668 0.432993 0.0314836 0.000139764 
0.106272 0.455101 -0.0342992 0.421053 0.0369452 8.86652e-05 
0.119057 0.455101 -0.0366149 0.405508 0.0422316 4.94436e-05 
0.133119 0.455101 -0.0390023 0.386871 0.0477992 -4.83169e-06 
0.14718 0.455101 -0.0412192 0.370086 0.0531181 -4.46392e-05 
0.162537 0.455101 -0.0436468 0.352664 0.0586648 -0.000100895 
0.177894 0.455101 -0.0459332 0.336824 0.0639564 -0.000141145 
0.194538 0.455101 -0.0482006 0.319562 0.0694177 -0.000198045 
0.211181 0.455101 -0.0503089 0.302503 0.0745938 -0.000238897 
0.22907 0.455101 -0.0523304 0.283745 0.0798362 -0.000294313 
0.246958 0.455101 -0.0542594 0.26544 0.0847474 -0.000334354 
0.266013 0.455101 -0.0561304 0.245681 0.089616 -0.000386382 
0.285068 0.455101 -0.0579635 0.226414 0.0941131 -0.000424201 
0.305174 0.455101 -0.0597001 0.205781 0.098457 -0.000470963 
0.32528 0.455101 -0.0614559 0.185504 0.10239 -0.000505263 
0.346282 0.455101 -0.063115 0.164052 0.106059 -0.000544919 
0.367284 0.455101 -0.0648457 0.142937 0.109282 -0.000574272 
0.388994 0.455101 -0.0664891 0.120831 0.112144 -0.000605191 
0.410703 0.455101 -0.0682512 0.0989987 0.11453 -0.000628262 
0.432902 0.455101 -0.0699356 0.0764 0.116476 -0.000649095 
0.455101 0.455101 -0.0717793 0.0540219 0.117922 -0.000664795 
0.477551 0.455101 -0.0735552 0.0311125 0.118877 -0.000674677 
0.5 0.455101 -0.075517 0.00836989 0.11932 -0.000682363 
0.522449 0.455101 -0.0774096 -0.0146576 0.119249 -0.000681048 
0.544899 0.455101 -0.0795002 -0.037569 0.118662 -0.000680662 
0.567098 0.455101 -0.0815037 -0.0605169 0.117573 -0.000668537 
0.589297 0.455101 -0.083698 -0.0833958 0.115976 -0.000660576 
0.611006 0.455101 -0.0857684 -0.106068 0.11392 -0.000638524 
0.632716 0.455101 -0.0880032 -0.128713 0.111371 -0.000623894 
0.653718 0.455101 -0.0900592 -0.15092 0.108435 -0.000593103 
0.67472 0.455101 -0.0922352 -0.173136 0.105033 -0.000572953 
0.694826 0.455101 -0.0941699 -0.194708 0.101335 -0.000534777 
0.714932 0.455101 -0.0961676 -0.216321 0.097203 -0.000510388 
0.733987 0.455101 -0.0978533 -0.237103 0.0928831 -0.00046626 
0.753042 0.455101 -0.0995292 -0.25793 0.0881667 -0.000439007 
0.77093 0.455101 -0.100844 -0.27777 0.0833754 -0.000390407 
0.788819 0.455101 -0.102099 -0.297678 0.0782287 -0.000361638 
0.805462 0.455101 -0.10296 -0.316525 0.0731177 -0.000309954 
0.822106 0.455101 -0.103686 -0.335441 0.0676926 -0.000280884 
0.837463 0.455101 -0.104046 -0.353166 0.0624054 -0.000227431 
0.85282 0.455101 -0.104251 -0.370863 0.0568463 -0.000199019 
0.866881 0.455101 -0.103825 -0.386602 0.0515194 -0.000144349 
0.880943 0.455101 -0.102726 -0.400589 0.0459838 -0.000119355 
0.893728 0.455101 -0.100884 -0.413209 0.0407861 -6.27904e-05 
0.906513 0.455101 -0.0999447 -0.428968 0.0354065 -4.03139e-05 
0.918063 0.455101 -0.102579 -0.45493 0.0303165 8.50324e-06 
0.929613 0.455101 -0.107445 -0.496084 0.0248387 4.84188e-05 
0.939988 0.455101 -0.110956 -0.530773 0.0194927 9.58137e-05 
0.950362 0.455101 -0.107727 -0.541655 0.0139136 0.000128778 
0.959633 0.455101 -0.0903398 -0.498083 0.00904622 0.000212515 
0.968903 0.455101 -0.0649762 -0.384155 0.00490948 0.000157999 
0.977148 0.455101 -0.0359781 -0.256635 0.00227276 0.000274458 
0.985394 0.455101 -0.0122189 -0.128451 0.000688796 0.000178025 
0.992697 0.455101 -0.00272464 -0.0391257 0.000110273 0.000257631 
1 0.455101 0 0 0 0.000198168 

0 0.477551 0 0 0 0.000222346 
0.00730325 0.477551 0.00107915 0.125262 0.000479944 0.000277863 
0.0146065 0.477551 0.00312388 0.215321 0.00174648 0.000231582 
0.0228517 0.477551 0.00275061 0.283662 0.00382096 0.000263076 
0.031097 0.477551 0.00133498 0.329032 0.00636413 0.000231076 
0.0403673 0.477551 -0.00145297 0.364786 0.00958525 0.000240819 
0.0496377 0.477551 -0.00412153 0.395619 0.0131149 0.000204322 
0.0600123 0.477551 -0.00693678 0.421422 0.0173636 0.000199337 
0.0703869 0.477551 -0.00937143 0.436527 0.0218243 0.000152236 
0.0819372 0.477551 -0.0118904 0.44189 0.0269077 0.000133983 
0.0934875 0.477551 -0.0140609 0.437372 0.0319957 7.83514e-05 
0.106272 0.477551 -0.0162824 0.424987 0.0375127 5.1825e-05 
0.119057 0.477551 -0.0182529 0.408963 0.042848 -7.31833e-06 
0.133119 0.477551 -0.0204267 0.390333 0.0484661 -3.77762e-05 
0.14718 0.477551 -0.022407 0.373248 0.0538331 -9.69909e-05 
0.162537 0.477551 -0.0245855 0.35592 0.0594308 -0.000130058 
0.177894 0.477551 -0.0265544 0.339657 0.0647706 -0.000189209 
0.194538 0.477551 -0.0285955 0.322367 0.0702801 -0.000224022 
0.211181 0.477551 -0.0304115 0.304903 0.0755004 -0.000282598 
0.22907 0.477551 -0.0322947 0.286143 0.0807865 -0.000317523 
0.246958 0.477551 -0.0339726 0.267521 0.0857383 -0.000373752 
0.266013 0.477551 -0.0357475 0.247807 0.0906479 -0.000407201 
0.285068 0.477551 -0.0373376 0.228261 0.0951833 -0.000459432 
0.305174 0.477551 -0.0390194 0.207682 0.0995657 -0.0004898 
0.32528 0.477551 -0.0405465 0.187198 0.103535 -0.000536438 
0.346282 0.477551 -0.0421886 0.165815 0.107242 -0.000562125 
0.367284 0.477551 -0.0437082 0.144563 0.110501 -0.000601574 
0.388994 0.477551 -0.0453684 0.122543 0.113401 -0.00062116 
0.410703 0.477551 -0.0469461 0.100644 0.115823 -0.000652043 
0.432902 0.477551 -0.0486892 0.0781447 0.117808 -0.000664351 
0.455101 0.477551 -0.0503897 0.0557707 0.119294 -0.000685587 
0.477551 0.477551 -0.0522747 0.0329677 0.12029 -0.000689798 
0.5 0.477551 -0.0541519 0.0102871 0.120776 -0.000700711 
0.522449 0.477551 -0.0562138 -0.0126405 0.120749 -0.000696423 
0.544899 0.477551 -0.0582913 -0.0354504 0.120209 -0.000696835 
0.567098 0.477551 -0.0605263 -0.0583258 0.119168 -0.000684119 
0.589297 0.477551 -0.0627847 -0.0810884 0.117621 -0.000674421 
0.611006 0.477551 -0.0651424 -0.103739 0.115614 -0.000653836 
0.632716 0.477551 -0.0675145 -0.126279 0.113117 -0.000635007 
0.653718 0.477551 -0.0698979 -0.148536 0.110231 -0.000607529 
0.67472 0.477551 -0.072273 -0.17068 0.106879 -0.000581068 
0.694826 0.477551 -0.0745542 -0.192386 0.103229 -0.000547944 
0.714932 0.477551 -0.0767994 -0.213974 0.0991444 -0.000515703 
0.733987 0.477551 -0.0788398 -0.234988 0.094867 -0.00047824 
0.753042 0.477551 -0.0808108 -0.25586 0.0901905 -0.000442245 
0.77093 0.477551 -0.0824649 -0.276024 0.0854335 -0.0004016 
0.788819 0.477551 -0.0840314 -0.296027 0.0803171 -0.000363869 
0.805462 0.477551 -0.0852132 -0.315283 0.0752301 -0.000320972 
0.822106 0.477551 -0.0862993 -0.33438 0.0698239 -0.00028341 
0.837463 0.477551 -0.0869092 -0.35261 0.0645489 -0.000238784 
0.85282 0.477551 -0.0873976 -0.370642 0.0589955 -0.000203165 
0.866881 0.477551 -0.0872839 -0.387399 0.0536643 -0.000157128 
0.880943 0.477551 -0.0868355 -0.40264 0.048108 -0.000126357 
0.893728 0.477551 -0.0854309 -0.415694 0.0428764 -7.71538e-05 
0.906513 0.477551 -0.0844375 -0.428657 0.0374784 -5.31701e-05 
0.918063 0.477551 -0.0851482 -0.449764 0.0324208 -4.57366e-06 
0.929613 0.477551 -0.0880323 -0.486506 0.0270293 2.5745e-05 
0.939988 0.477551 -0.0916181 -0.527023 0.0217641 6.9732e-05 
0.950362 0.477551 -0.0917336 -0.558235 0.0161258 9.58904e-05 
0.959633 0.477551 -0.0809847 -0.540228 0.0109764 0.000167258 
0.968903 0.477551 -0.0626465 -0.450503 0.00632562 0.000119735 
0.977148 0.477551 -0.0370619 -0.327299 0.0030969 0.000236004 
0.985394 0.477551 -0.0147349 -0.175603 0.00100188 0.000119704 
0.992697 0.477551 -0.00363055 -0.0588306 0.000180098 0.000221709 
1 0.477551 0 0 0 0.000126814 

0 0.5 0 0 0 0.000219697 
0.00730325 0.5 0.00177853 0.118098 0.000445102 0.000283258 
0.0146065 0.5 0.00569725 0.209502 0.00165455 0.000230868 
0.0228517 0.5 0.00772774 0.283465 0.00370041 0.000267804 
0.031097 0.5 0.0089501 0.332369 0.00625305 0.000235869 
0.0403673 0.5 0.00827749 0.369428 0.00950727 0.000242044 
0.0496377 0.5 0.00767132 0.400305 0.0130768 0.000213056 
0.0600123 0.5 0.00661653 0.425534 0.0173663 0.000198936 
0.0703869 0.5 0.0058783 0.440593 0.0218653 0.000164605 
0.0819372 0.5 0.00449015 0.445636 0.02699 0.00013252 
0.0934875 0.5 0.00326029 0.441124 0.0321182 9.4046e-05 
0.106272 0.5 0.00151858 0.42837 0.0376778 4.98648e-05 
0.119057 0.5 -4.7119e-05 0.41247 0.0430547 1.016e-05 
0.133119 0.5 -0.00197778 0.393491 0.0487173 -4.00766e-05 
0.14718 0.5 -0.00368823 0.376456 0.0541271 -7.93865e-05 
0.162537 0.5 -0.00556097 0.358743 0.0597693 -0.000132888 
0.177894 0.5 -0.00724258 0.342472 0.0651508 -0.000172551 
0.194538 0.5 -0.0089749 0.324763 0.0707021 -0.000227636 
0.211181 0.5 -0.0105866 0.307331 0.0759612 -0.000267624 
0.22907 0.5 -0.0122011 0.288207 0.0812864 -0.000321962 
0.246958 0.5 -0.0137549 0.269646 0.0862747 -0.00036118 
0.266013 0.5 -0.015258 0.249643 0.0912209 -0.000412446 
0.285068 0.5 -0.0167664 0.230162 0.0957911 -0.000449839 
0.305174 0.5 -0.0181807 0.209357 0.100208 -0.000495901 
0.32528 0.5 -0.0196688 0.188961 0.104212 -0.000530278 
0.346282 0.5 -0.0210544 0.167425 0.107953 -0.000569138 
0.367284 0.5 -0.022578 0.14627 0.111246 -0.000599165 
0.388994 0.5 -0.0240043 0.124174 0.11418 -0.000629047 
0.410703 0.5 -0.0256347 0.102385 0.116638 -0.000653436 
0.432902 0.5 -0.0271835 0.0798787 0.11866 -0.000672872 
0.455101 0.5 -0.0289921 0.0576185 0.120186 -0.000690536 
0.477551 0.5 -0.0307328 0.0348726 0.121223 -0.000698539 
0.5 0.5 -0.0327779 0.012301 0.121752 -0.000708831 
0.522449 0.5 -0.0347539 -0.0105196 0.121771 -0.000705023 
0.544899 0.5 -0.0370601 -0.0332392 0.12128 -0.000707886 
0.567098 0.5 -0.0392727 -0.0559729 0.120289 -0.00069253 
0.589297 0.5 -0.0418214 -0.0786805 0.118795 -0.000688518 
0.611006 0.5 -0.0442251 -0.101174 0.116843 -0.000662413 
0.632716 0.5 -0.0469483 -0.123716 0.114402 -0.000652582 
0.653718 0.5 -0.0494492 -0.145825 0.111572 -0.000616899 
0.67472 0.5 -0.0522323 -0.16805 0.108276 -0.000602668 
0.694826 0.5 -0.0546981 -0.189639 0.104681 -0.000558793 
0.714932 0.5 -0.0573948 -0.211405 0.10065 -0.000541817 
0.733987 0.5 -0.0596782 -0.232355 0.0964226 -0.000491235 
0.753042 0.5 -0.0621323 -0.253526 0.091794 -0.000473302 
0.77093 0.5 -0.0640727 -0.273704 0.0870789 -0.000417455 
0.788819 0.5 -0.0661242 -0.294112 0.082001 -0.000400407 
0.805462 0.5 -0.0676112 -0.313439 0.0769461 -0.000340612 
0.822106 0.5 -0.0691726 -0.333068 0.0715671 -0.000326158 
0.837463 0.5 -0.0700974 -0.351512 0.0663117 -0.000263319 
0.85282 0.5 -0.071055 -0.370208 0.0607713 -0.000253061 
0.866881 0.5 -0.0713643 -0.387385 0.0554454 -0.000187811 
0.880943 0.5 -0.071576 -0.404002 0.0498821 -0.000183835 
0.893728 0.5 -0.070632 -0.417894 0.0446284 -0.000114937 
0.906513 0.5 -0.0696685 -0.430363 0.0392064 -0.000121005 
0.918063 0.5 -0.0692404 -0.447771 0.0341506 -5.00531e-05 
0.929613 0.5 -0.0710938 -0.479178 0.0288124 -5.72441e-05 
0.939988 0.5 -0.0750408 -0.520163 0.0236333 9.61135e-06 
0.950362 0.5 -0.0777822 -0.565033 0.0180099 4.11634e-06 
0.959633 0.5 -0.0721375 -0.569093 0.0127049 9.45195e-05 
0.968903 0.5 -0.0594901 -0.505858 0.00767592 2.86147e-05 
0.977148 0.5 -0.0376704 -0.392486 0.00394087 0.000168554 
0.985394 0.5 -0.0172585 -0.22529 0.00136177 2.36317e-05 
0.992697 0.5 -0.004589 -0.0840931 0.00027012 0.000172496 
1 0.5 0 0 0 2.36765e-05 

0 0.522449 0 0 0 0.000154054 
0.00730325 0.522449 0.00231123 0.106061 0.000397808 0.000252186 
0.0146065 0.522449 0.0076083 0.196284 0.00151274 0.000166384 
0.0228517 0.522449 0.0119296 0.275136 0.00347564 0.000237546 
0.031097 0.522449 0.0157265 0.328067 0.00598179 0.000173693 
0.0403673 0.522449 0.017373 0.368147 0.00921696 0.000212025 
0.0496377 0.522449 0.0187332 0.399583 0.0127834 0.000154994 
0.0600123 0.522449 0.0194536 0.425314 0.0170724 0.000171086 
0.0703869 0.522449 0.0202425 0.440838 0.0215753 0.000109849 
0.0819372 0.522449 0.0200989 0.446967 0.0267132 0.000107172 
0.0934875 0.522449 0.0197844 0.442813 0.0318624 4.29617e-05 
0.106272 0.522449 0.0186518 0.430751 0.0374513 2.73185e-05 
0.119057 0.522449 0.0175028 0.41481 0.042861 -3.75677e-05 
0.133119 0.522449 0.0158884 0.396129 0.0485614 -5.96555e-05 
0.14718 0.522449 0.01449 0.378676 0.0540076 -0.00012377 
0.162537 0.522449 0.0129236 0.361096 0.059687 -0.000149461 
0.177894 0.522449 0.0116214 0.344389 0.065103 -0.000213023 
0.194538 0.522449 0.0101586 0.32684 0.0706892 -0.000241424 
0.211181 0.522449 0.0089088 0.30905 0.0759812 -0.000303733 
0.22907 0.522449 0.00747771 0.290084 0.0813398 -0.000333343 
0.246958 0.522449 0.0062544 0.271187 0.0863597 -0.000392902 
0.266013 0.522449 0.00488136 0.251332 0.0913379 -0.000421894 
0.285068 0.522449 0.0036974 0.231564 0.0959385 -0.000477267 
0.305174 0.522449 0.00236539 0.210902 0.100386 -0.000503884 
0.32528 0.522449 0.00118691 0.190296 0.10442 -0.00055352 
0.346282 0.522449 -0.000157606 0.168906 0.108192 -0.000576026 
0.367284 0.522449 -0.00139159 0.14762 0.111515 -0.000618371 
0.388994 0.522449 -0.0028169 0.125684 0.114482 -0.000635177 
0.410703 0.522449 -0.00418871 0.103854 0.116974 -0.00066885 
0.432902 0.522449 -0.0057854 0.0815204 0.119031 -0.000678622 
0.455101 0.522449 -0.00738565 0.0593037 0.120594 -0.000702522 
0.477551 0.522449 -0.00923518 0.0367396 0.121672 -0.000704288 
0.5 0.522449 -0.0111417 0.0142849 0.122245 -0.000717732 
0.522449 0.522449 -0.0133007 -0.0083603 0.122312 -0.000710976 
0.544899 0.522449 -0.015556 -0.0309115 0.121871 -0.000713825 
0.567098 0.522449 -0.0180326 -0.0534975 0.120934 -0.000698554 
0.589297 0.522449 -0.0206267 -0.0760113 0.119496 -0.000691301 
0.611006 0.522449 -0.0233721 -0.0984099 0.117603 -0.000668058 
0.632716 0.522449 -0.0262368 -0.120761 0.115223 -0.000651856 
0.653718 0.522449 -0.0291458 -0.142852 0.112455 -0.000621637 
0.67472 0.522449 -0.0321603 -0.164914 0.109223 -0.000598224 
0.694826 0.522449 -0.0350851 -0.186579 0.10569 -0.000562305 
0.714932 0.522449 -0.0380939 -0.208229 0.101721 -0.000533845 
0.733987 0.522449 -0.0408673 -0.229357 0.0975521 -0.000493541 
0.753042 0.522449 -0.0437053 -0.25048 0.0929807 -0.000462425 
0.77093 0.522449 -0.0461571 -0.270954 0.0883171 -0.000418851 
0.788819 0.522449 -0.0486566 -0.291392 0.0832876 -0.000387564 
0.805462 0.522449 -0.0506427 -0.311096 0.0782742 -0.000341479 
0.822106 0.522449 -0.0526979 -0.330826 0.0729326 -0.000312458 
0.837463 0.522449 -0.0541256 -0.349774 0.0677068 -0.00026414 
0.85282 0.522449 -0.0556207 -0.368696 0.0621902 -0.000239825 
0.866881 0.522449 -0.0563635 -0.386528 0.05688 -0.00018902 
0.880943 0.522449 -0.05716 -0.40386 0.0513224 -0.000172243 
0.893728 0.522449 -0.0568849 -0.418896 0.0460602 -0.000117661 
0.906513 0.522449 -0.0567024 -0.431543 0.0406208 -0.000112769 
0.918063 0.522449 -0.0562061 -0.446846 0.0355579 -5.27341e-05 
0.929613 0.522449 -0.0576038 -0.472884 0.0302563 -5.59353e-05 
0.939988 0.522449 -0.0607622 -0.512206 0.0251575 3.11863e-06 
0.950362 0.522449 -0.0639977 -0.564416 0.0195837 -3.40482e-06 
0.959633 0.522449 -0.0612693 -0.585358 0.0142072 7.40082e-05 
0.968903 0.522449 -0.0530495 -0.546577 0.00891265 1.64471e-05 
0.977148 0.522449 -0.0352957 -0.446287 0.00476669 0.000144736 
0.985394 0.522449 -0.0177896 -0.272097 0.00175235 2.60723e-06 
0.992697 0.522449 -0.00492307 -0.111782 0.000379139 0.000156225 
1 0.522449 0 0 0 -8.4197e-06 

0 0.544899 0 0 0 0.000196019 
0.00730325 0.544899 0.0026747 0.0924283 0.000338795 0.000279961 
0.0146065 0.544899 0.00920204 0.17923 0.00133124 0.000206889 
0.0228517 0.544899 0.0158547 0.261079 0.00315948 0.000266584 
0.031097 0.544899 0.0224283 0.318505 0.00556187 0.000216753 
0.0403673 0.544899 0.0264308 0.362478 0.00872267 0.000237115 
0.0496377 0.544899 0.0299096 0.395753 0.012242 0.000200031 
0.0600123 0.544899 0.0323644 0.422134 0.0164893 0.000191988 
0.0703869 0.544899 0.034808 0.439117 0.020962 0.000154829 
0.0819372 0.544899 0.0359145 0.446542 0.0260836 0.00012426 
0.0934875 0.544899 0.0366127 0.443881 0.0312332 8.71415e-05 
0.106272 0.544899 0.0360548 0.432435 0.0368369 4.05839e-05 
0.119057 0.544899 0.0353276 0.417234 0.0422706 4.54303e-06 
0.133119 0.544899 0.0340207 0.398349 0.0480013 -4.9373e-05 
0.14718 0.544899 0.0328648 0.381026 0.0534777 -8.46564e-05 
0.162537 0.544899 0.031638 0.362945 0.0591871 -0.000141478 
0.177894 0.544899 0.0305806 0.346358 0.0646306 -0.000177326 
0.194538 0.544899 0.0294857 0.328427 0.0702445 -0.000235302 
0.211181 0.544899 0.0284124 0.310841 0.0755632 -0.000271715 
0.22907 0.544899 0.0273293 0.291546 0.0809495 -0.000328614 
0.246958 0.544899 0.0262117 0.272805 0.0859959 -0.0003648 
0.266013 0.544899 0.0251968 0.252657 0.0910008 -0.000418099 
0.285068 0.544899 0.024086 0.233039 0.095627 -0.000453266 
0.305174 0.544899 0.0231166 0.212157 0.100101 -0.000500798 
0.32528 0.544899 0.0219776 0.191703 0.10416 -0.000533837 
0.346282 0.544899 0.0209886 0.170176 0.107959 -0.0005736 
0.367284 0.544899 0.0197578 0.149044 0.111309 -0.000603208 
0.388994 0.544899 0.0186629 0.127061 0.114305 -0.000633388 
0.410703 0.544899 0.0172488 0.105398 0.116827 -0.000658236 
0.432902 0.544899 0.0159357 0.0831075 0.118918 -0.000677315 
0.455101 0.544899 0.0142333 0.0610657 0.120518 -0.000696229 
0.477551 0.544899 0.0126032 0.0386262 0.121636 -0.000703133 
0.5 0.544899 0.0105246 0.0163469 0.122252 -0.000715377 
0.522449 0.544899 0.00850732 -0.00610591 0.122367 -0.000709636 
0.544899 0.544899 0.00600092 -0.0284978 0.121978 -0.000715097 
0.567098 0.544899 0.00357806 -0.0508432 0.121097 -0.000696889 
0.589297 0.544899 0.000648968 -0.0732349 0.11972 -0.000696138 
0.611006 0.544899 -0.00213743 -0.0953665 0.11789 -0.000666224 
0.632716 0.544899 -0.00542297 -0.117658 0.115578 -0.000660446 
0.653718 0.544899 -0.00847127 -0.139481 0.112879 -0.000620024 
0.67472 0.544899 -0.0119878 -0.161573 0.109718 -0.000610883 
0.694826 0.544899 -0.0151481 -0.182994 0.106255 -0.000561428 
0.714932 0.544899 -0.0187278 -0.204787 0.102358 -0.000550915 
0.733987 0.544899 -0.0218224 -0.225716 0.0982569 -0.000494026 
0.753042 0.544899 -0.0252791 -0.247112 0.0937532 -0.000484312 
0.77093 0.544899 -0.0281286 -0.267458 0.089152 -0.000421543 
0.788819 0.544899 -0.0312766 -0.288316 0.0841825 -0.000414847 
0.805462 0.544899 -0.0337131 -0.307954 0.0792221 -0.000347539 
0.822106 0.544899 -0.0364165 -0.328208 0.07393 -0.000345968 
0.837463 0.544899 -0.0383503 -0.3472 0.0687459 -0.000275095 
0.85282 0.544899 -0.0404961 -0.366842 0.0632654 -0.000280571 
0.866881 0.544899 -0.0417828 -0.384834 0.0579826 -0.000206437 
0.880943 0.544899 -0.043289 -0.403123 0.0524451 -0.00022098 
0.893728 0.544899 -0.0437861 -0.418778 0.0471913 -0.000143228 
0.906513 0.544899 -0.0443382 -0.432578 0.0417496 -0.000170441 
0.918063 0.544899 -0.0440221 -0.446593 0.0366828 -8.70868e-05 
0.929613 0.544899 -0.0452167 -0.468594 0.031408 -0.000125647 
0.939988 0.544899 -0.0481496 -0.50465 0.0263795 -4.25032e-05 
0.950362 0.544899 -0.0520903 -0.560726 0.0208732 -8.38146e-05 
0.959633 0.544899 -0.051932 -0.594346 0.0154839 1.37019e-05 
0.968903 0.544899 -0.0472874 -0.578248 0.0100145 -6.74122e-05 
0.977148 0.544899 -0.0330898 -0.492746 0.00554194 7.92754e-05 
0.985394 0.544899 -0.018042 -0.317339 0.00214493 -8.43527e-05 
0.992697 0.544899 -0.00517222 -0.14153 0.000493546 9.87878e-05 
1 0.544899 0 0 0 -9.88587e-05 

0 0.567098 0 0 0 0.000143096 
0.00730325 0.567098 0.00278764 0.0764017 0.000277278 0.000252083 
0.0146065 0.567098 0.00976086 0.156697 0.00112717 0.000152547 
0.0228517 0.567098 0.0183463 0.239178 0.00277529 0.000243843 
0.031097 0.567098 0.0273853 0.300678 0.00501706 0.000161886 
0.0403673 0.567098 0.0340742 0.350356 0.00804715 0.00021726 
0.0496377 0.567098 0.0397847 0.386189 0.0114734 0.000149547 
0.0600123 0.567098 0.0441938 0.414658 0.0156375 0.000176335 
0.0703869 0.567098 0.0481827 0.433274 0.0200457 0.000108252 
0.0819372 0.567098 0.0507442 0.443418 0.0251205 0.000113001 
0.0934875 0.567098 0.0525426 0.442475 0.0302482 4.40943e-05 
0.106272 0.567098 0.052782 0.432988 0.0358507 3.24614e-05 
0.119057 0.567098 0.0525541 0.418263 0.0412984 -3.5609e-05 
0.133119 0.567098 0.051578 0.400081 0.0470517 -5.50803e-05 
0.14718 0.567098 0.0506988 0.382299 0.0525521 -0.000122078 
0.162537 0.567098 0.0497076 0.364408 0.0582848 -0.000144796 
0.177894 0.567098 0.0489989 0.347317 0.0637488 -0.000211048 
0.194538 0.567098 0.0481494 0.329711 0.0693833 -0.00023622 
0.211181 0.567098 0.0474778 0.311782 0.074722 -0.000300918 
0.22907 0.567098 0.0465749 0.292807 0.0801297 -0.000327593 
0.246958 0.567098 0.0458452 0.273709 0.0851968 -0.000389366 
0.266013 0.567098 0.0449537 0.253803 0.0902227 -0.000415749 
0.285068 0.567098 0.0442369 0.233884 0.0948691 -0.000473303 
0.305174 0.567098 0.0433558 0.213226 0.099364 -0.000497652 
0.32528 0.567098 0.042609 0.192559 0.103443 -0.000549466 
0.346282 0.567098 0.0416723 0.171251 0.107264 -0.000570039 
0.367284 0.567098 0.0408176 0.150001 0.110637 -0.000614556 
0.388994 0.567098 0.0397369 0.128248 0.113658 -0.000629671 
0.410703 0.567098 0.0386673 0.106578 0.116207 -0.000665456 
0.432902 0.567098 0.0373179 0.0845365 0.118328 -0.000673663 
0.455101 0.567098 0.0359032 0.0625923 0.119962 -0.000699524 
0.477551 0.567098 0.0341665 0.040415 0.121118 -0.000699724 
0.5 0.567098 0.0322944 0.0183258 0.121777 -0.000714903 
0.522449 0.567098 0.0300828 -0.00386551 0.121939 -0.000706483 
0.544899 0.567098 0.027681 -0.0259977 0.121604 -0.000710799 
0.567098 0.567098 0.0249638 -0.0481071 0.120782 -0.000693731 
0.589297 0.567098 0.0220247 -0.0701982 0.119468 -0.000687705 
0.611006 0.567098 0.0188418 -0.092146 0.117706 -0.000662564 
0.632716 0.567098 0.0154283 -0.114124 0.115467 -0.000647444 
0.653718 0.567098 0.0118884 -0.135844 0.112842 -0.000615327 
0.67472 0.567098 0.0081298 -0.157639 0.10976 -0.000593013 
0.694826 0.567098 0.00439631 -0.179057 0.106375 -0.000555338 
0.714932 0.567098 0.00046539 -0.20059 0.102559 -0.000528208 
0.733987 0.567098 -0.00326765 -0.221634 0.0985366 -0.000486453 
0.753042 0.567098 -0.00717413 -0.242823 0.0941117 -0.000457158 
0.77093 0.567098 -0.0107081 -0.263407 0.0895842 -0.000412591 
0.788819 0.567098 -0.014401 -0.284136 0.0846872 -0.000383885 
0.805462 0.567098 -0.0175495 -0.304128 0.0797923 -0.000337347 
0.822106 0.567098 -0.0208667 -0.324302 0.074563 -0.000311974 
0.837463 0.567098 -0.0235175 -0.343748 0.0694338 -0.0002638 
0.85282 0.567098 -0.0263551 -0.363455 0.0640039 -0.000244443 
0.866881 0.567098 -0.0283456 -0.382033 0.0587624 -0.000194126 
0.880943 0.567098 -0.0305651 -0.400493 0.0532604 -0.000183669 
0.893728 0.567098 -0.0318232 -0.41702 0.048032 -0.000130381 
0.906513 0.567098 -0.0332659 -0.431514 0.0426052 -0.000132775 
0.918063 0.567098 -0.033642 -0.445278 0.0375456 -7.34039e-05 
0.929613 0.567098 -0.0353108 -0.463704 0.0322999 -8.98588e-05 
0.939988 0.567098 -0.0380834 -0.496749 0.0273379 -2.82522e-05 
0.950362 0.567098 -0.0421742 -0.553638 0.0219094 -5.20037e-05 
0.959633 0.567098 -0.0432594 -0.596698 0.0165456 2.13865e-05 
0.968903 0.567098 -0.040888 -0.599597 0.0109686 -3.8005e-05 
0.977148 0.567098 -0.0295504 -0.529023 0.0062445 8.19431e-05 
0.985394 0.567098 -0.0169793 -0.356713 0.00252166 -5.63278e-05 
0.992697 0.567098 -0.00493969 -0.169642 0.000609333 0.000106098 
1 0.567098 0 0 0 -7.51496e-05 

0 0.589297 0 0 0 0.000229659 
0.00730325 0.589297 0.00270532 0.0609044 0.000213982 0.000296855 
0.0146065 0.589297 0.00996996 0.132717 0.000911667 0.000234738 
0.0228517 0.589297 0.0203636 0.212463 0.00234118 0.000290841 
0.031097 0.589297 0.0319931 0.277493 0.00436716 0.000242295 
0.0403673 0.589297 0.0415047 0.333042 0.00720458 0.000262045 
0.0496377 0.589297 0.0497785 0.373168 0.0104858 0.00023057 
0.0600123 0.589297 0.0561457 0.404075 0.0145218 0.000214903 
0.0703869 0.589297 0.0618604 0.425511 0.0188298 0.000186617 
0.0819372 0.589297 0.0659536 0.438122 0.0238241 0.000145876 
0.0934875 0.589297 0.0690339 0.44024 0.0289041 0.000118084 
0.106272 0.589297 0.0701155 0.432557 0.0344867 5.88941e-05 
0.119057 0.589297 0.070369 0.419493 0.0399372 3.28834e-05 
0.133119 0.589297 0.069718 0.401384 0.0457061 -3.39678e-05 
0.14718 0.589297 0.0689437 0.383972 0.0512257 -5.96781e-05 
0.162537 0.589297 0.0682374 0.36541 0.0569765 -0.000127353 
0.177894 0.589297 0.0676161 0.348518 0.0624554 -0.000154689 
0.194538 0.589297 0.0671569 0.330458 0.0681042 -0.000221273 
0.211181 0.589297 0.0665789 0.312898 0.0734567 -0.000250395 
0.22907 0.589297 0.0660906 0.29359 0.0788798 -0.000314277 
0.246958 0.589297 0.0654021 0.27477 0.0839621 -0.000344447 
0.266013 0.589297 0.0649459 0.254533 0.0890036 -0.000403257 
0.285068 0.589297 0.0642596 0.234844 0.0936648 -0.000433821 
0.305174 0.589297 0.0638433 0.213949 0.0981749 -0.00048556 
0.32528 0.589297 0.0631205 0.193505 0.10227 -0.000515434 
0.346282 0.589297 0.0626499 0.172061 0.106107 -0.000558303 
0.367284 0.589297 0.0617986 0.151029 0.109498 -0.000586091 
0.388994 0.589297 0.0611592 0.12925 0.112539 -0.000618369 
0.410703 0.589297 0.0600567 0.107814 0.115111 -0.00064257 
0.432902 0.589297 0.0590962 0.0858641 0.11726 -0.000662759 
0.455101 0.589297 0.0575891 0.06417 0.118924 -0.000681983 
0.477551 0.589297 0.0561625 0.0421895 0.120117 -0.000688971 
0.5 0.589297 0.054118 0.0203585 0.120818 -0.000702274 
0.522449 0.589297 0.0521195 -0.00154643 0.121028 -0.000695525 
0.544899 0.589297 0.04945 -0.0234291 0.120748 -0.000702649 
0.567098 0.589297 0.046835 -0.0451861 0.119986 -0.000682291 
0.589297 0.589297 0.043522 -0.0670619 0.11874 -0.00068376 
0.611006 0.589297 0.0403217 -0.0886158 0.117051 -0.000650559 
0.632716 0.589297 0.0364232 -0.110442 0.114891 -0.000647635 
0.653718 0.589297 0.032742 -0.131755 0.112348 -0.000602865 
0.67472 0.589297 0.028392 -0.153491 0.109354 -0.000597401 
0.694826 0.589297 0.0243952 -0.174512 0.106057 -0.000542694 
0.714932 0.589297 0.0197789 -0.196108 0.102333 -0.000536955 
0.733987 0.589297 0.0156686 -0.216791 0.0984002 -0.00047412 
0.753042 0.589297 0.0110071 -0.238186 0.0940671 -0.000470576 
0.77093 0.589297 0.00699504 -0.258459 0.0896267 -0.000401418 
0.788819 0.589297 0.00250119 -0.279547 0.0848167 -0.000402525 
0.805462 0.589297 -0.00121544 -0.299302 0.0800018 -0.000328649 
0.822106 0.589297 -0.00534699 -0.319964 0.0748509 -0.000336682 
0.837463 0.589297 -0.0086376 -0.339228 0.069792 -0.000259356 
0.85282 0.589297 -0.0122911 -0.359607 0.0644292 -0.000276224 
0.866881 0.589297 -0.0149879 -0.378162 0.0592448 -0.000195917 
0.880943 0.589297 -0.0180154 -0.397368 0.0537954 -0.000223355 
0.893728 0.589297 -0.0201136 -0.41402 0.0486101 -0.000140324 
0.906513 0.589297 -0.0224576 -0.429776 0.0432182 -0.000180713 
0.918063 0.589297 -0.0236406 -0.443224 0.0381824 -9.29137e-05 
0.929613 0.589297 -0.0257659 -0.459565 0.032975 -0.0001474 
0.939988 0.589297 -0.0286789 -0.489277 0.0280797 -5.78373e-05 
0.950362 0.589297 -0.0330708 -0.545973 0.0227364 -0.000118538 
0.959633 0.589297 -0.0355523 -0.595622 0.0174254 -2.12806e-05 
0.968903 0.589297 -0.0352139 -0.615724 0.0117917 -0.000108915 
0.977148 0.589297 -0.0264595 -0.559748 0.00687366 2.99413e-05 
0.985394 0.589297 -0.0159398 -0.393221 0.002873 -0.000129098 
0.992697 0.589297 -0.00474808 -0.19731 0.000718967 5.42952e-05 
1 0.589297 0 0 0 -0.000148577 

0 0.611006 0 0 0 0.000174867 
0.00730325 0.611006 0.00248193 0.0456458 0.000158034 0.000266555 
0.0146065 0.611006 0.00929319 0.106298 0.000704654 0.000177219 
0.0228517 0.611006 0.020632 0.180237 0.00189271 0.000267998 
0.031097 0.611006 0.0338746 0.246516 0.00365902 0.000181915 
0.0403673 0.611006 0.0462434 0.308421 0.0062465 0.000246494 
0.0496377 0.611006 0.0572804 0.353326 0.00932896 0.000174714 
0.0600123 0.611006 0.0661656 0.388888 0.0131907 0.000206539 
0.0703869 0.611006 0.0737466 0.413111 0.0173623 0.00013796 
0.0819372 0.611006 0.0796242 0.429647 0.0222418 0.000145355 
0.0934875 0.611006 0.0841434 0.43474 0.027246 7.53392e-05 
0.106272 0.611006 0.0863967 0.43067 0.0327872 6.38536e-05 
0.119057 0.611006 0.0874355 0.419014 0.0382275 -4.9663e-06 
0.133119 0.611006 0.0871681 0.402356 0.044004 -2.60645e-05 
0.14718 0.611006 0.0866511 0.384588 0.0495382 -9.3798e-05 
0.162537 0.611006 0.0860129 0.366312 0.0553033 -0.000117332 
0.177894 0.611006 0.0856442 0.348726 0.0607927 -0.000184501 
0.194538 0.611006 0.0853034 0.331042 0.06645 -0.000209169 
0.211181 0.611006 0.0851415 0.313073 0.0718104 -0.000274917 
0.22907 0.611006 0.0847831 0.294227 0.0772427 -0.000300683 
0.246958 0.611006 0.0845467 0.275022 0.0823346 -0.000363548 
0.266013 0.611006 0.084167 0.255103 0.0873856 -0.000389058 
0.285068 0.611006 0.083945 0.235069 0.0920559 -0.000447815 
0.305174 0.611006 0.0835943 0.214458 0.0965752 -0.000471404 
0.32528 0.611006 0.0833579 0.193786 0.100679 -0.000524574 
0.346282 0.611006 0.082939 0.172623 0.104527 -0.000544586 
0.367284 0.611006 0.0825664 0.151484 0.107931 -0.00059055 
0.388994 0.611006 0.0819496 0.129997 0.110987 -0.000605264 
0.410703 0.611006 0.081293 0.108591 0.113577 -0.000642469 
0.432902 0.611006 0.0803089 0.0869624 0.115748 -0.000650313 
0.455101 0.611006 0.0791859 0.0654313 0.117439 -0.000677407 
0.477551 0.611006 0.0776604 0.0437965 0.118665 -0.000677148 
0.5 0.611006 0.0759065 0.0222442 0.119407 -0.000693205 
0.522449 0.611006 0.0737083 0.00069218 0.119664 -0.000684125 
0.544899 0.611006 0.0712133 -0.0208206 0.119438 -0.000688844 
0.567098 0.611006 0.0682807 -0.042244 0.118738 -0.000670886 
0.589297 0.611006 0.0650107 -0.0636878 0.117562 -0.000664728 
0.611006 0.611006 0.0613664 -0.0849586 0.115949 -0.00063854 
0.632716 0.611006 0.0573749 -0.10632 0.113872 -0.000622767 
0.653718 0.611006 0.0531278 -0.127433 0.111417 -0.000589608 
0.67472 0.611006 0.0485488 -0.1487 0.108518 -0.00056619 
0.694826 0.611006 0.0438729 -0.169628 0.105318 -0.000527731 
0.714932 0.611006 0.038895 -0.190769 0.101695 -0.000499164 
0.733987 0.611006 0.0340102 -0.211492 0.0978624 -0.000457188 
0.753042 0.611006 0.0288622 -0.23247 0.0936326 -0.000426267 
0.77093 0.611006 0.0240025 -0.252917 0.0892915 -0.000382365 
0.788819 0.611006 0.0189043 -0.273634 0.0845822 -0.00035197 
0.805462 0.611006 0.0142862 -0.293709 0.0798612 -0.000307298 
0.822106 0.611006 0.00944598 -0.314053 0.0748038 -0.00028029 
0.837463 0.611006 0.00524627 -0.333736 0.0698303 -0.000235385 
0.85282 0.611006 0.000805278 -0.353891 0.0645507 -0.000214491 
0.866881 0.611006 -0.00280486 -0.373034 0.0594395 -0.000168969 
0.880943 0.611006 -0.00668233 -0.392048 0.0540599 -0.000156955 
0.893728 0.611006 -0.00966891 -0.409332 0.0489353 -0.000110155 
0.906513 0.611006 -0.0129558 -0.425335 0.0435978 -0.000110338 
0.918063 0.611006 -0.0150815 -0.439249 0.0386043 -5.95659e-05 
0.929613 0.611006 -0.0180546 -0.453516 0.0334479 -7.47455e-05 
0.939988 0.611006 -0.0213128 -0.48089 0.0286239 -2.09522e-05 
0.950362 0.611006 -0.026103 -0.535826 0.0233729 -4.61429e-05 
0.959633 0.611006 -0.0293457 -0.590653 0.0181347 1.43074e-05 
0.968903 0.611006 -0.0303523 -0.624893 0.0124836 -3.74738e-05 
0.977148 0.611006 -0.0234346 -0.58294 0.00742238 6.23653e-05 
0.985394 0.611006 -0.0146676 -0.423592 0.00319103 -5.77122e-05 
0.992697 0.611006 -0.00438654 -0.221675 0.000821915 8.89671e-05 
1 0.611006 0 0 0 -7.83202e-05 

0 0.632716 0 0 0 0.000294732 
0.00730325 0.632716 0.00207652 0.0325569 0.000107574 0.000320369 
0.0146065 0.632716 0.00835667 0.0815153 0.000511924 0.000293576 
0.0228517 0.632716 0.0201605 0.146158 0.00144667 0.000322584 
0.031097 0.632716 0.034807 0.211932 0.00291845 0.000293934 
0.0403673 0.632716 0.050012 0.277996 0.0051965 0.000302579 
0.0496377 0.632716 0.06423 0.328985 0.00801692 0.000286279 
0.0600123 0.632716 0.0758069 0.369685 0.0116464 0.000256843 
0.0703869 0.632716 0.0855827 0.39863 0.0156378 0.000247175 
0.0819372 0.632716 0.0933553 0.418463 0.0203623 0.000188753 
0.0934875 0.632716 0.0995434 0.428027 0.0252573 0.000178243 
0.106272 0.632716 0.103233 0.427111 0.0307286 9.98003e-05 
0.119057 0.632716 0.105129 0.418638 0.0361408 8.98233e-05 
0.133119 0.632716 0.105376 0.402772 0.0419152 2.62847e-06 
0.14718 0.632716 0.104856 0.385948 0.0474604 -7.81747e-06 
0.162537 0.632716 0.104414 0.366863 0.0532377 -9.32098e-05 
0.177894 0.632716 0.103875 0.349507 0.0587355 -0.000107028 
0.194538 0.632716 0.103888 0.331102 0.0643975 -0.000187463 
0.211181 0.632716 0.103665 0.31358 0.0697607 -0.000205356 
0.22907 0.632716 0.103796 0.294327 0.0751966 -0.000280168 
0.246958 0.632716 0.103515 0.275535 0.0802926 -0.000301291 
0.266013 0.632716 0.103657 0.255219 0.0853477 -0.000368815 
0.285068 0.632716 0.103396 0.235478 0.0900215 -0.000392411 
0.305174 0.632716 0.103621 0.214571 0.094544 -0.000450956 
0.32528 0.632716 0.103383 0.194179 0.0986516 -0.000475929 
0.346282 0.632716 0.103561 0.172865 0.102504 -0.000524066 
0.367284 0.632716 0.103194 0.152006 0.105914 -0.00054878 
0.388994 0.632716 0.103148 0.130509 0.108979 -0.000584997 
0.410703 0.632716 0.102471 0.109401 0.111582 -0.000607606 
0.432902 0.632716 0.101997 0.087912 0.11377 -0.000630452 
0.455101 0.632716 0.100798 0.0667116 0.115485 -0.000649199 
0.477551 0.632716 0.0996902 0.0453511 0.116742 -0.000657534 
0.5 0.632716 0.0977712 0.0241511 0.117521 -0.00067114 
0.522449 0.632716 0.0958751 0.00298568 0.117825 -0.000664358 
0.544899 0.632716 0.0931029 -0.0181732 0.117654 -0.000672332 
0.567098 0.632716 0.0903414 -0.039123 0.117018 -0.000650509 
0.589297 0.632716 0.0866647 -0.0602383 0.115915 -0.000653277 
0.611006 0.632716 0.0830515 -0.0809782 0.114383 -0.00061718 
0.632716 0.632716 0.0785181 -0.102072 0.112396 -0.000616054 
0.653718 0.632716 0.0741596 -0.122624 0.110037 -0.000567033 
0.67472 0.632716 0.0689039 -0.143716 0.107242 -0.000564049 
0.694826 0.632716 0.0639739 -0.164074 0.104149 -0.000503896 
0.714932 0.632716 0.0581981 -0.185169 0.100639 -0.000501596 
0.733987 0.632716 0.0529266 -0.205341 0.0969201 -0.000432339 
0.753042 0.632716 0.0468867 -0.226427 0.0928084 -0.000433496 
0.77093 0.632716 0.0415188 -0.24635 0.0885817 -0.000357221 
0.788819 0.632716 0.0354648 -0.267335 0.0839896 -0.000364548 
0.805462 0.632716 0.0302266 -0.286942 0.0793794 -0.000283212 
0.822106 0.632716 0.0244031 -0.307729 0.0744336 -0.000299127 
0.837463 0.632716 0.0195005 -0.326985 0.0695631 -0.000214311 
0.85282 0.632716 0.0140885 -0.347742 0.0643859 -0.000240693 
0.866881 0.632716 0.0096846 -0.366599 0.0593664 -0.000153307 
0.880943 0.632716 0.00485726 -0.386316 0.0540764 -0.0001915 
0.893728 0.632716 0.000991477 -0.403301 0.0490314 -0.000102218 
0.906513 0.632716 -0.00327579 -0.420298 0.0437697 -0.000153523 
0.918063 0.632716 -0.00642805 -0.43398 0.0388394 -6.14166e-05 
0.929613 0.632716 -0.0102218 -0.447585 0.033752 -0.000126973 
0.939988 0.632716 -0.0140354 -0.472292 0.0290089 -3.29262e-05 
0.950362 0.632716 -0.0192559 -0.525749 0.0238607 -0.000106496 
0.959633 0.632716 -0.0235191 -0.583878 0.018713 -9.37883e-06 
0.968903 0.632716 -0.0258139 -0.631412 0.0130758 -0.000102253 
0.977148 0.632716 -0.0207398 -0.602556 0.00790874 2.86201e-05 
0.985394 0.632716 -0.0134807 -0.45182 0.00348211 -0.000123802 
0.992697 0.632716 -0.00413134 -0.24519 0.000916549 5.25635e-05 
1 0.632716 0 0 0 -0.000144061 

0 0.653718 0 0 0 0.000215942 
0.00730325 0.653718 0.00183093 0.0209988 6.75447e-05 0.000285608 
0.0146065 0.653718 0.00725607 0.0574932 0.000345444 0.000213294 
0.0228517 0.653718 0.0184037 0.111838 0.00103987 0.000291882 
0.031097 0.653718 0.0327507 0.173042 0.00221091 0.00021018 
0.0403673 0.653718 0.0498379 0.241002 0.00414177 0.000283309 
0.0496377 0.653718 0.0667369 0.296559 0.00664535 0.00020607 
0.0600123 0.653718 0.0816226 0.344714 0.00998693 0.000249565 
0.0703869 0.653718 0.0942225 0.378358 0.0137526 0.000179765 
0.0819372 0.653718 0.10442 0.403557 0.0182818 0.000193826 
0.0934875 0.653718 0.112598 0.416868 0.023033 0.000123309 
0.106272 0.653718 0.118048 0.421246 0.0284029 0.000115244 
0.119057 0.653718 0.121419 0.415638 0.0337645 4.53428e-05 
0.133119 0.653718 0.122417 0.402751 0.0395235 2.35975e-05 
0.14718 0.653718 0.122428 0.386122 0.0450745 -4.44635e-05 
0.162537 0.653718 0.121909 0.36768 0.0508625 -6.98213e-05 
0.177894 0.653718 0.121543 0.349393 0.0563681 -0.00013718 
0.194538 0.653718 0.121416 0.331285 0.0620327 -0.000162394 
0.211181 0.653718 0.12158 0.313106 0.067395 -0.000228556 
0.22907 0.653718 0.121722 0.294377 0.0728292 -0.000254114 
0.246958 0.653718 0.12199 0.275142 0.0779237 -0.000317532 
0.266013 0.653718 0.122144 0.255221 0.0829773 -0.000342997 
0.285068 0.653718 0.122448 0.235063 0.0876489 -0.000402421 
0.305174 0.653718 0.122687 0.214466 0.0921684 -0.000426268 
0.32528 0.653718 0.123047 0.193801 0.096273 -0.000480332 
0.346282 0.653718 0.123268 0.172809 0.100123 -0.000500901 
0.367284 0.653718 0.123508 0.151849 0.103533 -0.000547916 
0.388994 0.653718 0.123496 0.130699 0.1066 -0.000563419 
0.410703 0.653718 0.123388 0.109659 0.10921 -0.000601645 
0.432902 0.653718 0.122906 0.0885605 0.11141 -0.000610316 
0.455101 0.653718 0.122203 0.067592 0.113143 -0.00063817 
0.477551 0.653718 0.12101 0.0466625 0.114426 -0.000638557 
0.5 0.653718 0.119483 0.0258375 0.11524 -0.000654876 
0.522449 0.653718 0.11739 0.00512179 0.115587 -0.0006461 
0.544899 0.653718 0.114877 -0.0155472 0.11547 -0.000650395 
0.567098 0.653718 0.111783 -0.0360585 0.114897 -0.000632341 
0.589297 0.653718 0.108221 -0.0565996 0.113869 -0.00062496 
0.611006 0.653718 0.104131 -0.0769502 0.112419 -0.000598339 
0.632716 0.653718 0.0995626 -0.0974155 0.110526 -0.000580497 
0.653718 0.653718 0.0945771 -0.117658 0.108267 -0.000546765 
0.67472 0.653718 0.0891323 -0.138087 0.105581 -0.000520437 
0.694826 0.653718 0.0834327 -0.158251 0.102602 -0.000481579 
0.714932 0.653718 0.0773212 -0.178675 0.099215 -0.000449329 
0.733987 0.653718 0.0711582 -0.1988 0.0956186 -0.000407512 
0.753042 0.653718 0.0646371 -0.219221 0.0916357 -0.00037221 
0.77093 0.653718 0.0582731 -0.239248 0.0875351 -0.000329466 
0.788819 0.653718 0.0515962 -0.25958 0.0830734 -0.000294079 
0.805462 0.653718 0.0452914 -0.279461 0.0785877 -0.000252005 
0.822106 0.653718 0.0387172 -0.299643 0.0737685 -0.000219471 
0.837463 0.653718 0.0327304 -0.31932 0.0690161 -0.000178882 
0.85282 0.653718 0.0264752 -0.339506 0.0639574 -0.000151969 
0.866881 0.653718 0.0209919 -0.35895 0.059046 -0.000112748 
0.880943 0.653718 0.0152266 -0.378135 0.0538627 -9.4111e-05 
0.893728 0.653718 0.0103298 -0.39568 0.0489144 -5.56301e-05 
0.906513 0.653718 0.0050488 -0.412274 0.0437477 -4.82607e-05 
0.918063 0.653718 0.000829352 -0.426599 0.0389001 -8.67656e-06 
0.929613 0.653718 -0.0039946 -0.438897 0.0338986 -1.57727e-05 
0.939988 0.653718 -0.00843841 -0.462258 0.0292466 2.6235e-05 
0.950362 0.653718 -0.0143125 -0.513055 0.0242098 7.37682e-06 
0.959633 0.653718 -0.0192441 -0.574298 0.0191663 5.24758e-05 
0.968903 0.653718 -0.0225854 -0.632688 0.0135682 1.16299e-05 
0.977148 0.653718 -0.0187121 -0.61668 0.0083297 8.99971e-05 
0.985394 0.653718 -0.0126443 -0.474723 0.00374246 -1.13268e-05 
0.992697 0.653718 -0.00386092 -0.265512 0.00100424 0.000115604 
1 0.653718 0 0 0 -3.26493e-05 

0 0.67472 0 0 0 0.000357565 
0.00730325 0.67472 0.00129676 0.0118827 3.42219e-05 0.00033802 
0.0146065 0.67472 0.00572121 0.0378299 0.000205722 0.000356071 
0.0228517 0.67472 0.0155475 0.0802029 0.00068154 0.000343853 
0.031097 0.67472 0.0292172 0.135158 0.00155797 0.000351655 
0.0403673 0.67472 0.047649 0.20005 0.00311201 0.000339259 
0.0496377 0.67472 0.0672338 0.259633 0.00524207 0.00034534 
0.0600123 0.67472 0.0857227 0.313985 0.00822364 0.000304626 
0.0703869 0.67472 0.101734 0.354867 0.0116994 0.000318084 
0.0819372 0.67472 0.114722 0.384981 0.0159771 0.00024172 
0.0934875 0.67472 0.125125 0.404162 0.0205405 0.000255411 
0.106272 0.67472 0.132789 0.412658 0.0257673 0.000155846 
0.119057 0.67472 0.137766 0.412121 0.0310461 0.000167058 
0.133119 0.67472 0.140069 0.401485 0.0367679 5.6151e-05 
0.14718 0.67472 0.140364 0.387158 0.0423156 6.55915e-05 
0.162537 0.67472 0.140127 0.368166 0.0481128 -4.27e-05 
0.177894 0.67472 0.13931 0.350282 0.0536277 -3.82265e-05 
0.194538 0.67472 0.139446 0.331037 0.059295 -0.000136932 
0.211181 0.67472 0.139271 0.313212 0.0646543 -0.000139621 
0.22907 0.67472 0.139964 0.293842 0.0700824 -0.000228435 
0.246958 0.67472 0.140079 0.275105 0.07517 -0.000237653 
0.266013 0.67472 0.140895 0.254712 0.0802162 -0.000316352 
0.285068 0.67472 0.141094 0.234904 0.0848797 -0.000330946 
0.305174 0.67472 0.142041 0.213926 0.0893897 -0.000398456 
0.32528 0.67472 0.142366 0.19356 0.0934843 -0.000417129 
0.346282 0.67472 0.143338 0.172382 0.097325 -0.000472426 
0.367284 0.67472 0.143594 0.151746 0.100727 -0.000493196 
0.388994 0.67472 0.14431 0.130604 0.10379 -0.000535048 
0.410703 0.67472 0.144207 0.109924 0.106399 -0.000555504 
0.432902 0.67472 0.144376 0.0890156 0.108605 -0.000582493 
0.455101 0.67472 0.14362 0.068455 0.110352 -0.000600325 
0.477551 0.67472 0.142968 0.0478823 0.111656 -0.000611223 
0.5 0.67472 0.141289 0.0275057 0.112501 -0.000624698 
0.522449 0.67472 0.139602 0.00728409 0.112891 -0.000618785 
0.544899 0.67472 0.136808 -0.0129199 0.112827 -0.000627116 
0.567098 0.67472 0.133974 -0.0328328 0.112319 -0.000604371 
0.589297 0.67472 0.129982 -0.0529271 0.111367 -0.000607872 
0.611006 0.67472 0.126 -0.0726053 0.110004 -0.000569011 
0.632716 0.67472 0.120841 -0.0926771 0.108211 -0.000569065 
0.653718 0.67472 0.115806 -0.112192 0.10606 -0.000515459 
0.67472 0.67472 0.109604 -0.132317 0.103493 -0.000514333 
0.694826 0.67472 0.103704 -0.151729 0.100639 -0.000447847 
0.714932 0.67472 0.0966892 -0.171988 0.0973862 -0.00044845 
0.733987 0.67472 0.090186 -0.191349 0.0939259 -0.00037124 
0.753042 0.67472 0.082635 -0.211764 0.0900872 -0.000376759 
0.77093 0.67472 0.0757933 -0.231023 0.0861288 -0.000291122 
0.788819 0.67472 0.0679969 -0.251534 0.0818152 -0.000304701 
0.805462 0.67472 0.0610949 -0.270669 0.077472 -0.000212841 
0.822106 0.67472 0.0533627 -0.291257 0.0727989 -0.000237244 
0.837463 0.67472 0.0466843 -0.310226 0.0681837 -0.000140981 
0.85282 0.67472 0.0392906 -0.330992 0.0632641 -0.00017824 
0.866881 0.67472 0.0330118 -0.349792 0.0584806 -7.89324e-05 
0.880943 0.67472 0.0261318 -0.369711 0.0534257 -0.000130164 
0.893728 0.67472 0.0203377 -0.386551 0.0485944 -2.89124e-05 
0.906513 0.67472 0.0139554 -0.403922 0.0435451 -9.4656e-05 
0.918063 0.67472 0.00863844 -0.417666 0.0388026 8.1255e-06 
0.929613 0.67472 0.00276834 -0.430255 0.0339087 -7.24407e-05 
0.939988 0.67472 -0.00250703 -0.451501 0.029363 3.23416e-05 
0.950362 0.67472 -0.00903881 -0.500695 0.0244523 -5.78983e-05 
0.959633 0.67472 -0.0149496 -0.563453 0.0195292 4.73505e-05 
0.968903 0.67472 -0.0193115 -0.63285 0.0139938 -5.82043e-05 
0.977148 0.67472 -0.0168631 -0.628666 0.00870956 7.50758e-05 
0.985394 0.67472 -0.0118578 -0.496926 0.00398557 -8.23312e-05 
0.992697 0.67472 -0.00374079 -0.285602 0.00108604 9.78229e-05 
1 0.67472 0 0 0 -0.00010308 

0 0.694826 0 0 0 0.000245269 
0.00730325 0.694826 0.00112456 0.0048287 1.07022e-05 0.000302507 
0.0146065 0.694826 0.00454538 0.0210547 9.87586e-05 0.00024145 
0.0228517 0.694826 0.0126755 0.053439 0.00039794 0.000307303 
0.031097 0.694826 0.0243985 0.0983364 0.00101595 0.000232212 
0.0403673 0.694826 0.042373 0.157504 0.00220365 0.00031107 
0.0496377 0.694826 0.0625693 0.216262 0.00393834 0.000225633 
0.0600123 0.694826 0.0839387 0.276655 0.00651002 0.000292488 
0.0703869 0.694826 0.103575 0.323315 0.00963711 0.000212746 
0.0819372 0.694826 0.1202 0.361505 0.0136087 0.000247207 
0.0934875 0.694826 0.133805 0.385568 0.0179393 0.000172422 
0.106272 0.694826 0.144023 0.400726 0.0229805 0.000177649 
0.119057 0.694826 0.151462 0.404226 0.0281403 0.000104018 
0.133119 0.694826 0.155361 0.398837 0.0337965 8.893e-05 
0.14718 0.694826 0.157128 0.386186 0.0393251 1.8611e-05 
0.162537 0.694826 0.157046 0.36903 0.0451265 -5.63723e-06 
0.177894 0.694826 0.156604 0.350291 0.0506516 -7.35925e-05 
0.194538 0.694826 0.156276 0.331321 0.0563237 -9.87334e-05 
0.211181 0.694826 0.156413 0.3124 0.0616801 -0.000165216 
0.22907 0.694826 0.156859 0.293433 0.0670995 -0.000190159 
0.246958 0.694826 0.157611 0.274052 0.0721756 -0.000254053 
0.266013 0.694826 0.158366 0.25411 0.0772086 -0.00027937 
0.285068 0.694826 0.159302 0.233816 0.081858 -0.000339379 
0.305174 0.694826 0.160218 0.213164 0.0863521 -0.000363997 
0.32528 0.694826 0.161287 0.192455 0.0904302 -0.000418868 
0.346282 0.694826 0.16228 0.171611 0.0942539 -0.000440922 
0.367284 0.694826 0.163294 0.150861 0.0976406 -0.000488937 
0.388994 0.694826 0.164062 0.130116 0.100691 -0.000506367 
0.410703 0.694826 0.164678 0.109543 0.103293 -0.000545535 
0.432902 0.694826 0.164865 0.0890973 0.105498 -0.00055623 
0.455101 0.694826 0.164734 0.0688399 0.107251 -0.000584663 
0.477551 0.694826 0.164017 0.0487866 0.108572 -0.000586811 
0.5 0.694826 0.162838 0.0288817 0.109444 -0.000603062 
0.522449 0.694826 0.160967 0.00921023 0.109871 -0.000595517 
0.544899 0.694826 0.15853 -0.0103871 0.109858 -0.000598879 
0.567098 0.694826 0.155364 -0.0297547 0.109412 -0.000581401 
0.589297 0.694826 0.151576 -0.0491387 0.108536 -0.000572075 
0.611006 0.694826 0.147093 -0.0683118 0.107261 -0.000545411 
0.632716 0.694826 0.141974 -0.0875903 0.105568 -0.000524533 
0.653718 0.694826 0.136262 -0.106679 0.103528 -0.00049034 
0.67472 0.694826 0.129946 -0.125954 0.101085 -0.000459878 
0.694826 0.694826 0.123209 -0.145068 0.0983597 -0.00042046 
0.714932 0.694826 0.11593 -0.164437 0.0952477 -0.000382987 
0.733987 0.694826 0.10843 -0.183648 0.091931 -0.000340951 
0.753042 0.694826 0.100452 -0.203132 0.0882453 -0.000299362 
0.77093 0.694826 0.0924756 -0.222418 0.0844387 -0.000257289 
0.788819 0.694826 0.0840978 -0.24198 0.0802845 -0.000214648 
0.805462 0.694826 0.0759732 -0.261351 0.0760956 -0.000174644 
0.822106 0.694826 0.0675182 -0.281006 0.0715817 -0.000133976 
0.837463 0.694826 0.0595826 -0.300426 0.067117 -9.72293e-05 
0.85282 0.694826 0.0513479 -0.32024 0.0623508 -6.13801e-05 
0.866881 0.694826 0.0438179 -0.339639 0.05771 -2.81097e-05 
0.880943 0.694826 0.035963 -0.358603 0.0527993 2.59047e-07 
0.893728 0.694826 0.0289596 -0.376042 0.0481008 3.05748e-05 
0.906513 0.694826 0.0214935 -0.392327 0.0431864 4.84749e-05 
0.918063 0.694826 0.0149782 -0.406755 0.0385673 7.69149e-05 
0.929613 0.694826 0.00795851 -0.418253 0.0337982 8.07891e-05 
0.939988 0.694826 0.00187906 -0.439101 0.0293711 0.000110621 
0.950362 0.694826 -0.00548296 -0.485272 0.0245962 0.000100927 
0.959633 0.694826 -0.0120633 -0.55027 0.0198046 0.000131715 
0.968903 0.694826 -0.0174305 -0.628345 0.0143498 0.000101476 
0.977148 0.694826 -0.0158328 -0.63644 0.00904457 0.000161481 
0.985394 0.694826 -0.0116667 -0.514679 0.00420809 7.34639e-05 
0.992697 0.694826 -0.00363348 -0.303309 0.00116403 0.000186485 
1 0.694826 0 0 0 4.9759e-05 

0 0.714932 0 0 0 0.00041259 
0.00730325 0.714932 0.000522889 -0.000202552 -6.77096e-06 0.000343713 
0.0146065 0.714932 0.00284624 0.00982931 2.1212e-05 0.000414086 
0.0228517 0.714932 0.00884747 0.0317007 0.000181413 0.000349858 
0.031097 0.714932 0.0185492 0.0673912 0.000578483 0.000410431 
0.0403673 0.714932 0.0351703 0.116217 0.0014208 0.000356763 
0.0496377 0.714932 0.0553096 0.172815 0.00275079 0.000402343 
0.0600123 0.714932 0.0792062 0.233936 0.0048622 0.000343007 
0.0703869 0.714932 0.102503 0.287516 0.00756776 0.000385147 
0.0819372 0.714932 0.123483 0.332305 0.0111525 0.00029432 
0.0934875 0.714932 0.14064 0.364596 0.0151833 0.000337799 
0.106272 0.714932 0.15417 0.384878 0.0199791 0.000217184 
0.119057 0.714932 0.163972 0.395105 0.0249715 0.000256345 
0.133119 0.714932 0.170482 0.393549 0.0305198 0.00012132 
0.14718 0.714932 0.173484 0.385465 0.0360021 0.000155133 
0.162537 0.714932 0.174542 0.369024 0.0417946 2.08913e-05 
0.177894 0.714932 0.173732 0.351597 0.0473288 4.81089e-05 
0.194538 0.714932 0.173679 0.331285 0.0530088 -7.30649e-05 
0.211181 0.714932 0.173078 0.312547 0.0583648 -5.61411e-05 
0.22907 0.714932 0.174066 0.292471 0.0637742 -0.000161857 
0.246958 0.714932 0.174443 0.273475 0.0688346 -0.000156013 
0.266013 0.714932 0.176047 0.252912 0.0738479 -0.00024785 
0.285068 0.714932 0.176841 0.233013 0.0784761 -0.000251575 
0.305174 0.714932 0.178677 0.211915 0.0829465 -0.00032991 
0.32528 0.714932 0.179699 0.191506 0.087 -0.000341221 
0.346282 0.714932 0.181624 0.170431 0.0907982 -0.000405495 
0.367284 0.714932 0.182667 0.150014 0.094161 -0.000421782 
0.388994 0.714932 0.18434 0.129297 0.0971905 -0.000470968 
0.410703 0.714932 0.184998 0.109133 0.0997766 -0.000489039 
0.432902 0.714932 0.185996 0.0889443 0.101973 -0.000521702 
0.455101 0.714932 0.185847 0.069169 0.103726 -0.000538474 
0.477551 0.714932 0.185806 0.0495646 0.105058 -0.000553212 
0.5 0.714932 0.184499 0.0301992 0.105952 -0.000566378 
0.522449 0.714932 0.183151 0.0111305 0.106415 -0.000562276 
0.544899 0.714932 0.18044 -0.00789797 0.10645 -0.00057072 
0.567098 0.714932 0.177636 -0.0265431 0.106067 -0.000547593 
0.589297 0.714932 0.173398 -0.0453621 0.105269 -0.000551545 
0.611006 0.714932 0.169113 -0.0637194 0.104085 -0.000509985 
0.632716 0.714932 0.163355 -0.0824755 0.102498 -0.000510961 
0.653718 0.714932 0.157691 -0.100682 0.100575 -0.000452246 
0.67472 0.714932 0.150553 -0.119532 0.0982636 -0.00045286 
0.694826 0.714932 0.143723 -0.137713 0.0956784 -0.000378776 
0.714932 0.714932 0.13544 -0.156794 0.0927191 -0.000382427 
0.733987 0.714932 0.127699 -0.175012 0.0895591 -0.000295114 
0.753042 0.714932 0.118546 -0.194374 0.0860417 -0.000305615 
0.77093 0.714932 0.110192 -0.21263 0.0824031 -0.000207367 
0.788819 0.714932 0.100523 -0.232302 0.0784261 -0.000228592 
0.805462 0.714932 0.0919064 -0.250623 0.0744097 -0.000121611 
0.822106 0.714932 0.0821037 -0.270665 0.0700749 -0.000157013 
0.837463 0.714932 0.073574 -0.289047 0.0657802 -4.31763e-05 
0.85282 0.714932 0.0639999 -0.309474 0.0611885 -9.5319e-05 
0.866881 0.714932 0.0557546 -0.327782 0.0567111 2.37119e-05 
0.880943 0.714932 0.0465744 -0.347543 0.051967 -4.64524e-05 
0.893728 0.714932 0.0386992 -0.363793 0.0474229 7.6175e-05 
0.906513 0.714932 0.0299328 -0.380801 0.0426671 -1.21715e-05 
0.918063 0.714932 0.022312 -0.394075 0.0381948 0.000112387 
0.929613 0.714932 0.0140366 -0.406618 0.0335743 6.41177e-06 
0.939988 0.714932 0.00697776 -0.425644 0.029284 0.000134399 
0.950362 0.714932 -0.00126121 -0.47062 0.0246622 1.56073e-05 
0.959633 0.714932 -0.00888479 -0.535946 0.0200188 0.000143913 
0.968903 0.714932 -0.0152502 -0.623787 0.0146657 1.08755e-05 
0.977148 0.714932 -0.0149103 -0.642956 0.00935963 0.000164038 
0.985394 0.714932 -0.0114985 -0.533344 0.00442609 -1.83477e-05 
0.992697 0.714932 -0.00374766 -0.321723 0.00124002 0.000187253 
1 0.714932 0 0 0 -4.12738e-05 

0 0.733987 0 0 0 0.000258854 
0.00730325 0.733987 0.000531503 -0.00314381 -1.60914e-05 0.000316632 
0.0146065 0.733987 0.00208862 0.000801873 -2.85497e-05 0.000254518 
0.0228517 0.733987 0.00669962 0.0159106 3.43818e-05 0.000319045 
0.031097 0.733987 0.0141563 0.0406811 0.000261907 0.000243757 
0.0403673 0.733987 0.0281061 0.0805969 0.000818489 0.000324869 
0.0496377 0.733987 0.0458692 0.129012 0.00178475 0.000232067 
0.0600123 0.733987 0.0696642 0.188734 0.0034394 0.000323433 
0.0703869 0.733987 0.0947664 0.243677 0.00568914 0.000224813 
0.0819372 0.733987 0.119441 0.296923 0.00882902 0.00029623 
0.0934875 0.733987 0.141238 0.335407 0.0124984 0.000206767 
0.106272 0.733987 0.158639 0.364611 0.0169916 0.000241164 
0.119057 0.733987 0.172364 0.379782 0.0217677 0.00015931 
0.133119 0.733987 0.181457 0.38546 0.0271624 0.000162885 
0.14718 0.733987 0.187396 0.38078 0.0325632 8.6896e-05 
0.162537 0.733987 0.189562 0.368558 0.0383245 7.15756e-05 
0.177894 0.733987 0.190155 0.351441 0.0438596 1.47537e-06 
0.194538 0.733987 0.189649 0.332037 0.0495485 -2.08927e-05 
0.211181 0.733987 0.189471 0.31189 0.0549077 -8.76536e-05 
0.22907 0.733987 0.189795 0.291955 0.0603088 -0.000111318 
0.246958 0.733987 0.190805 0.271869 0.0653517 -0.000175456 
0.266013 0.733987 0.192169 0.25165 0.0703405 -0.000200351 
0.285068 0.733987 0.193907 0.23113 0.074941 -0.000260929 
0.305174 0.733987 0.195711 0.210383 0.0793804 -0.000286727 
0.32528 0.733987 0.197708 0.189586 0.083402 -0.000342463 
0.346282 0.733987 0.199659 0.168857 0.0871668 -0.000367106 
0.367284 0.733987 0.201636 0.148307 0.090498 -0.000416192 
0.388994 0.733987 0.203377 0.128026 0.0934983 -0.000436974 
0.410703 0.733987 0.20491 0.108004 0.0960607 -0.000477118 
0.432902 0.733987 0.205963 0.0883506 0.0982408 -0.000491299 
0.455101 0.733987 0.206579 0.0689509 0.099987 -0.000520235 
0.477551 0.733987 0.206509 0.0499578 0.101322 -0.000525464 
0.5 0.733987 0.205819 0.0311564 0.102233 -0.00054143 
0.522449 0.733987 0.204306 0.0127411 0.102726 -0.000536175 
0.544899 0.733987 0.202047 -0.00557261 0.102806 -0.000538245 
0.567098 0.733987 0.19891 -0.0235605 0.102482 -0.00052208 
0.589297 0.733987 0.194962 -0.0415438 0.101759 -0.000510329 
0.611006 0.733987 0.190163 -0.0592834 0.100664 -0.000484009 
0.632716 0.733987 0.184548 -0.0771086 0.0991832 -0.000459505 
0.653718 0.733987 0.178188 -0.0947826 0.0973776 -0.000424856 
0.67472 0.733987 0.171052 -0.112621 0.0951987 -0.000389503 
0.694826 0.733987 0.163326 -0.130388 0.0927552 -0.000349151 
0.714932 0.733987 0.154886 -0.148364 0.0899519 -0.000305455 
0.733987 0.733987 0.146045 -0.166321 0.0869529 -0.00026253 
0.753042 0.733987 0.136581 -0.184494 0.0836094 -0.000213397 
0.77093 0.733987 0.126964 -0.202708 0.0801454 -0.000171082 
0.788819 0.733987 0.116838 -0.221135 0.0763533 -0.00011961 
0.805462 0.733987 0.106839 -0.239668 0.0725179 -8.06077e-05 
0.822106 0.733987 0.0964307 -0.25842 0.0683718 -2.98551e-05 
0.837463 0.733987 0.0864493 -0.277299 0.0642574 4.09488e-06 
0.85282 0.733987 0.0761171 -0.296342 0.0598515 5.12201e-05 
0.866881 0.733987 0.0663932 -0.315288 0.0555493 7.93928e-05 
0.880943 0.733987 0.0562567 -0.333528 0.0509852 0.00012012 
0.893728 0.733987 0.0469109 -0.350488 0.0466093 0.000142661 
0.906513 0.733987 0.0370129 -0.36568 0.0420274 0.000173703 
0.918063 0.733987 0.0279955 -0.379745 0.0377179 0.000191161 
0.929613 0.733987 0.0184988 -0.39105 0.0332614 0.000208151 
0.939988 0.733987 0.0104918 -0.410646 0.0291196 0.000225913 
0.950362 0.733987 0.00133412 -0.452308 0.0246597 0.00022693 
0.959633 0.733987 -0.00697035 -0.519599 0.0201735 0.000244795 
0.968903 0.733987 -0.0144006 -0.614356 0.014936 0.000224422 
0.977148 0.733987 -0.0147599 -0.645983 0.0096487 0.000269155 
0.985394 0.733987 -0.012009 -0.548075 0.00463482 0.000188187 
0.992697 0.733987 -0.00381188 -0.33874 0.00131629 0.000295777 
1 0.733987 0 0 0 0.0001588 

0 0.753042 0 0 0 0.000466564 
0.00730325 0.753042 9.55922e-06 -0.00533217 -2.28805e-05 0.000338041 
0.0146065 0.753042 0.00102802 -0.0034526 -6.02115e-05 0.000471152 
0.0228517 0.753042 0.00395496 0.00407746 -6.66561e-05 0.000343434 
0.031097 0.753042 0.00935896 0.0224071 3.31831e-05 0.000472745 
0.0403673 0.753042 0.0201805 0.0506183 0.000359065 0.000352731 
0.0496377 0.753042 0.0350852 0.0920553 0.00100749 0.000464649 
0.0600123 0.753042 0.0579252 0.143227 0.00221995 0.000357453 
0.0703869 0.753042 0.0835141 0.199343 0.00398811 0.00044778 
0.0819372 0.753042 0.112009 0.25527 0.00661553 0.00033409 
0.0934875 0.753042 0.13796 0.302684 0.00983961 0.000414972 
0.106272 0.753042 0.160608 0.338486 0.0139433 0.000274267 
0.119057 0.753042 0.177903 0.362578 0.0184317 0.000349171 
0.133119 0.753042 0.191061 0.373275 0.0236094 0.000189829 
0.14718 0.753042 0.199246 0.375323 0.0288792 0.000255022 
0.162537 0.753042 0.204293 0.365792 0.0345715 9.44314e-05 
0.177894 0.753042 0.205476 0.35211 0.0400879 0.000148848 
0.194538 0.753042 0.206061 0.332154 0.0457802 1.99241e-06 
0.211181 0.753042 0.205033 0.312535 0.051145 4.30248e-05 
0.22907 0.753042 0.205906 0.291026 0.0565407 -8.30882e-05 
0.246958 0.753042 0.206149 0.270975 0.0615655 -5.83167e-05 
0.266013 0.753042 0.208477 0.249775 0.0665246 -0.000165559 
0.285068 0.753042 0.209967 0.229534 0.0710893 -0.000156228 
0.305174 0.753042 0.212978 0.208277 0.0754878 -0.000247309 
0.32528 0.753042 0.21498 0.18779 0.0794671 -0.000250353 
0.346282 0.753042 0.218125 0.166831 0.083188 -0.000325675 
0.367284 0.753042 0.220182 0.146616 0.086477 -0.000337166 
0.388994 0.753042 0.223025 0.126396 0.0894377 -0.000395724 
0.410703 0.753042 0.224643 0.106811 0.0919668 -0.000411312 
0.432902 0.753042 0.226666 0.0874944 0.0941212 -0.000451482 
0.455101 0.753042 0.2273 0.0686398 0.0958524 -0.000467114 
0.477551 0.753042 0.228033 0.050199 0.0971846 -0.000487236 
0.5 0.753042 0.227234 0.0320224 0.0981061 -0.00049994 
0.522449 0.753042 0.226349 0.014323 0.0986252 -0.000498838 
0.544899 0.753042 0.223818 -0.00332185 0.0987478 -0.000507175 
0.567098 0.753042 0.221145 -0.0204713 0.0984831 -0.00048444 
0.589297 0.753042 0.216741 -0.0377828 0.0978361 -0.000488621 
0.611006 0.753042 0.212262 -0.05459 0.0968332 -0.00044464 
0.632716 0.753042 0.205993 -0.0717881 0.0954614 -0.000446423 
0.653718 0.753042 0.199816 -0.088446 0.0937789 -0.000382257 
0.67472 0.753042 0.191802 -0.10574 0.0917403 -0.000384716 
0.694826 0.753042 0.184112 -0.122397 0.0894475 -0.000301921 
0.714932 0.753042 0.174559 -0.139952 0.0868112 -0.000309123 
0.733987 0.753042 0.165627 -0.156707 0.0839858 -0.000209553 
0.753042 0.753042 0.15485 -0.174661 0.0808304 -0.000226234 
0.77093 0.753042 0.14504 -0.191594 0.0775561 -0.000111823 
0.788819 0.753042 0.133445 -0.210078 0.0739659 -0.000142948 
0.805462 0.753042 0.123156 -0.227246 0.0703288 -1.55189e-05 
0.822106 0.753042 0.111181 -0.246387 0.0663906 -6.57262e-05 
0.837463 0.753042 0.100806 -0.263837 0.0624757 7.31432e-05 
0.85282 0.753042 0.0888675 -0.283562 0.0582765 1.54416e-07 
0.866881 0.753042 0.0785929 -0.300855 0.0541705 0.000148763 
0.880943 0.753042 0.0668196 -0.319979 0.0498097 5.08567e-05 
0.893728 0.753042 0.0566939 -0.335118 0.0456249 0.000207166 
0.906513 0.753042 0.0451775 -0.351188 0.041242 8.39004e-05 
0.918063 0.753042 0.0351226 -0.363375 0.0371195 0.000245397 
0.929613 0.753042 0.0241092 -0.376529 0.032852 9.77752e-05 
0.939988 0.753042 0.015106 -0.394355 0.0288782 0.000267099 
0.950362 0.753042 0.00486517 -0.435618 0.0245988 0.000100274 
0.959633 0.753042 -0.00452692 -0.502087 0.0202867 0.000273427 
0.968903 0.753042 -0.0130651 -0.605864 0.0151859 9.05615e-05 
0.977148 0.753042 -0.0147111 -0.648156 0.00993563 0.000288156 
0.985394 0.753042 -0.0125406 -0.565403 0.00485162 5.34649e-05 
0.992697 0.753042 -0.004227 -0.357389 0.00139461 0.000315177 
1 0.753042 0 0 0 2.60113e-05 

0 0.77093 0 0 0 0.000253267 
0.00730325 0.77093 0.00023869 -0.00591697 -2.45847e-05 0.000330944 
0.0146065 0.77093 0.00067424 -0.00810123 -7.75622e-05 0.000248225 
0.0228517 0.77093 0.00273523 -0.00304537 -0.000126092 0.000331249 
0.031097 0.77093 0.00639373 0.00712144 -0.00011163 0.000239232 
0.0403673 0.77093 0.0145008 0.0290369 5.10888e-05 0.000333921 
0.0496377 0.77093 0.0263148 0.0589355 0.000453959 0.000227849 
0.0600123 0.77093 0.0458192 0.103371 0.00129326 0.000338947 
0.0703869 0.77093 0.0695007 0.1527 0.00261888 0.000219744 
0.0819372 0.77093 0.0982819 0.210922 0.00472966 0.000331968 
0.0934875 0.77093 0.127557 0.261018 0.00746584 0.000216294 
0.106272 0.77093 0.154348 0.306893 0.0111169 0.000297329 
0.119057 0.77093 0.17739 0.337137 0.0152538 0.000198202 
0.133119 0.77093 0.194359 0.357224 0.0201548 0.000236127 
0.14718 0.77093 0.207237 0.363833 0.0252423 0.00015103 
0.162537 0.77093 0.214554 0.360977 0.030821 0.000156335 
0.177894 0.77093 0.218962 0.349514 0.0362885 8.21029e-05 
0.194538 0.77093 0.220011 0.332384 0.0419685 6.88161e-05 
0.211181 0.77093 0.220397 0.312042 0.0473357 1.79655e-06 
0.22907 0.77093 0.220464 0.290797 0.0527284 -1.94393e-05 
0.246958 0.77093 0.221423 0.269187 0.0577373 -8.29574e-05 
0.266013 0.77093 0.22314 0.248001 0.0626654 -0.000108093 
0.285068 0.77093 0.225667 0.226795 0.0671895 -0.000168722 
0.305174 0.77093 0.228585 0.205808 0.0715394 -0.000196881 
0.32528 0.77093 0.231835 0.184879 0.0754678 -0.000253327 
0.346282 0.77093 0.235083 0.164306 0.0791357 -0.000282303 
0.367284 0.77093 0.238323 0.143985 0.0823739 -0.000332373 
0.388994 0.77093 0.241287 0.124258 0.0852866 -0.000358574 
0.410703 0.77093 0.243942 0.104866 0.0877744 -0.000399542 
0.432902 0.77093 0.246048 0.0861619 0.0898955 -0.000419229 
0.455101 0.77093 0.247563 0.0677569 0.0916044 -0.000448409 
0.477551 0.77093 0.24829 0.0500199 0.092927 -0.000458472 
0.5 0.77093 0.248206 0.0324928 0.0938534 -0.000473802 
0.522449 0.77093 0.247181 0.0155435 0.0943929 -0.000472232 
0.544899 0.77093 0.245203 -0.00129967 0.0945526 -0.000472616 
0.567098 0.77093 0.242224 -0.0176962 0.0943417 -0.00045876 
0.589297 0.77093 0.238223 -0.0340841 0.0937664 -0.00044418 
0.611006 0.77093 0.233243 -0.0501735 0.0928514 -0.000418778 
0.632716 0.77093 0.227231 -0.0663352 0.0915858 -0.000390218 
0.653718 0.77093 0.220326 -0.0823453 0.0900238 -0.000355268 
0.67472 0.77093 0.212427 -0.0984819 0.0881237 -0.000314534 
0.694826 0.77093 0.203775 -0.114606 0.0859806 -0.000273051 
0.714932 0.77093 0.194219 -0.13088 0.0835113 -0.000222554 
0.733987 0.77093 0.184111 -0.147283 0.0808599 -0.000178196 
0.753042 0.77093 0.173224 -0.163835 0.0778941 -0.000120711 
0.77093 0.77093 0.162032 -0.180659 0.0748117 -7.73068e-05 
0.788819 0.77093 0.150203 -0.197612 0.0714266 -1.57589e-05 
0.805462 0.77093 0.138355 -0.21498 0.0679919 2.32087e-05 
0.822106 0.77093 0.126006 -0.232451 0.0642667 8.58964e-05 
0.837463 0.77093 0.113927 -0.250438 0.0605572 0.000117847 
0.85282 0.77093 0.101408 -0.268253 0.0565722 0.000178885 
0.866881 0.77093 0.0893064 -0.286231 0.052671 0.000202128 
0.880943 0.77093 0.0766639 -0.303101 0.048524 0.000258613 
0.893728 0.77093 0.0646595 -0.319129 0.0445419 0.000272429 
0.906513 0.77093 0.052026 -0.332584 0.0403704 0.000320491 
0.918063 0.77093 0.0402618 -0.345884 0.0364481 0.000325211 
0.929613 0.77093 0.0280529 -0.357382 0.0323818 0.000359131 
0.939988 0.77093 0.0179286 -0.37693 0.0285853 0.000362792 
0.950362 0.77093 0.00681555 -0.41449 0.0244921 0.000377994 
0.959633 0.77093 -0.00323808 -0.482986 0.0203599 0.000382004 
0.968903 0.77093 -0.0128872 -0.591648 0.0154063 0.000373727 
0.977148 0.77093 -0.0152322 -0.64721 0.0102104 0.000402886 
0.985394 0.77093 -0.013698 -0.578677 0.00506821 0.000326348 
0.992697 0.77093 -0.00441561 -0.375551 0.00147689 0.000434366 
1 0.77093 0 0 0 0.000286903 

0 0.788819 0 0 0 0.000533686 
0.00730325 0.788819 -0.000396809 -0.00679391 -2.60818e-05 0.000318546 
0.0146065 0.788819 -0.000124482 -0.00779338 -8.38525e-05 0.000542877 
0.0228517 0.788819 0.000813555 -0.00822799 -0.000158211 0.000324612 
0.031097 0.788819 0.00314342 0.000230152 -0.000200047 0.00054898 
0.0403673 0.788819 0.00881085 0.0122048 -0.000155181 0.000333797 
0.0496377 0.788819 0.0173945 0.0363652 5.76181e-05 0.00054181 
0.0600123 0.788819 0.033632 0.068172 0.00058484 0.000345053 
0.0703869 0.788819 0.0537084 0.113186 0.00151119 0.000520013 
0.0819372 0.788819 0.082593 0.16463 0.00310836 0.000346162 
0.0934875 0.788819 0.112578 0.218822 0.00531564 0.000487206 
0.106272 0.788819 0.144634 0.268584 0.00843458 0.000315231 
0.119057 0.788819 0.171768 0.308953 0.0121307 0.00043671 
0.133119 0.788819 0.194896 0.335412 0.0166666 0.000251649 
0.14718 0.788819 0.211047 0.350858 0.0214999 0.000358096 
0.162537 0.788819 0.223108 0.352303 0.0269027 0.00017146 
0.177894 0.788819 0.229328 0.34657 0.0322757 0.000260375 
0.194538 0.788819 0.233449 0.330746 0.0379122 8.74012e-05 
0.211181 0.788819 0.233887 0.312478 0.0432678 0.000156887 
0.22907 0.788819 0.235296 0.290001 0.0486536 7.11888e-06 
0.246958 0.788819 0.235359 0.26835 0.0536465 5.46147e-05 
0.266013 0.788819 0.238132 0.24574 0.0585414 -7.14665e-05 
0.285068 0.788819 0.240145 0.224434 0.0630185 -4.64143e-05 
0.305174 0.788819 0.244467 0.202748 0.0673097 -0.000152976 
0.32528 0.788819 0.247717 0.18203 0.071175 -0.000146617 
0.346282 0.788819 0.25246 0.161271 0.0747766 -0.000235621 
0.367284 0.788819 0.255881 0.14131 0.0779511 -0.000242016 
0.388994 0.788819 0.260197 0.121741 0.0808034 -0.000312553 
0.410703 0.788819 0.263016 0.102827 0.0832384 -0.000325525 
0.432902 0.788819 0.266265 0.0845634 0.085316 -0.000375549 
0.455101 0.788819 0.267848 0.0667594 0.0869935 -0.000389818 
0.477551 0.788819 0.269509 0.0496798 0.0882988 -0.000417289 
0.5 0.788819 0.26935 0.0328473 0.0892236 -0.000429186 
0.522449 0.788819 0.269065 0.0167116 0.0897788 -0.000432651 
0.544899 0.788819 0.266832 0.000615147 0.0899723 -0.000440474 
0.567098 0.788819 0.264419 -0.0148513 0.0898136 -0.000419294 
0.589297 0.788819 0.259949 -0.0304801 0.0893099 -0.000423333 
0.611006 0.788819 0.255382 -0.0455396 0.0884844 -0.000377654 
0.632716 0.788819 0.248664 -0.0609673 0.0873282 -0.000380019 
0.653718 0.788819 0.242046 -0.0758474 0.0858914 -0.000310589 
0.67472 0.788819 0.233195 -0.0913224 0.0841363 -0.000314956 
0.694826 0.788819 0.224746 -0.10621 0.0821508 -0.000222888 
0.714932 0.788819 0.213999 -0.121964 0.0798578 -0.000234223 
0.733987 0.788819 0.204034 -0.137007 0.0773911 -0.000120747 
0.753042 0.788819 0.191715 -0.153258 0.0746271 -0.00014499 
0.77093 0.788819 0.180605 -0.168574 0.0717498 -1.1235e-05 
0.788819 0.788819 0.167119 -0.185534 0.0685849 -5.4869e-05 
0.805462 0.788819 0.15529 -0.201233 0.0653683 9.82904e-05 
0.822106 0.788819 0.141106 -0.219098 0.0618737 2.87736e-05 
0.837463 0.788819 0.128936 -0.235184 0.0583879 0.00020061 
0.85282 0.788819 0.114417 -0.253732 0.0546379 9.94797e-05 
0.866881 0.788819 0.102014 -0.26936 0.0509629 0.000288719 
0.880943 0.788819 0.0872396 -0.287232 0.0470543 0.000151773 
0.893728 0.788819 0.0746523 -0.300635 0.0432992 0.000356444 
0.906513 0.788819 0.059905 -0.315402 0.039366 0.000181703 
0.918063 0.788819 0.0473295 -0.325998 0.0356686 0.000399485 
0.929613 0.788819 0.0332501 -0.340406 0.0318286 0.000187511 
0.939988 0.788819 0.0223172 -0.357995 0.0282289 0.000422724 
0.950362 0.788819 0.00991266 -0.396484 0.0243397 0.000179493 
0.959633 0.788819 -0.00112059 -0.462674 0.020403 0.000428042 
0.968903 0.788819 -0.0120585 -0.579687 0.0156179 0.000163295 
0.977148 0.788819 -0.0158721 -0.64537 0.0104953 0.000439483 
0.985394 0.788819 -0.0148953 -0.596354 0.00530316 0.00011646 
0.992697 0.788819 -0.00518551 -0.395994 0.00156449 0.000475324 
1 0.788819 0 0 0 8.29332e-05 

0 0.805462 0 0 0 0.000229255 
0.00730325 0.805462 0.000134548 -0.00585349 -2.34273e-05 0.000349015 
0.0146065 0.805462 -0.000104223 -0.0106383 -8.35816e-05 0.000221497 
0.0228517 0.805462 0.000470816 -0.0100731 -0.000168354 0.00034716 
0.031097 0.805462 0.00180346 -0.00817852 -0.000242618 0.000213787 
0.0403673 0.805462 0.00553207 0.00210176 -0.000271248 0.000346618 
0.0496377 0.805462 0.011929 0.0158984 -0.000188609 0.000208807 
0.0600123 0.805462 0.0238645 0.0427128 0.000111784 0.000348834 
0.0703869 0.805462 0.0407405 0.0760468 0.000723397 0.000205042 
0.0819372 0.805462 0.0655836 0.123722 0.00187789 0.000351112 
0.0934875 0.805462 0.0949837 0.172631 0.00358937 0.000206602 
0.106272 0.805462 0.127491 0.227871 0.00616489 0.000337802 
0.119057 0.805462 0.159618 0.271859 0.00937389 0.000211765 
0.133119 0.805462 0.186749 0.30911 0.0134814 0.000299242 
0.14718 0.805462 0.209557 0.330236 0.0179981 0.000200601 
0.162537 0.805462 0.224981 0.34043 0.0231665 0.000240214 
0.177894 0.805462 0.236451 0.338316 0.0283956 0.000161726 
0.194538 0.805462 0.242375 0.327604 0.0339484 0.000166846 
0.211181 0.805462 0.246239 0.310276 0.0392667 0.000100194 
0.22907 0.805462 0.247754 0.28928 0.0446331 8.45155e-05 
0.246958 0.805462 0.249489 0.266417 0.0496064 2.29812e-05 
0.266013 0.805462 0.251557 0.243709 0.0544676 -4.02859e-06 
0.285068 0.805462 0.254732 0.221063 0.0588962 -6.34546e-05 
0.305174 0.805462 0.258714 0.199395 0.063124 -9.69964e-05 
0.32528 0.805462 0.263333 0.178048 0.066919 -0.00015338 
0.346282 0.805462 0.268186 0.157655 0.0704456 -0.000189806 
0.367284 0.805462 0.273024 0.137621 0.0735473 -0.000240303 
0.388994 0.805462 0.277572 0.118627 0.0763302 -0.000274924 
0.410703 0.805462 0.281635 0.0999958 0.0787043 -0.000316125 
0.432902 0.805462 0.285056 0.0824392 0.0807304 -0.000344015 
0.455101 0.805462 0.28765 0.0651733 0.0823696 -0.000372773 
0.477551 0.805462 0.289354 0.0488893 0.0836508 -0.000389914 
0.5 0.805462 0.289988 0.0327853 0.084568 -0.000403924 
0.522449 0.805462 0.28958 0.01749 0.0851328 -0.000407787 
0.544899 0.805462 0.287952 0.00226683 0.0853546 -0.000405863 
0.567098 0.805462 0.285223 -0.0123547 0.0852427 -0.000395596 
0.589297 0.805462 0.281208 -0.0269897 0.0848055 -0.000377692 
0.611006 0.805462 0.276117 -0.0412376 0.0840645 -0.000354074 
0.632716 0.805462 0.269746 -0.0555562 0.0830129 -0.000321127 
0.653718 0.805462 0.262389 -0.0696987 0.0816967 -0.000286383 
0.67472 0.805462 0.253817 -0.0839399 0.0800819 -0.000240071 
0.694826 0.805462 0.244397 -0.0982105 0.0782496 -0.000197585 
0.714932 0.805462 0.233873 -0.112581 0.0761288 -0.000140068 
0.733987 0.805462 0.222674 -0.127187 0.0738429 -9.40423e-05 
0.753042 0.805462 0.210521 -0.141868 0.0712774 -2.77198e-05 
0.77093 0.805462 0.197908 -0.157012 0.0686026 1.72315e-05 
0.788819 0.805462 0.184524 -0.172189 0.0656558 8.99082e-05 
0.805462 0.805462 0.170926 -0.188063 0.0626562 0.000129298 
0.822106 0.805462 0.156712 -0.203844 0.0593922 0.000205999 
0.837463 0.805462 0.142463 -0.220441 0.0561319 0.000235843 
0.85282 0.805462 0.127631 -0.236424 0.0526205 0.000314306 
0.866881 0.805462 0.112851 -0.252777 0.0491774 0.000331085 
0.880943 0.805462 0.0974032 -0.267511 0.0455146 0.00040839 
0.893728 0.805462 0.0823186 -0.282096 0.0419956 0.000409807 
0.906513 0.805462 0.0666272 -0.293391 0.0383099 0.000481444 
0.918063 0.805462 0.0518683 -0.305797 0.0348465 0.000467916 
0.929613 0.805462 0.0368405 -0.317876 0.0312405 0.000526631 
0.939988 0.805462 0.0245051 -0.338699 0.0278427 0.000509248 
0.950362 0.805462 0.0115041 -0.372949 0.0241583 0.000547677 
0.959633 0.805462 -0.000129871 -0.441565 0.0204176 0.000531263 
0.968903 0.805462 -0.0120536 -0.56049 0.0158071 0.000544733 
0.977148 0.805462 -0.0166855 -0.640643 0.010774 0.000550435 
0.985394 0.805462 -0.0164648 -0.608854 0.00554181 0.000485351 
0.992697 0.805462 -0.00535989 -0.416603 0.00165821 0.000590475 
1 0.805462 0 0 0 0.000430917 

0 0.822106 0 0 0 0.000630739 
0.00730325 0.822106 -0.000741025 -0.00653072 -2.31023e-05 0.000279491 
0.0146065 0.822106 -0.000573492 -0.00732675 -7.883e-05 0.000648944 
0.0228517 0.822106 -0.000276274 -0.0123726 -0.000170406 0.000290084 
0.031097 0.822106 0.000720349 -0.00781286 -0.00026472 0.000658549 
0.0403673 0.822106 0.00362054 -0.00609548 -0.000343833 0.000300863 
0.0496377 0.822106 0.00742543 0.00718481 -0.000352 0.000647606 
0.0600123 0.822106 0.0167037 0.0218504 -0.000219051 0.000312855 
0.0703869 0.822106 0.0282969 0.0509602 0.000143777 0.000615159 
0.0819372 0.822106 0.0503146 0.085898 0.000918246 0.000325695 
0.0934875 0.822106 0.0748879 0.133271 0.00217041 0.000568361 
0.106272 0.822106 0.108958 0.183968 0.0041943 0.000324885 
0.119057 0.822106 0.141464 0.234334 0.00686546 0.000516934 
0.133119 0.822106 0.175127 0.276345 0.0104621 0.000294986 
0.14718 0.822106 0.201404 0.30753 0.0145756 0.000456025 
0.162537 0.822106 0.223659 0.323354 0.0194264 0.000242778 
0.177894 0.822106 0.237912 0.328775 0.0244437 0.000377257 
0.194538 0.822106 0.249127 0.321109 0.0298545 0.000179908 
0.211181 0.822106 0.254505 0.307769 0.0350936 0.000284487 
0.22907 0.822106 0.259466 0.287005 0.0404117 0.000110219 
0.246958 0.822106 0.26129 0.265042 0.0453498 0.000183382 
0.266013 0.822106 0.265281 0.241099 0.0501681 3.44202e-05 
0.285068 0.822106 0.267995 0.218165 0.0545411 7.7159e-05 
0.305174 0.822106 0.273561 0.195578 0.0586964 -4.9243e-05 
0.32528 0.822106 0.278038 0.174165 0.0624099 -3.22099e-05 
0.346282 0.822106 0.284536 0.153572 0.0658479 -0.000138619 
0.367284 0.822106 0.289546 0.133846 0.0688628 -0.000139293 
0.388994 0.822106 0.295632 0.115136 0.0715624 -0.000225061 
0.410703 0.822106 0.299912 0.0970347 0.0738627 -0.000234995 
0.432902 0.822106 0.304619 0.0800583 0.075826 -0.000297684 
0.455101 0.822106 0.307314 0.063463 0.0774169 -0.000310067 
0.477551 0.822106 0.310037 0.0479535 0.0786659 -0.000347233 
0.5 0.822106 0.310599 0.0326153 0.0795688 -0.00035767 
0.522449 0.822106 0.310988 0.0182252 0.0801384 -0.000367621 
0.544899 0.822106 0.309094 0.00382246 0.0803849 -0.00037424 
0.567098 0.822106 0.307001 -0.00979992 0.0803179 -0.00035617 
0.589297 0.822106 0.302519 -0.0235993 0.0799465 -0.000359453 
0.611006 0.822106 0.297957 -0.0367659 0.0792908 -0.000313283 
0.632716 0.822106 0.290897 -0.0502741 0.0783456 -0.000315807 
0.653718 0.822106 0.284004 -0.0632422 0.0771533 -0.000241905 
0.67472 0.822106 0.274488 -0.076745 0.0756833 -0.000248093 
0.694826 0.822106 0.265494 -0.0897182 0.0740099 -0.000146938 
0.714932 0.822106 0.253733 -0.103481 0.0720682 -0.000162833 
0.733987 0.822106 0.242951 -0.116626 0.0699714 -3.46883e-05 
0.753042 0.822106 0.229255 -0.130921 0.0676141 -6.77138e-05 
0.77093 0.822106 0.217077 -0.144395 0.0651525 8.76445e-05 
0.788819 0.822106 0.201837 -0.159523 0.0624364 2.89655e-05 
0.805462 0.822106 0.188658 -0.173422 0.0596672 0.000212309 
0.822106 0.822106 0.172226 -0.189538 0.05665 0.000118816 
0.837463 0.822106 0.158257 -0.203661 0.053633 0.000331019 
0.85282 0.822106 0.140809 -0.220359 0.0503814 0.000193599 
0.866881 0.822106 0.126076 -0.233551 0.0471928 0.000434853 
0.880943 0.822106 0.107741 -0.249483 0.043802 0.000245257 
0.893728 0.822106 0.0924712 -0.260516 0.0405452 0.00051513 
0.906513 0.822106 0.0739386 -0.273938 0.0371348 0.000267615 
0.918063 0.822106 0.0589169 -0.282769 0.0339297 0.000566168 
0.929613 0.822106 0.0415217 -0.299232 0.0305814 0.00025912 
0.939988 0.822106 0.0289203 -0.317593 0.0274032 0.000593293 
0.950362 0.822106 0.0143503 -0.354947 0.0239385 0.000233316 
0.959633 0.822106 0.00218977 -0.419221 0.0204055 0.000600381 
0.968903 0.822106 -0.0112532 -0.545701 0.0159899 0.000206828 
0.977148 0.822106 -0.0176187 -0.634527 0.0110669 0.000610828 
0.985394 0.822106 -0.0181436 -0.627852 0.00580438 0.000150122 
0.992697 0.822106 -0.00654042 -0.439549 0.00175868 0.000662427 
1 0.822106 0 0 0 0.00011216 

0 0.837463 0 0 0 0.000176141 
0.00730325 0.837463 0.000436421 -0.00511622 -2.04404e-05 0.000376927 
0.0146065 0.837463 0.000431601 -0.0117033 -7.97217e-05 0.000162649 
0.0228517 0.837463 0.00124459 -0.0128748 -0.000177505 0.000371381 
0.031097 0.837463 0.00260679 -0.0152994 -0.00028967 0.000157317 
0.0403673 0.837463 0.0044667 -0.00989531 -0.000402015 0.000365972 
0.0496377 0.837463 0.00796598 -0.00519036 -0.000468446 0.000165705 
0.0600123 0.837463 0.01326 0.010081 -0.000441512 0.000362595 
0.0703869 0.837463 0.0226512 0.0274238 -0.000247277 0.000177965 
0.0819372 0.837463 0.0376551 0.0592888 0.00025118 0.000361398 
0.0934875 0.837463 0.0591442 0.095544 0.00114102 0.000188608 
0.106272 0.837463 0.0877864 0.145428 0.00268648 0.000358896 
0.119057 0.837463 0.12132 0.192267 0.00484863 0.000205938 
0.133119 0.837463 0.155175 0.241762 0.00792013 0.000344332 
0.14718 0.837463 0.187843 0.276954 0.0115856 0.000229058 
0.162537 0.837463 0.213567 0.302688 0.0160601 0.000314374 
0.177894 0.837463 0.235049 0.312667 0.0208074 0.000233869 
0.194538 0.837463 0.24922 0.311795 0.0260209 0.000267082 
0.211181 0.837463 0.260262 0.300765 0.0311342 0.000204266 
0.22907 0.837463 0.266918 0.283201 0.036366 0.000198601 
0.246958 0.837463 0.272483 0.261334 0.0412443 0.000141294 
0.266013 0.837463 0.276805 0.23805 0.0460052 0.000110909 
0.285068 0.837463 0.281628 0.214095 0.0503156 5.43826e-05 
0.305174 0.837463 0.286947 0.191486 0.0543941 1.07009e-05 
0.32528 0.837463 0.292932 0.16933 0.0580223 -4.42088e-05 
0.346282 0.837463 0.299376 0.149009 0.0613667 -9.30786e-05 
0.367284 0.837463 0.305803 0.129185 0.0642892 -0.000142748 
0.388994 0.837463 0.312061 0.111084 0.066899 -0.000189987 
0.410703 0.837463 0.317628 0.0933479 0.0691193 -0.000230208 
0.432902 0.837463 0.322527 0.0771662 0.0710136 -0.000269645 
0.455101 0.837463 0.326291 0.0612088 0.0725506 -0.000296813 
0.477551 0.837463 0.329099 0.0465788 0.0737618 -0.000323636 
0.5 0.837463 0.330513 0.0320446 0.0746451 -0.000335296 
0.522449 0.837463 0.330832 0.0185629 0.075214 -0.000346578 
0.544899 0.837463 0.32962 0.00507909 0.0754796 -0.000341556 
0.567098 0.837463 0.327274 -0.00764071 0.0754514 -0.000336355 
0.589297 0.837463 0.323351 -0.020423 0.0751396 -0.000314631 
0.611006 0.837463 0.318324 -0.03272 0.0745624 -0.000293842 
0.632716 0.837463 0.311746 -0.0451049 0.0737167 -0.000256306 
0.653718 0.837463 0.304143 -0.0572675 0.0726408 -0.000222422 
0.67472 0.837463 0.295074 -0.0695132 0.0713079 -0.000170568 
0.694826 0.837463 0.285095 -0.0817929 0.0697855 -0.000127409 
0.714932 0.837463 0.273798 -0.0941248 0.068015 -6.30122e-05 
0.733987 0.837463 0.261735 -0.106761 0.0660994 -1.54181e-05 
0.753042 0.837463 0.24855 -0.119394 0.0639423 5.97789e-05 
0.77093 0.837463 0.234744 -0.132622 0.0616863 0.000106301 
0.788819 0.837463 0.220011 -0.145746 0.0591936 0.000190875 
0.805462 0.837463 0.204738 -0.159707 0.0566494 0.000230424 
0.822106 0.837463 0.188663 -0.173266 0.0538749 0.000323339 
0.837463 0.837463 0.172031 -0.187768 0.0510994 0.000349615 
0.85282 0.837463 0.154643 -0.201147 0.0481085 0.000449748 
0.866881 0.837463 0.136748 -0.215124 0.0451773 0.000456285 
0.880943 0.837463 0.118165 -0.226968 0.042063 0.000561329 
0.893728 0.837463 0.0995543 -0.239685 0.0390738 0.00054327 
0.906513 0.837463 0.0806192 -0.248764 0.0359435 0.00064878 
0.918063 0.837463 0.0627297 -0.260634 0.0329999 0.00060654 
0.929613 0.837463 0.0450674 -0.273751 0.0299103 0.000704653 
0.939988 0.837463 0.0305047 -0.297324 0.0269516 0.000651527 
0.950362 0.837463 0.0159646 -0.329704 0.023701 0.000732551 
0.959633 0.837463 0.00319126 -0.397414 0.0203691 0.000678983 
0.968903 0.837463 -0.0107304 -0.521277 0.0161481 0.000737551 
0.977148 0.837463 -0.0181468 -0.625876 0.0113502 0.000698137 
0.985394 0.837463 -0.0196537 -0.639018 0.00606731 0.000669757 
0.992697 0.837463 -0.00642178 -0.463004 0.00186518 0.000749978 
1 0.837463 0 0 0 0.000595 

0 0.85282 0 0 0 0.000785301 
0.00730325 0.85282 -0.000935427 -0.00757104 -2.43978e-05 0.000209632 
0.0146065 0.85282 0.000432127 -0.00765255 -8.75353e-05 0.000821735 
0.0228517 0.85282 0.00251938 -0.0172919 -0.000207108 0.000232011 
0.031097 0.85282 0.00477877 -0.0122976 -0.000346326 0.000832201 
0.0403673 0.85282 0.00841071 -0.0155188 -0.000495825 0.000247521 
0.0496377 0.85282 0.01012 -0.00477334 -0.000606982 0.000803294 
0.0600123 0.85282 0.0153876 8.74616e-05 -0.000651611 0.000259563 
0.0703869 0.85282 0.0188193 0.0187732 -0.000568249 0.000744241 
0.0819372 0.85282 0.0308332 0.0373419 -0.000263422 0.000275546 
0.0934875 0.85282 0.0433373 0.0708013 0.000347724 0.000670495 
0.106272 0.85282 0.06964 0.108832 0.00148367 0.000296511 
0.119057 0.85282 0.0967424 0.156038 0.00316815 0.000600455 
0.133119 0.85282 0.133684 0.203509 0.00569877 0.000307177 
0.14718 0.85282 0.166246 0.245737 0.00886193 0.000546154 
0.162537 0.85282 0.199488 0.276346 0.0128808 0.000299061 
0.177894 0.85282 0.223896 0.294628 0.0172775 0.000493469 
0.194538 0.85282 0.245492 0.298031 0.0222159 0.000273104 
0.211181 0.85282 0.259268 0.292284 0.0271376 0.000422817 
0.22907 0.85282 0.271831 0.276569 0.0322257 0.000225317 
0.246958 0.85282 0.279215 0.256998 0.0370006 0.000328302 
0.266013 0.85282 0.287566 0.233672 0.0416714 0.000153602 
0.285068 0.85282 0.293069 0.210075 0.0458968 0.00021467 
0.305174 0.85282 0.300905 0.186872 0.0498821 6.30167e-05 
0.32528 0.85282 0.30701 0.164618 0.0534115 9.10132e-05 
0.346282 0.85282 0.315306 0.144136 0.0566496 -3.78868e-05 
0.367284 0.85282 0.321837 0.124514 0.059467 -3.22378e-05 
0.388994 0.85282 0.329667 0.106782 0.0619745 -0.000137207 
0.410703 0.85282 0.335391 0.0895722 0.0641031 -0.00014333 
0.432902 0.85282 0.34162 0.074086 0.0659174 -0.000221752 
0.455101 0.85282 0.345485 0.0588464 0.0673908 -0.000231376 
0.477551 0.85282 0.349376 0.0450841 0.068556 -0.000280669 
0.5 0.85282 0.350745 0.0313692 0.0694128 -0.000288724 
0.522449 0.85282 0.351924 0.0188495 0.0699756 -0.000307156 
0.544899 0.85282 0.350471 0.00623597 0.0702562 -0.000311677 
0.567098 0.85282 0.348816 -0.00545763 0.0702643 -0.000298421 
0.589297 0.85282 0.344428 -0.0173527 0.0700105 -0.000300163 
0.611006 0.85282 0.339991 -0.0285605 0.0695117 -0.000254999 
0.632716 0.85282 0.332701 -0.0400743 0.0687662 -0.000257085 
0.653718 0.85282 0.325664 -0.0510656 0.0678088 -0.000179986 
0.67472 0.85282 0.315622 -0.0625009 0.066616 -0.000187677 
0.694826 0.85282 0.306263 -0.0734903 0.0652487 -7.83572e-05 
0.714932 0.85282 0.293696 -0.0851398 0.0636542 -9.8923e-05 
0.733987 0.85282 0.282355 -0.0963012 0.0619255 4.36194e-05 
0.753042 0.85282 0.267522 -0.108464 0.0599755 9.54283e-07 
0.77093 0.85282 0.254516 -0.119909 0.0579333 0.000178782 
0.788819 0.85282 0.237616 -0.13284 0.0556747 0.000102899 
0.805462 0.85282 0.223127 -0.1445 0.0533678 0.000319154 
0.822106 0.85282 0.20423 -0.158201 0.0508521 0.000197151 
0.837463 0.85282 0.188284 -0.169628 0.0483366 0.000455573 
0.85282 0.85282 0.167411 -0.18364 0.0456287 0.000273 
0.866881 0.85282 0.150116 -0.193662 0.0429789 0.000577373 
0.880943 0.85282 0.12764 -0.207051 0.040168 0.000319079 
0.893728 0.85282 0.109668 -0.215297 0.0374725 0.000673624 
0.906513 0.85282 0.0869274 -0.227775 0.0346486 0.000326437 
0.918063 0.85282 0.0699262 -0.235184 0.0319881 0.000737552 
0.929613 0.85282 0.0491382 -0.254611 0.0291773 0.00029421 
0.939988 0.85282 0.0354253 -0.274648 0.0264527 0.00077311 
0.950362 0.85282 0.0187256 -0.313541 0.023427 0.000238561 
0.959633 0.85282 0.00648193 -0.374232 0.0203015 0.00078707 
0.968903 0.85282 -0.00935393 -0.504969 0.0162921 0.000192359 
0.977148 0.85282 -0.0186951 -0.614812 0.0116415 0.00079956 
0.985394 0.85282 -0.021485 -0.659524 0.00635306 0.000126196 
0.992697 0.85282 -0.00812526 -0.487901 0.00197719 0.000876384 
1 0.85282 0 0 0 9.2825e-05 

0 0.866881 0 0 0 7.93541e-05 
0.00730325 0.866881 0.00136234 -0.00691886 -2.8024e-05 0.000423014 
0.0146065 0.866881 0.00278868 -0.0179855 -0.0001146 5.45819e-05 
0.0228517 0.866881 0.00557287 -0.0203075 -0.00026673 0.000408639 
0.031097 0.866881 0.00935887 -0.0249417 -0.000447412 5.63363e-05 
0.0403673 0.866881 0.0114212 -0.0178902 -0.000636399 0.000392802 
0.0496377 0.866881 0.0147889 -0.0155912 -0.000784334 8.80254e-05 
0.0600123 0.866881 0.0158286 -0.00260169 -0.000870012 0.000381349 
0.0703869 0.866881 0.0199793 0.00637805 -0.000845238 0.000129602 
0.0819372 0.866881 0.0244684 0.0272645 -0.000647733 0.000372238 
0.0934875 0.866881 0.0354766 0.0482355 -0.000212075 0.000164984 
0.106272 0.866881 0.0522671 0.0838786 0.0006322 0.000368412 
0.119057 0.866881 0.0774853 0.12122 0.00194004 0.000197814 
0.133119 0.866881 0.108152 0.169961 0.00399893 0.000370122 
0.14718 0.866881 0.143579 0.210287 0.00668188 0.000245311 
0.162537 0.866881 0.176961 0.248365 0.0102277 0.000372753 
0.177894 0.866881 0.208718 0.270122 0.0142314 0.000296083 
0.194538 0.866881 0.23357 0.280971 0.0188397 0.000361966 
0.211181 0.866881 0.254935 0.2783 0.0235149 0.000310435 
0.22907 0.866881 0.270623 0.26702 0.028406 0.000317367 
0.246958 0.866881 0.284002 0.248808 0.0330325 0.000269266 
0.266013 0.866881 0.294476 0.227408 0.0375763 0.000233648 
0.285068 0.866881 0.304024 0.203906 0.0416916 0.000182576 
0.305174 0.866881 0.312815 0.18131 0.0455672 0.000123481 
0.32528 0.866881 0.321369 0.158776 0.0489886 7.18525e-05 
0.346282 0.866881 0.329986 0.138702 0.0521146 4.49842e-06 
0.367284 0.866881 0.338146 0.119106 0.0548235 -4.26192e-05 
0.388994 0.866881 0.346156 0.102003 0.0572258 -0.000107515 
0.410703 0.866881 0.353132 0.0852291 0.0592599 -0.000145074 
0.432902 0.866881 0.3595 0.0705706 0.0609913 -0.000199757 
0.455101 0.866881 0.364359 0.0560398 0.0623981 -0.000223811 
0.477551 0.866881 0.368287 0.0432012 0.0635138 -0.000262921 
0.5 0.866881 0.370435 0.030347 0.0643404 -0.000270992 
0.522449 0.866881 0.3715 0.0187781 0.064893 -0.000291526 
0.544899 0.866881 0.37067 0.00711344 0.0651842 -0.000282545 
0.567098 0.866881 0.368729 -0.00364032 0.0652232 -0.000283714 
0.589297 0.866881 0.364886 -0.0145183 0.0650215 -0.000257751 
0.611006 0.866881 0.359979 -0.0248232 0.0645943 -0.000240724 
0.632716 0.866881 0.353236 -0.0352416 0.0639414 -0.000198634 
0.653718 0.866881 0.345515 -0.0453948 0.0630938 -0.000166264 
0.67472 0.866881 0.336085 -0.0556209 0.0620315 -0.000109302 
0.694826 0.866881 0.325768 -0.0658727 0.0608088 -6.58774e-05 
0.714932 0.866881 0.313911 -0.0761287 0.0593791 4.73278e-06 
0.733987 0.866881 0.301224 -0.0866946 0.0578259 5.36856e-05 
0.753042 0.866881 0.28718 -0.0971509 0.0560715 0.000137205 
0.77093 0.866881 0.272272 -0.108184 0.0542326 0.000185007 
0.788819 0.866881 0.256176 -0.118883 0.0521982 0.000281538 
0.805462 0.866881 0.239062 -0.130372 0.0501208 0.000320213 
0.822106 0.866881 0.220911 -0.14105 0.0478576 0.000430683 
0.837463 0.866881 0.201547 -0.152673 0.0455981 0.000450715 
0.85282 0.866881 0.181336 -0.162669 0.043171 0.000576227 
0.866881 0.866881 0.159965 -0.173647 0.0408015 0.000567077 
0.880943 0.866881 0.138181 -0.182107 0.0382932 0.0007077 
0.893728 0.866881 0.115893 -0.192841 0.0358905 0.000660588 
0.906513 0.866881 0.0940287 -0.200118 0.0333701 0.000814378 
0.918063 0.866881 0.0731926 -0.212341 0.0309877 0.000728261 
0.929613 0.866881 0.0535642 -0.226796 0.0284482 0.000890005 
0.939988 0.866881 0.036715 -0.254438 0.0259523 0.000776434 
0.950362 0.866881 0.0211767 -0.287195 0.02314 0.000936132 
0.959633 0.866881 0.00780407 -0.353531 0.0202072 0.000812583 
0.968903 0.866881 -0.00737271 -0.475107 0.016401 0.00096272 
0.977148 0.866881 -0.0182227 -0.602025 0.0119105 0.000833497 
0.985394 0.866881 -0.0222041 -0.667202 0.00662809 0.000898005 
0.992697 0.866881 -0.00722462 -0.513554 0.00209278 0.00089865 
1 0.866881 0 0 0 0.000795949 

0 0.880943 0 0 0 0.00105134 
0.00730325 0.880943 -0.00151124 -0.013083 -3.99973e-05 7.89783e-05 
0.0146065 0.880943 0.00159763 -0.0134363 -0.000148794 0.00112901 
0.0228517 0.880943 0.00642484 -0.0297169 -0.000354296 0.000125241 
0.031097 0.880943 0.00980348 -0.0202986 -0.000586663 0.0011263 
0.0403673 0.880943 0.0152592 -0.02428 -0.000821956 0.000153222 
0.0496377 0.880943 0.0145856 -0.00927559 -0.000998654 0.00104572 
0.0600123 0.880943 0.0188782 -0.00712313 -0.00110862 0.000175505 
0.0703869 0.880943 0.0162355 0.00983981 -0.00110989 0.000926351 
0.0819372 0.880943 0.0221943 0.0184819 -0.000967367 0.000201639 
0.0934875 0.880943 0.0237173 0.0402329 -0.000639864 0.00080477 
0.106272 0.880943 0.0393876 0.0622754 -2.98827e-06 0.000239502 
0.119057 0.880943 0.0538431 0.0972772 0.00100614 0.000702693 
0.133119 0.880943 0.0843586 0.13701 0.00264904 0.000286771 
0.14718 0.880943 0.113451 0.178455 0.00486664 0.000638604 
0.162537 0.880943 0.15188 0.216727 0.00791153 0.000332465 
0.177894 0.880943 0.183871 0.244274 0.0114634 0.000606979 
0.194538 0.880943 0.217113 0.259191 0.0156641 0.00035936 
0.211181 0.880943 0.241642 0.262089 0.0200147 0.000566324 
0.22907 0.880943 0.265349 0.253818 0.0246322 0.000346077 
0.246958 0.880943 0.282035 0.238866 0.0290438 0.000485233 
0.266013 0.880943 0.298886 0.218887 0.0334018 0.000283512 
0.285068 0.880943 0.310872 0.196824 0.0373608 0.000364197 
0.305174 0.880943 0.324042 0.174687 0.0410898 0.000182978 
0.32528 0.880943 0.333886 0.152657 0.044376 0.000221259 
0.346282 0.880943 0.345245 0.132877 0.0473694 6.47503e-05 
0.367284 0.880943 0.353911 0.113656 0.049954 7.64547e-05 
0.388994 0.880943 0.363692 0.0970933 0.0522383 -5.18344e-05 
0.410703 0.880943 0.370806 0.0808865 0.0541671 -5.368e-05 
0.432902 0.880943 0.378421 0.0670124 0.0558067 -0.000150743 
0.455101 0.880943 0.383248 0.0532316 0.0571394 -0.000156772 
0.477551 0.880943 0.38813 0.041312 0.0581994 -0.000220287 
0.5 0.880943 0.39013 0.0293106 0.0589908 -0.000225035 
0.522449 0.880943 0.391985 0.0187191 0.0595292 -0.000253622 
0.544899 0.880943 0.390892 0.00795254 0.0598276 -0.000255163 
0.567098 0.880943 0.389662 -0.00179473 0.0598954 -0.000248238 
0.589297 0.880943 0.385407 -0.0117636 0.0597441 -0.000247651 
0.611006 0.880943 0.381195 -0.0210288 0.0593876 -0.000205003 
0.632716 0.880943 0.373831 -0.0305531 0.0588271 -0.000205982 
0.653718 0.880943 0.366834 -0.0396033 0.0580898 -0.000127257 
0.67472 0.880943 0.35648 -0.0489794 0.0571592 -0.000135941 
0.694826 0.880943 0.346945 -0.0580028 0.0560833 -2.00596e-05 
0.714932 0.880943 0.333731 -0.0674896 0.0548218 -4.50805e-05 
0.733987 0.880943 0.321897 -0.0765902 0.0534489 0.000110367 
0.753042 0.880943 0.305899 -0.0864004 0.0518967 5.76819e-05 
0.77093 0.880943 0.291926 -0.0955482 0.0502695 0.000256963 
0.788819 0.880943 0.273112 -0.105785 0.0484706 0.000162194 
0.805462 0.880943 0.257046 -0.114712 0.0466363 0.000411723 
0.822106 0.880943 0.235296 -0.12526 0.0446425 0.000256773 
0.837463 0.880943 0.217182 -0.133378 0.0426579 0.000565152 
0.85282 0.880943 0.192536 -0.143949 0.0405334 0.000327785 
0.866881 0.880943 0.172819 -0.150449 0.0384665 0.000706045 
0.880943 0.880943 0.146098 -0.16102 0.0362842 0.000360412 
0.893728 0.880943 0.126106 -0.166564 0.0341958 0.000822834 
0.906513 0.880943 0.0992989 -0.178889 0.0319991 0.000342574 
0.918063 0.880943 0.0814954 -0.185659 0.0299093 0.000908383 
0.929613 0.880943 0.0574449 -0.208606 0.0276553 0.000273519 
0.939988 0.880943 0.0434423 -0.230591 0.0253995 0.000962479 
0.950362 0.880943 0.024229 -0.274729 0.0228089 0.000169132 
0.959633 0.880943 0.0133712 -0.330694 0.0200677 0.000994841 
0.968903 0.880943 -0.00476164 -0.459577 0.0164773 8.16541e-05 
0.977148 0.880943 -0.0172858 -0.585043 0.0121694 0.0010159 
0.985394 0.880943 -0.0237589 -0.688876 0.00691732 9.55795e-07 
0.992697 0.880943 -0.00973873 -0.538367 0.00220953 0.00113186 
1 0.880943 0 0 0 -2.73884e-06 

0 0.893728 0 0 0 -6.39345e-05 
0.00730325 0.893728 0.00236685 -0.0115409 -4.787e-05 0.000500206 
0.0146065 0.893728 0.00445527 -0.0307772 -0.000195021 -0.000117177 
0.0228517 0.893728 0.00755001 -0.0327314 -0.00044841 0.000467371 
0.031097 0.893728 0.0124337 -0.0379971 -0.000733137 -9.638e-05 
0.0403673 0.893728 0.0119577 -0.0232762 -0.000999636 0.000431624 
0.0496377 0.893728 0.0142466 -0.0205779 -0.00119072 -2.52377e-05 
0.0600123 0.893728 0.0114073 -0.00456032 -0.0013049 0.000407275 
0.0703869 0.893728 0.0137509 0.0013726 -0.0013113 5.73464e-05 
0.0819372 0.893728 0.0121894 0.0180136 -0.0011875 0.000386359 
0.0934875 0.893728 0.0174224 0.0282224 -0.000914265 0.000133619 
0.106272 0.893728 0.0233521 0.0515695 -0.000401119 0.000375596 
0.119057 0.893728 0.0382639 0.0751557 0.000407345 0.000198014 
0.133119 0.893728 0.0587219 0.113176 0.00173782 0.000384048 
0.14718 0.893728 0.0881322 0.147265 0.00357183 0.000269091 
0.162537 0.893728 0.121346 0.187745 0.00616395 0.000414753 
0.177894 0.893728 0.158218 0.214623 0.00927109 0.000355937 
0.194538 0.893728 0.192668 0.235211 0.0130392 0.00044434 
0.211181 0.893728 0.225195 0.240655 0.0170224 0.000414959 
0.22907 0.893728 0.252692 0.237202 0.0213146 0.000431114 
0.246958 0.893728 0.276985 0.224446 0.0254609 0.000400432 
0.266013 0.893728 0.297424 0.207395 0.0295856 0.000356079 
0.285068 0.893728 0.315233 0.186642 0.0333495 0.000315052 
0.305174 0.893728 0.330921 0.166095 0.0369012 0.000235775 
0.32528 0.893728 0.34464 0.144793 0.0400316 0.000189922 
0.346282 0.893728 0.357383 0.125979 0.0428787 9.89634e-05 
0.367284 0.893728 0.368418 0.107336 0.0453318 5.62453e-05 
0.388994 0.893728 0.378855 0.0916105 0.0474944 -3.06214e-05 
0.410703 0.893728 0.387462 0.0760794 0.049317 -6.38992e-05 
0.432902 0.893728 0.395388 0.0630818 0.0508643 -0.000136924 
0.455101 0.893728 0.401259 0.0501028 0.0521226 -0.00015652 
0.477551 0.893728 0.406274 0.0390999 0.053126 -0.000209976 
0.5 0.893728 0.409081 0.0279807 0.0538804 -0.000213487 
0.522449 0.893728 0.41092 0.0183187 0.0544015 -0.000244614 
0.544899 0.893728 0.410498 0.00848061 0.0547031 -0.000231123 
0.567098 0.893728 0.409078 -0.000342581 0.0547941 -0.000239544 
0.589297 0.893728 0.405422 -0.00934171 0.0546866 -0.000209217 
0.611006 0.893728 0.400794 -0.017699 0.0543929 -0.00019653 
0.632716 0.893728 0.394008 -0.0261898 0.0539158 -0.000150184 
0.653718 0.893728 0.386298 -0.0343592 0.053279 -0.000119682 
0.67472 0.893728 0.376551 -0.0425849 0.0524695 -5.83251e-05 
0.694826 0.893728 0.365904 -0.0507716 0.0515294 -1.48429e-05 
0.714932 0.893728 0.353371 -0.058893 0.0504247 6.08712e-05 
0.733987 0.893728 0.339888 -0.0672268 0.0492208 0.000110954 
0.753042 0.893728 0.324695 -0.0752917 0.0478598 0.000201334 
0.77093 0.893728 0.308372 -0.0837889 0.046434 0.000249854 
0.788819 0.893728 0.290546 -0.0916569 0.0448607 0.000356718 
0.805462 0.893728 0.271285 -0.100163 0.0432607 0.000393199 
0.822106 0.893728 0.25082 -0.107436 0.0415278 0.000520085 
0.837463 0.893728 0.228635 -0.115664 0.0398102 0.000531223 
0.85282 0.893728 0.205791 -0.121853 0.0379798 0.000683109 
0.866881 0.893728 0.181293 -0.129708 0.0362063 0.00065338 
0.880943 0.893728 0.157158 -0.134843 0.0343386 0.000836148 
0.893728 0.893728 0.131948 -0.143937 0.0325519 0.00075083 
0.906513 0.893728 0.108484 -0.150143 0.0306637 0.000970517 
0.918063 0.893728 0.0854079 -0.163777 0.0288506 0.000822669 
0.929613 0.893728 0.0651064 -0.179139 0.0268653 0.00108402 
0.939988 0.893728 0.0456644 -0.211247 0.0248397 0.000874636 
0.950362 0.893728 0.0295701 -0.24696 0.022457 0.00117374 
0.959633 0.893728 0.0155325 -0.312803 0.0198913 0.000923859 
0.968903 0.893728 0.000184941 -0.423791 0.0165009 0.0012505 
0.977148 0.893728 -0.015007 -0.568063 0.0123862 0.000949465 
0.985394 0.893728 -0.0225804 -0.688835 0.00717755 0.00121606 
0.992697 0.893728 -0.00720016 -0.564621 0.00232543 0.00102677 
1 0.893728 0 0 0 0.00107373 

0 0.906513 0 0 0 0.00152328 
0.00730325 0.906513 -0.0035701 -0.0211142 -6.13895e-05 -0.000172519 
0.0146065 0.906513 5.38794e-05 -0.0193079 -0.000229809 0.00170323 
0.0228517 0.906513 0.0056455 -0.0437138 -0.00053587 -8.36252e-05 
0.031097 0.906513 0.00444937 -0.0242747 -0.000853914 0.00163644 
0.0403673 0.906513 0.00912063 -0.0270982 -0.00113085 -2.00955e-05 
0.0496377 0.906513 0.000385871 -0.00573813 -0.00130554 0.00143137 
0.0600123 0.906513 0.00488403 -0.00694694 -0.00140416 4.47054e-05 
0.0703869 0.906513 -0.00280166 0.0105221 -0.00140266 0.00119672 
0.0819372 0.906513 0.00371971 0.0142646 -0.00128365 0.000106353 
0.0934875 0.906513 -0.000840476 0.0297101 -0.00104021 0.000992769 
0.106272 0.906513 0.0100392 0.0412421 -0.00060727 0.00017065 
0.119057 0.906513 0.0139514 0.0641176 5.63975e-05 0.000837276 
0.133119 0.906513 0.0359843 0.0912788 0.00113935 0.000248656 
0.14718 0.906513 0.0551514 0.122949 0.00264268 0.00074727 
0.162537 0.906513 0.0909192 0.158175 0.00480877 0.000344417 
0.177894 0.906513 0.123443 0.18585 0.00745997 0.000721652 
0.194538 0.906513 0.16482 0.207857 0.0107502 0.00043082 
0.211181 0.906513 0.198937 0.217116 0.0143005 0.00070754 
0.22907 0.906513 0.235339 0.216935 0.0181896 0.000461606 
0.246958 0.906513 0.263524 0.207744 0.021995 0.000643287 
0.266013 0.906513 0.29199 0.193266 0.025814 0.000414175 
0.285068 0.906513 0.313589 0.174854 0.0293201 0.000516755 
0.305174 0.906513 0.335447 0.155973 0.0326401 0.000304674 
0.32528 0.906513 0.351963 0.136073 0.0355709 0.000352913 
0.346282 0.906513 0.36895 0.118372 0.0382368 0.000166366 
0.367284 0.906513 0.381679 0.10066 0.0405315 0.000183171 
0.388994 0.906513 0.394849 0.085866 0.0425518 2.91749e-05 
0.410703 0.906513 0.404321 0.0711523 0.0442521 3.11312e-05 
0.432902 0.906513 0.413983 0.0590798 0.045695 -8.62946e-05 
0.455101 0.906513 0.42018 0.0469431 0.0468693 -8.86717e-05 
0.477551 0.906513 0.426315 0.0368867 0.0478088 -0.000167578 
0.5 0.906513 0.429087 0.0266507 0.0485206 -0.000168678 
0.522449 0.906513 0.431675 0.0179446 0.0490205 -0.000208373 
0.544899 0.906513 0.430937 0.00901608 0.0493223 -0.000206475 
0.567098 0.906513 0.430059 0.0011562 0.0494349 -0.000206911 
0.589297 0.906513 0.425826 -0.00691947 0.0493704 -0.000203468 
0.611006 0.906513 0.421651 -0.0142892 0.04914 -0.00016466 
0.632716 0.906513 0.414 -0.0218505 0.0487473 -0.000163929 
0.653718 0.906513 0.406744 -0.0289685 0.0482135 -8.53421e-05 
0.67472 0.906513 0.395763 -0.0362663 0.0475282 -9.43571e-05 
0.694826 0.906513 0.385649 -0.0432657 0.0467285 2.57895e-05 
0.714932 0.906513 0.371383 -0.0504727 0.0457863 -3.07622e-06 
0.733987 0.906513 0.358588 -0.0573616 0.0447587 0.00016247 
0.753042 0.906513 0.340985 -0.0645548 0.0435977 9.99374e-05 
0.77093 0.906513 0.325622 -0.071162 0.0423838 0.000317704 
0.788819 0.906513 0.304545 -0.0782908 0.0410484 0.000202905 
0.805462 0.906513 0.28674 -0.0842237 0.0396962 0.000483738 
0.822106 0.906513 0.262116 -0.0911568 0.0382392 0.000291767 
0.837463 0.906513 0.242271 -0.0959109 0.0368036 0.000651878 
0.85282 0.906513 0.214454 -0.102786 0.0352823 0.000349894 
0.866881 0.906513 0.193642 -0.10621 0.0338154 0.000812662 
0.880943 0.906513 0.163888 -0.114195 0.0322738 0.000359124 
0.893728 0.906513 0.143915 -0.117708 0.0307978 0.000956728 
0.906513 0.906513 0.1142 -0.13057 0.0292255 0.000303346 
0.918063 0.906513 0.0976599 -0.137476 0.0276932 0.00107811 
0.929613 0.906513 0.0705762 -0.163437 0.0259829 0.000178165 
0.939988 0.906513 0.0574327 -0.186126 0.0241967 0.00117121 
0.950362 0.906513 0.0340728 -0.239144 0.0220324 -5.28791e-06 
0.959633 0.906513 0.0259623 -0.290439 0.0196402 0.00124794 
0.968903 0.906513 0.00471009 -0.412425 0.0164608 -0.000179806 
0.977148 0.906513 -0.010526 -0.543735 0.0125607 0.00129712 
0.985394 0.906513 -0.0233114 -0.711375 0.00743493 -0.000301836 
0.992697 0.906513 -0.0111626 -0.58565 0.00243452 0.00147535 
1 0.906513 0 0 0 -0.000212814 

0 0.918063 0 0 0 -0.000254281 
0.00730325 0.918063 0.00278368 -0.0142003 -6.27617e-05 0.000625999 
0.0146065 0.918063 0.00259226 -0.0434075 -0.000259468 -0.000386322 
0.0228517 0.918063 0.00122189 -0.0384976 -0.000579576 0.000563558 
0.031097 0.918063 0.00285715 -0.0428376 -0.000904883 -0.000314233 
0.0403673 0.918063 -0.00669019 -0.0162737 -0.0011449 0.00049324 
0.0496377 0.918063 -0.00767633 -0.0167505 -0.00127598 -0.000169919 
0.0600123 0.918063 -0.0155896 -0.000287131 -0.00134041 0.000442913 
0.0703869 0.918063 -0.0131307 0.000857457 -0.00132447 -2.37524e-05 
0.0819372 0.918063 -0.0178137 0.0169104 -0.00120201 0.000400288 
0.0934875 0.918063 -0.0135249 0.0205837 -0.000974291 0.000105819 
0.106272 0.918063 -0.0127641 0.0377228 -0.000591338 0.000380193 
0.119057 0.918063 -0.0032046 0.0504588 -2.39763e-05 0.000211491 
0.133119 0.918063 0.00880764 0.0773305 0.000882177 0.000392329 
0.14718 0.918063 0.0301753 0.100359 0.00213443 0.000312133 
0.162537 0.918063 0.0581823 0.133883 0.00394899 0.000444672 
0.177894 0.918063 0.093759 0.15689 0.00619453 0.000424606 
0.194538 0.918063 0.133035 0.180816 0.00902819 0.000509229 
0.211181 0.918063 0.173591 0.190381 0.0121388 0.000515071 
0.22907 0.918063 0.21283 0.193972 0.0155968 0.000527644 
0.246958 0.918063 0.248871 0.187086 0.0190243 0.000523296 
0.266013 0.918063 0.281632 0.175903 0.022496 0.000464722 
0.285068 0.918063 0.310107 0.159723 0.0257061 0.000439559 
0.305174 0.918063 0.33572 0.143184 0.0287593 0.000337054 
0.32528 0.918063 0.35733 0.12503 0.0314629 0.000300165 
0.346282 0.918063 0.376941 0.108957 0.0339255 0.000183402 
0.367284 0.918063 0.39303 0.0926054 0.0360467 0.000146853 
0.388994 0.918063 0.407722 0.079054 0.0379142 3.64619e-05 
0.410703 0.918063 0.419227 0.0654917 0.0394866 8.64437e-06 
0.432902 0.918063 0.429602 0.0544899 0.0408217 -8.36089e-05 
0.455101 0.918063 0.436978 0.0434057 0.0419109 -9.79247e-05 
0.477551 0.918063 0.443312 0.0343424 0.0427862 -0.000166107 
0.5 0.918063 0.446775 0.0251022 0.0434553 -0.000164589 
0.522449 0.918063 0.449237 0.0173486 0.0439335 -0.000206428 
0.544899 0.918063 0.448944 0.00938013 0.0442346 -0.000188329 
0.567098 0.918063 0.447696 0.00245208 0.0443667 -0.000204055 
0.589297 0.918063 0.443808 -0.00467355 0.0443422 -0.000169636 
0.611006 0.918063 0.439018 -0.0111164 0.0441708 -0.000161389 
0.632716 0.918063 0.431703 -0.0176959 0.0438574 -0.000111445 
0.653718 0.918063 0.423525 -0.0238799 0.0434198 -8.30059e-05 
0.67472 0.918063 0.41294 -0.0300957 0.0428515 -1.83672e-05 
0.694826 0.918063 0.401481 -0.0361506 0.0421838 2.48739e-05 
0.714932 0.918063 0.387752 -0.0420667 0.0413951 0.000103952 
0.733987 0.918063 0.373051 -0.0480199 0.0405343 0.000154768 
0.753042 0.918063 0.356275 -0.0535509 0.0395632 0.000249361 
0.77093 0.918063 0.338324 -0.059314 0.0385504 0.000298125 
0.788819 0.918063 0.31864 -0.0641969 0.0374414 0.000411506 
0.805462 0.918063 0.297516 -0.0696062 0.0363239 0.000445312 
0.822106 0.918063 0.275297 -0.0734801 0.0351276 0.000583897 
0.837463 0.918063 0.251419 -0.0785214 0.0339561 0.000585748 
0.85282 0.918063 0.227545 -0.0812877 0.0327223 0.000760291 
0.866881 0.918063 0.201913 -0.0866606 0.0315373 0.000709149 
0.880943 0.918063 0.177907 -0.0891871 0.0302932 0.000936233 
0.893728 0.918063 0.152009 -0.0972354 0.0290984 0.00080851 
0.906513 0.918063 0.129535 -0.102783 0.0278115 0.00111134 
0.918063 0.918063 0.105387 -0.118344 0.0265329 0.000885235 
0.929613 0.918063 0.0863017 -0.133081 0.025072 0.00129198 
0.939988 0.918063 0.0637523 -0.168049 0.0235114 0.000944263 
0.950362 0.918063 0.047172 -0.207581 0.0215549 0.00147465 
0.959633 0.918063 0.0303308 -0.275912 0.0193275 0.00101174 
0.968903 0.918063 0.0158292 -0.369226 0.0163401 0.00166316 
0.977148 0.918063 -0.00540313 -0.522767 0.012665 0.0010488 
0.985394 0.918063 -0.018254 -0.696101 0.00763672 0.00172309 
0.992697 0.918063 -0.0054259 -0.610053 0.00253679 0.00113563 
1 0.918063 0 0 0 0.00150951 

0 0.929613 0 0 0 0.00236974 
0.00730325 0.929613 -0.00955131 -0.024846 -5.81315e-05 -0.000658452 
0.0146065 0.929613 -0.00993764 -0.0137398 -0.000234076 0.00282048 
0.0228517 0.929613 -0.00328899 -0.046498 -0.000562855 -0.000488093 
0.031097 0.929613 -0.0197296 -0.00783475 -0.000838621 0.00252774 
0.0403673 0.929613 -0.0161142 -0.0146316 -0.00099867 -0.000321248 
0.0496377 0.929613 -0.0377541 0.0078209 -0.00105108 0.00204453 
0.0600123 0.929613 -0.0295829 -0.001676 -0.00106517 -0.00015618 
0.0703869 0.929613 -0.0454483 0.0140052 -0.0010196 0.00159673 
0.0819372 0.929613 -0.0363556 0.0146072 -0.000880132 -2.20908e-05 
0.0934875 0.929613 -0.0467991 0.0253818 -0.000656478 0.00125097 
0.106272 0.929613 -0.035215 0.0319774 -0.000308213 9.29636e-05 
0.119057 0.929613 -0.0373385 0.0458679 0.000182967 0.00101098 
0.133119 0.929613 -0.018581 0.0637087 0.000944154 0.000208451 
0.14718 0.929613 -0.00731833 0.0839184 0.00197987 0.000877305 
0.162537 0.929613 0.025031 0.109998 0.00347272 0.000346877 
0.177894 0.929613 0.0540109 0.130309 0.00532435 0.000839945 
0.194538 0.929613 0.0987512 0.152364 0.00768988 0.000484538 
0.211181 0.929613 0.138269 0.162634 0.0103236 0.000837925 
0.22907 0.929613 0.185422 0.168423 0.0132936 0.000559703 
0.246958 0.929613 0.224359 0.164388 0.0162777 0.000787096 
0.266013 0.929613 0.265265 0.156264 0.019333 0.000531798 
0.285068 0.929613 0.297632 0.142925 0.0221831 0.000657299 
0.305174 0.929613 0.329911 0.128937 0.024911 0.000417232 
0.32528 0.929613 0.35481 0.112968 0.0273378 0.000474998 
0.346282 0.929613 0.379221 0.0988014 0.0295552 0.000260666 
0.367284 0.929613 0.397567 0.0840656 0.0314696 0.000281333 
0.388994 0.929613 0.415461 0.0719653 0.033158 0.000103001 
0.410703 0.929613 0.428317 0.0596711 0.0345819 0.000107477 
0.432902 0.929613 0.440776 0.0498594 0.035794 -2.9443e-05 
0.455101 0.929613 0.448876 0.0398624 0.0367863 -2.91198e-05 
0.477551 0.929613 0.4566 0.0318456 0.0375889 -0.000122869 
0.5 0.929613 0.46037 0.0236034 0.0382089 -0.000120922 
0.522449 0.929613 0.463803 0.0168172 0.0386612 -0.000171555 
0.544899 0.929613 0.463492 0.00980624 0.0389585 -0.000166525 
0.567098 0.929613 0.462951 0.00381091 0.0391088 -0.000174677 
0.589297 0.929613 0.458715 -0.00236633 0.0391239 -0.000168402 
0.611006 0.929613 0.454457 -0.00786837 0.0390123 -0.000134475 
0.632716 0.929613 0.4464 -0.0134846 0.03878 -0.000131739 
0.653718 0.929613 0.438658 -0.018669 0.0384421 -5.518e-05 
0.67472 0.929613 0.426844 -0.0238893 0.0379949 -6.38747e-05 
0.694826 0.929613 0.41585 -0.0288184 0.0374649 5.76631e-05 
0.714932 0.929613 0.400314 -0.0337061 0.0368364 2.59078e-05 
0.733987 0.929613 0.386336 -0.0383166 0.03615 0.000197692 
0.753042 0.929613 0.367122 -0.0428321 0.0353769 0.000126298 
0.77093 0.929613 0.350551 -0.046921 0.0345737 0.000358099 
0.788819 0.929613 0.327802 -0.0509632 0.0336985 0.00022358 
0.805462 0.929613 0.309302 -0.0542322 0.0328223 0.000531977 
0.822106 0.929613 0.283398 -0.0578298 0.0318906 0.000301077 
0.837463 0.929613 0.264061 -0.0600878 0.0309845 0.00071279 
0.85282 0.929613 0.235723 -0.0638634 0.0300354 0.000338848 
0.866881 0.929613 0.217052 -0.0654779 0.0291268 0.000895051 
0.880943 0.929613 0.187254 -0.0714519 0.0281711 0.000314123 
0.893728 0.929613 0.170864 -0.0738806 0.0272477 0.00107501 
0.906513 0.929613 0.140315 -0.0867995 0.026237 0.000203787 
0.918063 0.929613 0.127632 -0.094097 0.0252059 0.0012515 
0.929613 0.929613 0.0975109 -0.121404 0.0239922 -8.80521e-06 
0.939988 0.929613 0.087356 -0.141336 0.0226627 0.00142042 
0.950362 0.929613 0.0561228 -0.203379 0.0209336 -0.000324633 
0.959633 0.929613 0.051211 -0.251722 0.0188794 0.00159575 
0.968903 0.929613 0.0230878 -0.366456 0.0161027 -0.000677485 
0.977148 0.929613 0.00729395 -0.488411 0.012671 0.00173188 
0.985394 0.929613 -0.0174317 -0.719918 0.0078069 -0.00092654 
0.992697 0.929613 -0.0119122 -0.621273 0.00261819 0.00201155 
1 0.929613 0 0 0 -0.000569313 

0 0.939988 0 0 0 -0.000401803 
0.00730325 0.939988 -0.00114924 -0.000331833 -1.13636e-05 0.000803851 
0.0146065 0.939988 -0.0144973 -0.0462217 -0.000147226 -0.000803814 
0.0228517 0.939988 -0.027337 -0.0264734 -0.000407714 0.000723508 
0.031097 0.939988 -0.0272105 -0.0299715 -0.000624692 -0.000642066 
0.0403673 0.939988 -0.045532 0.00579968 -0.000675572 0.000582509 
0.0496377 0.939988 -0.0459606 -0.00653253 -0.000643851 -0.000339796 
0.0600123 0.939988 -0.060749 0.0101612 -0.00058947 0.000480315 
0.0703869 0.939988 -0.0602084 0.00507084 -0.00049435 -8.40024e-05 
0.0819372 0.939988 -0.0704674 0.0204442 -0.000318359 0.000406979 
0.0934875 0.939988 -0.0677927 0.0174847 -8.35774e-05 0.000106639 
0.106272 0.939988 -0.0698957 0.031168 0.000244383 0.000375778 
0.119057 0.939988 -0.0627365 0.0357925 0.000680906 0.000249455 
0.133119 0.939988 -0.0540406 0.0545776 0.00132877 0.000393843 
0.14718 0.939988 -0.0368742 0.0669989 0.00219038 0.000374824 
0.162537 0.939988 -0.0118593 0.09034 0.00341303 0.000464366 
0.177894 0.939988 0.0205214 0.105146 0.0049248 0.000502935 
0.194538 0.939988 0.0611144 0.125897 0.00686814 0.000554389 
0.211181 0.939988 0.104974 0.134483 0.0090533 0.00060641 
0.22907 0.939988 0.152509 0.141971 0.0115455 0.000597153 
0.246958 0.939988 0.197507 0.139604 0.0140822 0.00062531 
0.266013 0.939988 0.241619 0.134338 0.0167066 0.000546462 
0.285068 0.939988 0.280251 0.123713 0.0191786 0.000541363 
0.305174 0.939988 0.316278 0.112363 0.0215614 0.000415744 
0.32528 0.939988 0.346415 0.0989063 0.0236939 0.000390275 
0.346282 0.939988 0.374003 0.0868061 0.0256507 0.000249729 
0.367284 0.939988 0.39627 0.0740968 0.0273461 0.000220312 
0.388994 0.939988 0.416503 0.0635733 0.0288454 8.86103e-05 
0.410703 0.939988 0.432119 0.0528823 0.0301135 6.63705e-05 
0.432902 0.939988 0.446142 0.0443296 0.0311963 -4.31437e-05 
0.455101 0.939988 0.456118 0.0356444 0.0320869 -5.24318e-05 
0.477551 0.939988 0.464771 0.0287085 0.032812 -0.000133693 
0.5 0.939988 0.469786 0.0215953 0.0333786 -0.000127569 
0.522449 0.939988 0.473632 0.0158035 0.0338002 -0.000178816 
0.544899 0.939988 0.474131 0.00981496 0.0340889 -0.000156644 
0.567098 0.939988 0.473561 0.00478591 0.0342518 -0.000178734 
0.589297 0.939988 0.469859 -0.00041875 0.0343006 -0.000140881 
0.611006 0.939988 0.465172 -0.00494542 0.0342423 -0.000136507 
0.632716 0.939988 0.457527 -0.00958881 0.034084 -8.38246e-05 
0.653718 0.939988 0.448979 -0.0137696 0.0338378 -5.725e-05 
0.67472 0.939988 0.437648 -0.0179637 0.0335033 9.41703e-06 
0.694826 0.939988 0.425493 -0.0218676 0.0331013 5.22907e-05 
0.714932 0.939988 0.410784 -0.0256116 0.032622 0.00013273 
0.733987 0.939988 0.39532 -0.02923 0.0320972 0.000183989 
0.753042 0.939988 0.377671 -0.032402 0.0315072 0.000279507 
0.77093 0.939988 0.359314 -0.0356762 0.0308955 0.000328499 
0.788819 0.939988 0.339393 -0.0380593 0.0302323 0.000443243 
0.805462 0.939988 0.318752 -0.04098 0.0295713 0.000475513 
0.822106 0.939988 0.29754 -0.0423973 0.0288727 0.000618602 
0.837463 0.939988 0.27541 -0.0452611 0.0281962 0.000614558 
0.85282 0.939988 0.254152 -0.0458859 0.0274904 0.000803593 
0.866881 0.939988 0.231291 -0.0497698 0.0268145 0.000736812 
0.880943 0.939988 0.211193 -0.0507373 0.0261003 0.00100287 
0.893728 0.939988 0.188043 -0.0580301 0.0254023 0.000838114 
0.906513 0.939988 0.169749 -0.0621363 0.0246247 0.00123218 
0.918063 0.939988 0.145814 -0.078894 0.0238064 0.00092145 
0.929613 0.939988 0.129852 -0.0912063 0.0228094 0.0015162 
0.939988 0.939988 0.104057 -0.124987 0.0216917 0.000995361 
0.950362 0.939988 0.0872469 -0.163252 0.0201838 0.00187286 
0.959633 0.939988 0.0618317 -0.239034 0.0183132 0.00108671 
0.968903 0.939988 0.0485937 -0.311854 0.0157311 0.00230745 
0.977148 0.939988 0.0167435 -0.463618 0.0125648 0.00114989 
0.985394 0.939988 -0.00423513 -0.675623 0.00787937 0.00261298 
0.992697 0.939988 -0.000368469 -0.640248 0.00268658 0.0012497 
1 0.939988 0 0 0 0.0022316 

0 0.950362 0 0 0 0.00335287 
0.00730325 0.950362 -0.0262577 0.000629444 8.08245e-05 -0.00156492 
0.0146065 0.950362 -0.0569317 0.0325245 0.000165927 0.00490655 
0.0228517 0.950362 -0.0485095 -0.0347851 5.69149e-06 -0.00125053 
0.031097 0.950362 -0.0860391 0.0219201 -0.000116415 0.00404386 
0.0403673 0.950362 -0.0616683 0.00400742 -8.8449e-05 -0.000801146 
0.0496377 0.950362 -0.0975482 0.0261198 2.97718e-05 0.00298684 
0.0600123 0.950362 -0.078729 0.0110654 0.000161157 -0.000447069 
0.0703869 0.950362 -0.107961 0.0242253 0.000324898 0.00214526 
0.0819372 0.950362 -0.0947165 0.0209652 0.00055853 -0.000188398 
0.0934875 0.950362 -0.11301 0.0240977 0.000814094 0.00157557 
0.106272 0.950362 -0.0984447 0.0278945 0.00113243 6.05787e-06 
0.119057 0.950362 -0.105579 0.0333873 0.00152128 0.00121498 
0.133119 0.950362 -0.0852626 0.0445855 0.00206394 0.000174803 
0.14718 0.950362 -0.0772079 0.0539476 0.00275594 0.00102184 
0.162537 0.950362 -0.0442962 0.0708699 0.00371613 0.000352258 
0.177894 0.950362 -0.0183133 0.0822395 0.00489476 0.000956307 
0.194538 0.950362 0.0279292 0.0994158 0.006416 0.000525901 
0.211181 0.950362 0.0689933 0.106598 0.00813841 0.000948316 
0.22907 0.950362 0.122526 0.114692 0.0101252 0.000633593 
0.246958 0.950362 0.168432 0.113874 0.0121744 0.000901409 
0.266013 0.950362 0.219258 0.11128 0.0143196 0.000624078 
0.285068 0.950362 0.260932 0.103392 0.016363 0.000769505 
0.305174 0.950362 0.303226 0.0948904 0.0183507 0.000508776 
0.32528 0.950362 0.336719 0.0840283 0.0201432 0.000573922 
0.346282 0.950362 0.36927 0.0742686 0.0217982 0.000338749 
0.367284 0.950362 0.394216 0.0636466 0.0232395 0.000361282 
0.388994 0.950362 0.417913 0.0549257 0.0245203 0.000164033 
0.410703 0.950362 0.435243 0.045874 0.0256088 0.000169099 
0.432902 0.950362 0.45142 0.0387335 0.0265436 1.65778e-05 
0.455101 0.950362 0.462218 0.0313833 0.027318 1.78684e-05 
0.477551 0.950362 0.472047 0.0256122 0.0279551 -8.80669e-05 
0.5 0.950362 0.477198 0.0196501 0.0284609 -8.45026e-05 
0.522449 0.950362 0.481592 0.0148775 0.0288471 -0.000144433 
0.544899 0.950362 0.481755 0.00993908 0.0291244 -0.000137334 
0.567098 0.950362 0.481421 0.00585183 0.0292991 -0.000152487 
0.589297 0.950362 0.477094 0.00165118 0.0293817 -0.000143994 
0.611006 0.950362 0.472616 -0.00196353 0.0293782 -0.000115175 
0.632716 0.950362 0.464204 -0.00561521 0.0292955 -0.000110468 
0.653718 0.950362 0.456124 -0.00887793 0.0291431 -3.72146e-05 
0.67472 0.950362 0.44399 -0.0120807 0.0289225 -4.48529e-05 
0.694826 0.950362 0.432877 -0.0150306 0.0286495 7.55778e-05 
0.714932 0.950362 0.417394 -0.0178055 0.0283186 4.26633e-05 
0.733987 0.950362 0.40392 -0.0204059 0.0279535 0.000216807 
0.753042 0.950362 0.385506 -0.0227143 0.0275414 0.000139457 
0.77093 0.950362 0.370527 -0.0248679 0.0271141 0.000380048 
0.788819 0.950362 0.349665 -0.0266812 0.0266513 0.000229803 
0.805462 0.950362 0.33428 -0.0282885 0.0261916 0.000559638 
0.822106 0.950362 0.311467 -0.0297708 0.0257069 0.000293977 
0.837463 0.950362 0.296967 -0.0308795 0.0252388 0.00075193 
0.85282 0.950362 0.272518 -0.0327552 0.0247502 0.000307276 
0.866881 0.950362 0.260166 -0.0337896 0.0242814 0.000957014 
0.880943 0.950362 0.233806 -0.0381195 0.0237806 0.000238884 
0.893728 0.950362 0.224639 -0.040176 0.023283 0.00118067 
0.906513 0.950362 0.195205 -0.050905 0.0227153 5.13174e-05 
0.918063 0.950362 0.188876 -0.0578916 0.0220982 0.00143459 
0.929613 0.950362 0.15451 -0.084321 0.0213097 -0.000298504 
0.939988 0.950362 0.151477 -0.0974568 0.0204025 0.00173911 
0.950362 0.950362 0.107216 -0.160223 0.0191408 -0.000846814 
0.959633 0.950362 0.10622 -0.207788 0.0174812 0.00212003 
0.968903 0.950362 0.0599231 -0.321834 0.01514 -0.00154928 
0.977148 0.950362 0.0489998 -0.41269 0.0122562 0.0025008 
0.985394 0.950362 -0.00254441 -0.702868 0.00787757 -0.00213198 
0.992697 0.950362 -0.00989423 -0.631793 0.0027049 0.00291665 
1 0.950362 0 0 0 -0.000821204 

0 0.959633 0 0 0 3.67422e-05 
0.00730325 0.959633 -0.0147057 0.070222 0.000286069 0.00102672 
0.0146065 0.959633 -0.0546942 -0.00561835 0.000623887 -0.00150711 
0.0228517 0.959633 -0.0872415 0.00367123 0.000697396 0.000984767 
0.031097 0.959633 -0.077912 -0.0244114 0.000620037 -0.00112832 
0.0403673 0.959633 -0.106377 0.0272863 0.000732048 0.000672133 
0.0496377 0.959633 -0.102037 0.0036755 0.000921626 -0.00052477 
0.0600123 0.959633 -0.122654 0.0249743 0.0011201 0.000485451 
0.0703869 0.959633 -0.120837 0.0151913 0.00134978 -0.000112096 
0.0819372 0.959633 -0.133338 0.0279651 0.00163436 0.000380851 
0.0934875 0.959633 -0.132619 0.0180576 0.00191936 0.000146924 
0.106272 0.959633 -0.136044 0.0278323 0.00223448 0.000348212 
0.119057 0.959633 -0.130828 0.0253069 0.00258611 0.000312559 
0.133119 0.959633 -0.121374 0.0361241 0.00303259 0.00037968 
0.14718 0.959633 -0.105164 0.0391691 0.00357055 0.000446951 
0.162537 0.959633 -0.078707 0.0530423 0.00429091 0.000468302 
0.177894 0.959633 -0.0471584 0.0601086 0.00516836 0.000577399 
0.194538 0.959633 -0.00403435 0.0743743 0.00630337 0.000576729 
0.211181 0.959633 0.0413274 0.0797547 0.00759973 0.000678515 
0.22907 0.959633 0.0942356 0.0876504 0.00911309 0.000634611 
0.246958 0.959633 0.144521 0.0879393 0.0106986 0.00069535 
0.266013 0.959633 0.19685 0.0871516 0.0123799 0.000593181 
0.285068 0.959633 0.243019 0.0819198 0.0140032 0.000608037 
0.305174 0.959633 0.287723 0.0758331 0.0155989 0.000463196 
0.32528 0.959633 0.325179 0.0678343 0.0170523 0.000449355 
0.346282 0.959633 0.359985 0.0603055 0.0184052 0.000291369 
0.367284 0.959633 0.38795 0.0521613 0.0195928 0.000269059 
0.388994 0.959633 0.413316 0.0452661 0.020656 0.000122237 
0.410703 0.959633 0.432748 0.038201 0.0215669 0.00010509 
0.432902 0.959633 0.450019 0.0325171 0.0223562 -1.65895e-05 
0.455101 0.959633 0.462261 0.0267384 0.0230176 -2.1705e-05 
0.477551 0.959633 0.472794 0.0221589 0.0235698 -0.000112187 
0.5 0.959633 0.479032 0.0174635 0.0240173 -0.000102541 
0.522449 0.959633 0.483932 0.0137141 0.0243697 -0.000160463 
0.544899 0.959633 0.485094 0.00983147 0.0246358 -0.000135441 
0.567098 0.959633 0.485219 0.00666941 0.0248204 -0.000162131 
0.589297 0.959633 0.482031 0.00338136 0.0249331 -0.000122176 
0.611006 0.959633 0.478069 0.000638697 0.0249774 -0.000120738 
0.632716 0.959633 0.471143 -0.00219799 0.0249608 -6.67777e-05 
0.653718 0.959633 0.463694 -0.00462066 0.0248892 -4.18227e-05 
0.67472 0.959633 0.453611 -0.00707638 0.0247661 2.52148e-05 
0.694826 0.959633 0.443254 -0.00922338 0.0246017 6.74744e-05 
0.714932 0.959633 0.430635 -0.0112982 0.0243946 0.00014729 
0.733987 0.959633 0.417973 -0.0131741 0.0241603 0.000198629 
0.753042 0.959633 0.403536 -0.0148028 0.0238924 0.000292541 
0.77093 0.959633 0.389222 -0.0164051 0.0236118 0.00034198 
0.788819 0.959633 0.373806 -0.0174853 0.0233066 0.000454627 
0.805462 0.959633 0.358501 -0.0188909 0.0230021 0.000487245 
0.822106 0.959633 0.343026 -0.0193623 0.0226809 0.000629686 
0.837463 0.959633 0.327223 -0.0209221 0.0223694 0.000624686 
0.85282 0.959633 0.312532 -0.0209321 0.0220438 0.000819986 
0.866881 0.959633 0.296244 -0.0235874 0.0217284 0.000747182 
0.880943 0.959633 0.282806 -0.0238659 0.0213885 0.00104011 
0.893728 0.959633 0.265072 -0.029823 0.0210418 0.000853311 
0.906513 0.959633 0.252827 -0.0314778 0.0206389 0.00132585 
0.918063 0.959633 0.231033 -0.0465165 0.0201843 0.000949064 
0.929613 0.959633 0.218783 -0.0552246 0.0195786 0.00174022 
0.939988 0.959633 0.190434 -0.0842815 0.0188536 0.00105165 
0.950362 0.959633 0.176863 -0.109009 0.0178243 0.00236781 
0.959633 0.959633 0.135735 -0.19355 0.0163964 0.00118544 
0.968903 0.959633 0.120551 -0.242908 0.014299 0.00331746 
0.977148 0.959633 0.0624001 -0.3827 0.011775 0.00130868 
0.985394 0.959633 0.030319 -0.604298 0.00770185 0.00417715 
0.992697 0.959633 0.00966414 -0.640264 0.00271539 0.00146069 
1 0.959633 0 0 0 0.00316446 

0 0.968903 0 0 0 -5.63916e-06 
0.00730325 0.968903 -0.0264832 0.0795306 0.00043066 -0.00260541 
0.0146065 0.968903 -0.0997815 0.140093 0.00124044 0.00802457 
0.0228517 0.968903 -0.0380832 -0.0195051 0.00140177 -0.00259513 
0.031097 0.968903 -0.130431 0.055683 0.0014527 0.00641327 
0.0403673 0.968903 -0.0838475 0.0262055 0.001708 -0.0015496 
0.0496377 0.968903 -0.161501 0.0455575 0.00203238 0.00423089 
0.0600123 0.968903 -0.13155 0.0269896 0.00235342 -0.000829462 
0.0703869 0.968903 -0.176074 0.0327744 0.00264817 0.00278494 
0.0819372 0.968903 -0.153055 0.0302016 0.0029961 -0.000375973 
0.0934875 0.968903 -0.181137 0.0255867 0.00331757 0.00191036 
0.106272 0.968903 -0.163428 0.0266281 0.00364625 -8.24005e-05 
0.119057 0.968903 -0.176248 0.0233506 0.00396592 0.00140338 
0.133119 0.968903 -0.154584 0.0278811 0.00432733 0.000144851 
0.14718 0.968903 -0.150728 0.0274665 0.00471863 0.00114358 
0.162537 0.968903 -0.117979 0.0359423 0.00521012 0.000357994 
0.177894 0.968903 -0.0945626 0.0392687 0.00579047 0.00104933 
0.194538 0.968903 -0.0471959 0.0500021 0.00654085 0.000558038 
0.211181 0.968903 -0.00633166 0.0535735 0.00740683 0.00102935 
0.22907 0.968903 0.0503479 0.0611153 0.00843672 0.000686759 
0.246958 0.968903 0.0995525 0.0622077 0.00954014 0.000981386 
0.266013 0.968903 0.156078 0.063379 0.0107337 0.000691268 
0.285068 0.968903 0.203431 0.0605272 0.0119089 0.000848647 
0.305174 0.968903 0.252403 0.057087 0.0130829 0.000577735 
0.32528 0.968903 0.292049 0.0517387 0.0141679 0.000645554 
0.346282 0.968903 0.330801 0.0466216 0.0151907 0.000399229 
0.367284 0.968903 0.361254 0.0407699 0.0160985 0.000420431 
0.388994 0.968903 0.390218 0.0357941 0.0169202 0.000212084 
0.410703 0.968903 0.412244 0.0305466 0.0176313 0.00021525 
0.432902 0.968903 0.432932 0.026336 0.0182547 5.29724e-05 
0.455101 0.968903 0.447885 0.0219834 0.0187835 5.31725e-05 
0.477551 0.968903 0.461819 0.0185534 0.0192321 -6.07837e-05 
0.5 0.968903 0.470914 0.0150115 0.0196027 -5.729e-05 
0.522449 0.968903 0.479306 0.0121962 0.0199029 -0.000123695 
0.544899 0.968903 0.483469 0.00929151 0.0201391 -0.000115826 
0.567098 0.968903 0.487245 0.00692403 0.0203149 -0.000136265 
0.589297 0.968903 0.487166 0.00450445 0.0204376 -0.000126387 
0.611006 0.968903 0.487074 0.00246391 0.0205097 -0.000101978 
0.632716 0.968903 0.483309 0.000424485 0.0205375 -9.5503e-05 
0.653718 0.968903 0.480024 -0.00136184 0.0205247 -2.5951e-05 
0.67472 0.968903 0.473061 -0.00307919 0.0204749 -3.17898e-05 
0.694826 0.968903 0.467268 -0.0046416 0.0203946 8.57599e-05 
0.714932 0.968903 0.457572 -0.00605515 0.0202841 5.39318e-05 
0.733987 0.968903 0.450031 -0.00738638 0.0201535 0.000226708 
0.753042 0.968903 0.43805 -0.00849126 0.0199995 0.000148085 
0.77093 0.968903 0.429656 -0.0095573 0.0198356 0.000390777 
0.788819 0.968903 0.415771 -0.0103711 0.0196547 0.000233331 
0.805462 0.968903 0.407572 -0.0111461 0.0194734 0.000573426 
0.822106 0.968903 0.391949 -0.0118147 0.0192802 0.000287008 
0.837463 0.968903 0.385102 -0.0123616 0.0190926 0.000773913 
0.85282 0.968903 0.36738 -0.0133887 0.0188941 0.000278552 
0.866881 0.968903 0.363078 -0.0139864 0.018701 0.000998917 
0.880943 0.968903 0.341902 -0.0166838 0.0184879 0.000164856 
0.893728 0.968903 0.341026 -0.0181881 0.0182666 0.00126784 
0.906513 0.968903 0.313545 -0.0252698 0.0179984 -0.000118283 
0.918063 0.968903 0.316804 -0.0300271 0.0176889 0.00161925 
0.929613 0.968903 0.276805 -0.0509785 0.0172495 -0.000667298 
0.939988 0.968903 0.285035 -0.0590898 0.0167087 0.00213268 
0.950362 0.968903 0.224984 -0.109901 0.015905 -0.00161157 
0.959633 0.968903 0.235774 -0.147886 0.0147546 0.00290735 
0.968903 0.968903 0.134826 -0.25812 0.0130294 -0.00299532 
0.977148 0.968903 0.14089 -0.300234 0.0109102 0.00389244 
0.985394 0.968903 0.0207275 -0.643666 0.00740637 -0.0040793 
0.992697 0.968903 0.00719489 -0.595086 0.00258883 0.00414109 
1 0.968903 0 0 0 0.00235814 

0 0.977148 0 0 0 0.00471543 
0.00730325 0.977148 -0.0233401 0.159875 0.000682149 0.000580779 
0.0146065 0.977148 -0.0105033 -6.67109e-05 0.00142196 -0.00235169 
0.0228517 0.977148 -0.0716302 0.0494487 0.0018459 0.00131348 
0.031097 0.977148 -0.0525076 -0.00112899 0.00206985 -0.00163657 
0.0403673 0.977148 -0.116972 0.0721341 0.00256731 0.000765491 
0.0496377 0.977148 -0.115759 0.0295832 0.0031222 -0.000595082 
0.0600123 0.977148 -0.143233 0.0441659 0.00356335 0.000437373 
0.0703869 0.977148 -0.142735 0.0255203 0.0039539 -4.35426e-05 
0.0819372 0.977148 -0.149746 0.0348835 0.00434081 0.000311065 
0.0934875 0.977148 -0.148114 0.0229778 0.00469908 0.000230737 
0.106272 0.977148 -0.146448 0.0256347 0.00502989 0.000294194 
0.119057 0.977148 -0.14245 0.0188787 0.00532776 0.000388612 
0.133119 0.977148 -0.132129 0.0210484 0.00562009 0.000351517 
0.14718 0.977148 -0.121161 0.017948 0.00590237 0.00051547 
0.162537 0.977148 -0.0991742 0.0219481 0.00621517 0.000460615 
0.177894 0.977148 -0.0755979 0.0224316 0.00656097 0.000636821 
0.194538 0.977148 -0.0384595 0.0289536 0.00699537 0.00058028 
0.211181 0.977148 -0.000217436 0.0311295 0.00750225 0.000723589 
0.22907 0.977148 0.0487401 0.0366932 0.0081167 0.000643205 
0.246958 0.977148 0.096274 0.0383615 0.00879679 0.000728418 
0.266013 0.977148 0.149091 0.0400342 0.009552 0.00060544 
0.285068 0.977148 0.197086 0.0392704 0.0103168 0.000634845 
0.305174 0.977148 0.245861 0.0375605 0.0110971 0.000477509 
0.32528 0.977148 0.28799 0.0347494 0.0118323 0.000472109 
0.346282 0.977148 0.328702 0.0315499 0.0125355 0.000304823 
0.367284 0.977148 0.362632 0.0280006 0.0131678 0.000287493 
0.388994 0.977148 0.39461 0.0246806 0.0137456 0.000132941 
0.410703 0.977148 0.420501 0.0212938 0.0142502 0.000119136 
0.432902 0.977148 0.444613 0.0184064 0.0146956 -8.83614e-06 
0.455101 0.977148 0.463514 0.0155087 0.0150764 -1.13517e-05 
0.477551 0.977148 0.480963 0.0131383 0.0154015 -0.000106668 
0.5 0.977148 0.493976 0.0107443 0.0156729 -9.48973e-05 
0.522449 0.977148 0.505834 0.00881201 0.015895 -0.000156311 
0.544899 0.977148 0.513873 0.00683569 0.0160729 -0.000129632 
0.567098 0.977148 0.521008 0.00524124 0.0162087 -0.000158653 
0.589297 0.977148 0.524814 0.00359006 0.0163081 -0.000117567 
0.611006 0.977148 0.527942 0.00225597 0.0163725 -0.000117482 
0.632716 0.977148 0.528152 0.000859473 0.0164071 -6.29815e-05 
0.653718 0.977148 0.52791 -0.000262008 0.0164136 -3.85515e-05 
0.67472 0.977148 0.525124 -0.0014473 0.0163959 2.83697e-05 
0.694826 0.977148 0.522114 -0.00237634 0.0163572 7.07998e-05 
0.714932 0.977148 0.51695 -0.00336908 0.0162993 0.000149793 
0.733987 0.977148 0.511767 -0.00410281 0.0162275 0.00020186 
0.753042 0.977148 0.504894 -0.00490472 0.0161412 0.000294303 
0.77093 0.977148 0.498127 -0.00543031 0.016048 0.000344822 
0.788819 0.977148 0.490267 -0.00604674 0.0159448 0.000455795 
0.805462 0.977148 0.482439 -0.00638156 0.0158406 0.000489435 
0.822106 0.977148 0.474333 -0.00686338 0.0157297 0.000631434 
0.837463 0.977148 0.46575 -0.00715182 0.0156214 0.000626444 
0.85282 0.977148 0.458032 -0.00766277 0.0155068 0.000826307 
0.866881 0.977148 0.44849 -0.00841323 0.015393 0.000750241 
0.880943 0.977148 0.441511 -0.00925725 0.0152669 0.00106209 
0.893728 0.977148 0.429701 -0.0119395 0.0151299 0.000862861 
0.906513 0.977148 0.423272 -0.0137105 0.0149604 0.00139156 
0.918063 0.977148 0.406316 -0.0219004 0.0147525 0.000979496 
0.929613 0.977148 0.398595 -0.0275752 0.0144544 0.00192676 
0.939988 0.977148 0.370281 -0.0477727 0.0140533 0.00114014 
0.950362 0.977148 0.359547 -0.0559892 0.0134819 0.00287875 
0.959633 0.977148 0.299621 -0.12493 0.0125922 0.00138744 
0.968903 0.977148 0.275821 -0.124352 0.0113143 0.00457743 
0.977148 0.977148 0.154973 -0.261966 0.00977616 0.0017299 
0.985394 0.977148 0.102828 -0.436798 0.00676386 0.00617434 
0.992697 0.977148 0.0135447 -0.589597 0.00255437 0.00239618 
1 0.977148 0 0 0 0.000955202 

0 0.985394 0 0 0 -0.043768 
0.00730325 0.985394 0.017929 0.136577 0.000746414 -9.72472e-05 
0.0146065 0.985394 -0.325056 0.217634 0.00222429 0.00849835 
0.0228517 0.985394 -0.0638025 -0.00457268 0.00260325 -0.00408775 
0.031097 0.985394 -0.238171 0.117193 0.00283855 0.00911707 
0.0403673 0.985394 -0.0897195 0.0660491 0.00355415 -0.00227732 
0.0496377 0.985394 -0.148348 0.0568661 0.0040345 0.00559944 
0.0600123 0.985394 -0.058271 0.0425489 0.00450897 -0.0011176 
0.0703869 0.985394 -0.087283 0.031358 0.00484328 0.00339939 
0.0819372 0.985394 -0.0286826 0.0308405 0.00518842 -0.000464024 
0.0934875 0.985394 -0.0374643 0.0219819 0.00546829 0.00218493 
0.106272 0.985394 0.00278982 0.0211263 0.00573469 -0.000103197 
0.119057 0.985394 0.00182131 0.014709 0.00594734 0.00153136 
0.133119 0.985394 0.0316425 0.0144125 0.00614784 0.000144054 
0.14718 0.985394 0.0360733 0.0101617 0.00631278 0.00120693 
0.162537 0.985394 0.0624369 0.0111867 0.00647757 0.000363197 
0.177894 0.985394 0.0741331 0.00935979 0.00663449 0.0010867 
0.194538 0.985394 0.104681 0.0127817 0.00682425 0.000572491 
0.211181 0.985394 0.128159 0.0131094 0.00704227 0.00106129 
0.22907 0.985394 0.166995 0.0170166 0.007316 0.000715831 
0.246958 0.985394 0.202131 0.0181243 0.00762997 0.00102073 
0.266013 0.985394 0.247555 0.0202093 0.00799327 0.000734713 
0.285068 0.985394 0.288537 0.0203342 0.00837358 0.000896723 
0.305174 0.985394 0.33447 0.0202049 0.00877288 0.000627826 
0.32528 0.985394 0.374341 0.0190341 0.00915745 0.000695236 
0.346282 0.985394 0.41543 0.0176373 0.00953143 0.000446891 
0.367284 0.985394 0.449835 0.0158177 0.00987204 0.000464938 
0.388994 0.985394 0.483629 0.0140798 0.0101858 0.000252257 
0.410703 0.985394 0.511077 0.0122085 0.0104618 0.000251759 
0.432902 0.985394 0.537323 0.0105922 0.010706 8.46206e-05 
0.455101 0.985394 0.557966 0.00894201 0.0109156 8.1801e-05 
0.477551 0.985394 0.577399 0.00757835 0.0110945 -3.67006e-05 
0.5 0.985394 0.591992 0.00620731 0.0112441 -3.52498e-05 
0.522449 0.985394 0.605597 0.00508694 0.0113664 -0.000105709 
0.544899 0.985394 0.614993 0.00396831 0.0114647 -9.89086e-05 
0.567098 0.985394 0.623729 0.00304616 0.0115397 -0.000123025 
0.589297 0.985394 0.628717 0.00213542 0.0115953 -0.000113308 
0.611006 0.985394 0.633455 0.00136938 0.0116318 -9.24108e-05 
0.632716 0.985394 0.634737 0.000628357 0.0116525 -8.52196e-05 
0.653718 0.985394 0.636283 -1.01195e-05 0.0116584 -1.92456e-05 
0.67472 0.985394 0.634488 -0.000607616 0.0116515 -2.34907e-05 
0.694826 0.985394 0.633624 -0.00113111 0.011634 9.02065e-05 
0.714932 0.985394 0.629316 -0.00160153 0.0116065 6.08351e-05 
0.733987 0.985394 0.626846 -0.0020055 0.0115725 0.000229371 
0.753042 0.985394 0.620516 -0.00236604 0.0115309 0.000153915 
0.77093 0.985394 0.617296 -0.00262959 0.0114868 0.000392153 
0.788819 0.985394 0.609296 -0.0029249 0.0114371 0.000237978 
0.805462 0.985394 0.606259 -0.00301852 0.0113886 0.000574399 
0.822106 0.985394 0.596639 -0.00337879 0.0113353 0.000289338 
0.837463 0.985394 0.594784 -0.00328468 0.0112858 0.000776701 
0.85282 0.985394 0.582956 -0.00403876 0.01123 0.000274355 
0.866881 0.985394 0.58331 -0.00381797 0.0111779 0.0010096 
0.880943 0.985394 0.567386 -0.00568959 0.011113 0.000140519 
0.893728 0.985394 0.571075 -0.00561707 0.0110477 0.001303 
0.906513 0.985394 0.546534 -0.0104911 0.0109514 -0.000205097 
0.918063 0.985394 0.555044 -0.0111535 0.0108427 0.00172521 
0.929613 0.985394 0.512 -0.0239607 0.0106594 -0.000929203 
0.939988 0.985394 0.526427 -0.0267076 0.0104282 0.00242463 
0.950362 0.985394 0.446483 -0.0525802 0.0100557 -0.00230853 
0.959633 0.985394 0.463986 -0.0672266 0.00957022 0.00366938 
0.968903 0.985394 0.297726 -0.147613 0.00869286 -0.00462748 
0.977148 0.985394 0.349413 -0.101574 0.00795719 0.00562491 
0.985394 0.985394 -0.0449429 -0.48394 0.00617412 -0.00379685 
0.992697 0.985394 0.0732909 -0.497924 0.00222403 0.00257288 
1 0.985394 0 0 0 0.0385363 

0 0.992697 0 0 0 0.0520406 
0.00730325 0.992697 -0.165512 0.399783 0.00212044 -0.00569784 
0.0146065 0.992697 0.0692195 -0.166505 0.00355497 0.00283649 
0.0228517 0.992697 0.0364259 0.0384453 0.00324263 -1.59722e-05 
0.031097 0.992697 0.0919639 0.0157378 0.00363891 -0.000892989 
0.0403673 0.992697 0.142662 0.0218181 0.00379815 0.000302592 
0.0496377 0.992697 0.192126 0.0253144 0.00405894 -0.000435794 
0.0600123 0.992697 0.231928 0.0108394 0.00421047 0.000193121 
0.0703869 0.992697 0.261285 0.0169818 0.00436889 1.7477e-05 
0.0819372 0.992697 0.293384 0.00784804 0.0044868 0.000178958 
0.0934875 0.992697 0.315065 0.0110186 0.00460607 0.000254056 
0.106272 0.992697 0.340779 0.00558274 0.00469624 0.000215843 
0.119057 0.992697 0.355728 0.00676123 0.00478324 0.000405399 
0.133119 0.992697 0.375452 0.00380007 0.00484675 0.000309969 
0.14718 0.992697 0.385581 0.00413029 0.00490857 0.0005375 
0.162537 0.992697 0.401226 0.00280623 0.00495355 0.000445003 
0.177894 0.992697 0.40976 0.00308086 0.00500287 0.000664148 
0.194538 0.992697 0.425917 0.00319281 0.00504869 0.000577918 
0.211181 0.992697 0.43885 0.00376878 0.00510999 0.000745197 
0.22907 0.992697 0.460464 0.00448402 0.00518008 0.000641496 
0.246958 0.992697 0.481359 0.00514409 0.00526995 0.000737882 
0.266013 0.992697 0.509557 0.00557595 0.00537118 0.000599793 
0.285068 0.992697 0.536585 0.00585766 0.00548463 0.000635038 
0.305174 0.992697 0.567707 0.00573058 0.00560206 0.000469748 
0.32528 0.992697 0.595925 0.00555157 0.00572022 0.000468633 
0.346282 0.992697 0.625315 0.00507608 0.00583339 0.000297564 
0.367284 0.992697 0.650622 0.00464418 0.00593985 0.000283788 
0.388994 0.992697 0.675488 0.00408001 0.00603599 0.000127402 
0.410703 0.992697 0.696004 0.0035919 0.006123 0.000116514 
0.432902 0.992697 0.715531 0.00307653 0.00619802 -1.23931e-05 
0.455101 0.992697 0.730984 0.00262773 0.00626436 -1.25841e-05 
0.477551 0.992697 0.745438 0.00220103 0.00631905 -0.000108356 
0.5 0.992697 0.756284 0.00181714 0.00636652 -9.48086e-05 
0.522449 0.992697 0.766326 0.00147665 0.00640351 -0.00015636 
0.544899 0.992697 0.773235 0.0011532 0.00643484 -0.000128425 
0.567098 0.992697 0.779589 0.00088638 0.00645708 -0.000157333 
0.589297 0.992697 0.783238 0.000609693 0.00647507 -0.000115496 
0.611006 0.992697 0.786587 0.000406713 0.00648537 -0.000115068 
0.632716 0.992697 0.787608 0.000161103 0.00649264 -6.03278e-05 
0.653718 0.992697 0.78857 1.94362e-05 0.00649352 -3.53275e-05 
0.67472 0.992697 0.787552 -0.000212392 0.00649251 3.12959e-05 
0.694826 0.992697 0.786687 -0.000284986 0.00648627 7.45205e-05 
0.714932 0.992697 0.784197 -0.000525802 0.00647926 0.000152664 
0.733987 0.992697 0.782011 -0.0005068 0.00646802 0.0002057 
0.753042 0.992697 0.77861 -0.000794511 0.00645719 0.000296855 
0.77093 0.992697 0.775544 -0.000638952 0.00644285 0.000348322 
0.788819 0.992697 0.771789 -0.00104753 0.00643017 0.000458127 
0.805462 0.992697 0.768151 -0.000674658 0.0064143 0.000492112 
0.822106 0.992697 0.764563 -0.00135765 0.00640125 0.000634804 
0.837463 0.992697 0.760374 -0.000625546 0.00638459 0.000628032 
0.85282 0.992697 0.757341 -0.00190317 0.00637145 0.000834989 
0.866881 0.992697 0.752024 -0.000564507 0.00635301 0.000751403 
0.880943 0.992697 0.749594 -0.00309366 0.0063374 0.00108735 
0.893728 0.992697 0.741455 -0.000704467 0.00631291 0.000867272 
0.906513 0.992697 0.738899 -0.00591748 0.00628707 0.00146146 
0.918063 0.992697 0.723868 -0.00166242 0.00624473 0.00100223 
0.929613 0.992697 0.718878 -0.0123656 0.00619042 0.00210489 
0.939988 0.992697 0.687522 -0.00538368 0.00609837 0.00122617 
0.950362 0.992697 0.675663 -0.02296 0.00598997 0.00324872 
0.959633 0.992697 0.613217 -0.0172956 0.00579484 0.00164948 
0.968903 0.992697 0.577512 -0.038522 0.00558419 0.00495357 
0.977148 0.992697 0.467114 -0.0415706 0.00516395 0.00276806 
0.985394 0.992697 0.417888 0.0477507 0.00505589 0.00378208 
0.992697 0.992697 -0.0177207 -0.515216 0.00270447 0.00829149 
1 0.992697 0 0 0 -0.0337432 

0 1 0 0 0 -0.417941 
0.00730325 1 1 0 0 0.0461022 
0.0146065 1 1 0 0 -0.0391888 
0.0228517 1 1 0 0 0.00087991 
0.031097 1 1 0 0 0.00371068 
0.0403673 1 1 0 0 -0.00116662 
0.0496377 1 1 0 0 0.00474315 
0.0600123 1 1 0 0 -0.000724065 
0.0703869 1 1 0 0 0.0031866 
0.0819372 1 1 0 0 -0.000266253 
0.0934875 1 1 0 0 0.00211754 
0.106272 1 1 0 0 3.66205e-06 
0.119057 1 1 0 0 0.00150998 
0.133119 1 1 0 0 0.000198773 
0.14718 1 1 0 0 0.00119662 
0.162537 1 1 0 0 0.000385557 
0.177894 1 1 0 0 0.0010753 
0.194538 1 1 0 0 0.000580488 
0.211181 1 1 0 0 0.00105454 
0.22907 1 1 0 0 0.000726417 
0.246958 1 1 0 0 0.00102652 
0.266013 1 1 0 0 0.000755405 
0.285068 1 1 0 0 0.000915093 
0.305174 1 1 0 0 0.000655031 
0.32528 1 1 0 0 0.000719269 
0.346282 1 1 0 0 0.000473873 
0.367284 1 1 0 0 0.000488088 
0.388994 1 1 0 0 0.000274942 
0.410703 1 1 0 0 0.00027084 
0.432902 1 1 0 0 0.000101902 
0.455101 1 1 0 0 9.61623e-05 
0.477551 1 1 0 0 -2.44185e-05 
0.5 1 1 0 0 -2.51179e-05 
0.522449 1 1 0 0 -9.75702e-05 
0.544899 1 1 0 0 -9.21973e-05 
0.567098 1 1 0 0 -0.000118183 
0.589297 1 1 0 0 -0.000109214 
0.611006 1 1 0 0 -9.01596e-05 
0.632716 1 1 0 0 -8.30253e-05 
0.653718 1 1 0 0 -1.90361e-05 
0.67472 1 1 0 0 -2.25351e-05 
0.694826 1 1 0 0 8.87896e-05 
0.714932 1 1 0 0 6.12215e-05 
0.733987 1 1 0 0 0.000226622 
0.753042 1 1 0 0 0.000154528 
0.77093 1 1 0 0 0.000388216 
0.788819 1 1 0 0 0.000239965 
0.805462 1 1 0 0 0.000569119 
0.822106 1 1 0 0 0.000294715 
0.837463 1 1 0 0 0.000769131 
0.85282 1 1 0 0 0.000287561 
0.866881 1 1 0 0 0.000996509 
0.880943 1 1 0 0 0.000173214 
0.893728 1 1 0 0 0.00127454 
0.906513 1 1 0 0 -0.000115346 
0.918063 1 1 0 0 0.0016475 
0.929613 1 1 0 0 -0.000625265 
0.939988 1 1 0 0 0.00215462 
0.950362 1 1 0 0 -0.00104243 
0.959633 1 1 0 0 0.00260063 
0.968903 1 1 0 0 0.0015977 
0.977148 1 1 0 0 0.000465151 
0.985394 1 1 0 0 0.0391844 
0.992697 1 1 0 0 -0.0354499 
1 1 0 0 0 0.367293 
# primary vortex: psi = 0.122367 at 0.522449 0.544899
# lower left vortex: psi = -0.00134532 at 0.0703869 0.133119
# lower right vortex: psi = -0.0032116 at 0.805462 0.0703869
